y_pred,y_true,abs_error,squared_error,smape,dataset,scenario,horizon
55.164272,45.0,10.164272,103.31243,20.295204,disease,weather,1
68.15478,36.0,32.154778,1033.9297,61.74422,disease,weather,1
43.84152,39.0,4.8415184,23.4403,11.688627,disease,weather,1
45.56926,33.0,12.56926,157.98628,31.995361,disease,weather,1
31.274181,46.0,14.725819,216.84973,38.113167,disease,weather,1
39.149475,61.0,21.850525,477.44543,43.635826,disease,weather,1
61.03651,40.0,21.03651,442.53476,41.641403,disease,weather,1
37.113407,86.0,48.886593,2389.899,79.417175,disease,weather,1
42.702602,85.0,42.297398,1789.0698,66.24359,disease,weather,1
44.585175,89.0,44.414825,1972.6768,66.49664,disease,weather,1
71.10329,75.0,3.8967133,15.184374,5.33419,disease,weather,1
44.97288,63.0,18.027119,324.97702,33.391937,disease,weather,1
65.0,62.0,3.0,9.0,4.7244096,disease,weather,1
41.799656,73.0,31.200344,973.4615,54.356163,disease,weather,1
57.051556,71.0,13.948444,194.5591,21.78567,disease,weather,1
31.446775,72.0,40.553223,1644.5638,78.40403,disease,weather,1
41.928326,51.0,9.071674,82.29527,19.524023,disease,weather,1
27.370253,53.0,25.629747,656.884,63.779186,disease,weather,1
27.16211,44.0,16.83789,283.51456,47.322628,disease,weather,1
32.68365,54.0,21.316349,454.38675,49.181934,disease,weather,1
47.85992,56.0,8.1400795,66.260895,15.675111,disease,weather,1
45.937645,25.0,20.937645,438.38498,59.031124,disease,weather,1
32.470875,42.0,9.529125,90.80423,25.591549,disease,weather,1
28.600124,21.999998,6.6001263,43.56167,26.087395,disease,weather,1
33.110435,32.0,1.1104355,1.2330669,3.4109294,disease,weather,1
24.634533,20.0,4.634533,21.478895,20.76658,disease,weather,1
25.15495,40.0,14.845051,220.37553,45.568447,disease,weather,1
36.8437,25.0,11.8437,140.27324,38.302044,disease,weather,1
22.079906,34.0,11.920094,142.08862,42.5111,disease,weather,1
23.812656,43.0,19.187344,368.15414,57.436256,disease,weather,1
20.520037,34.0,13.479963,181.70941,49.449577,disease,weather,1
32.38416,16.999998,15.384161,236.67241,62.30404,disease,weather,1
18.107727,35.0,16.892273,285.34888,63.615124,disease,weather,1
22.388393,41.0,18.611607,346.3919,58.722443,disease,weather,1
25.437618,42.0,16.562382,274.3125,49.119114,disease,weather,1
32.69333,42.0,9.306671,86.61413,24.919685,disease,weather,1
25.43552,35.0,9.56448,91.47927,31.651848,disease,weather,1
25.54163,30.0,4.45837,19.877066,16.054157,disease,weather,1
21.969772,26.999998,5.0302258,25.303171,20.544207,disease,weather,1
20.115997,24.0,3.8840027,15.085477,17.608137,disease,weather,1
21.178152,34.0,12.821848,164.39978,46.474365,disease,weather,1
16.133398,40.0,23.866602,569.6147,85.0353,disease,weather,1
18.079264,21.0,2.9207363,8.530701,14.947756,disease,weather,1
21.491455,11.000003,10.491452,110.07057,64.57976,disease,weather,1
22.197294,24.0,1.8027058,3.249748,7.804378,disease,weather,1
32.790836,21.999998,10.790838,116.44219,39.38921,disease,weather,1
21.753996,21.999998,0.2460022,0.06051708,1.1244788,disease,weather,1
30.865688,29.0,1.8656883,3.480793,6.2329135,disease,weather,1
20.36117,32.0,11.63883,135.46237,44.45596,disease,weather,1
16.827137,32.0,15.172863,230.21577,62.149303,disease,weather,1
19.709753,31.0,11.290247,127.46967,44.528896,disease,weather,1
51.037098,27.999998,23.0371,530.70795,58.2944,disease,weather,1
28.210083,15.999999,12.210084,149.08615,55.23665,disease,weather,1
32.573982,26.0,6.5739822,43.217243,22.446766,disease,weather,1
16.896366,35.0,18.103634,327.74155,69.7684,disease,weather,1
18.853857,33.0,14.146143,200.11336,54.561584,disease,weather,1
16.708006,21.999998,5.291992,28.00518,27.343142,disease,weather,1
16.235949,29.0,12.764051,162.921,56.433224,disease,weather,1
23.909737,34.0,10.090263,101.813416,34.848248,disease,weather,1
22.095741,25.0,2.9042587,8.434719,12.333424,disease,weather,1
26.62111,30.0,3.378889,11.416891,11.935086,disease,weather,1
21.282602,33.0,11.717398,137.29741,43.171837,disease,weather,1
22.392307,30.0,7.6076927,57.876987,29.041258,disease,weather,1
30.488068,27.999998,2.4880695,6.1904902,8.507956,disease,weather,1
19.652796,32.0,12.347204,152.45345,47.808464,disease,weather,1
18.614569,41.0,22.385431,501.10754,75.10053,disease,weather,1
18.89575,26.0,7.10425,50.470367,31.64776,disease,weather,1
19.704027,26.999998,7.295971,53.23119,31.243435,disease,weather,1
21.62655,42.0,20.37345,415.07742,64.04072,disease,weather,1
27.71683,35.0,7.2831707,53.044575,23.22557,disease,weather,1
21.665478,34.0,12.334522,152.14044,44.316597,disease,weather,1
23.559584,33.0,9.440416,89.12146,33.3822,disease,weather,1
23.052776,38.0,14.947224,223.4195,48.964928,disease,weather,1
23.828236,24.0,0.17176437,0.029503,0.7182551,disease,weather,1
22.052692,25.0,2.9473076,8.686622,12.527689,disease,weather,1
21.380304,46.0,24.619696,606.1294,73.076836,disease,weather,1
23.993425,40.0,16.006575,256.21042,50.025684,disease,weather,1
23.586277,13.999999,9.586278,91.89673,51.009457,disease,weather,1
24.126022,-1.2389615e-06,24.126024,582.06506,200.0,disease,weather,1
26.718569,-1.2389615e-06,26.71857,713.882,200.0,disease,weather,1
20.68772,2.9999988,17.687721,312.85547,149.34087,disease,weather,1
20.443115,3.9999988,16.443117,270.3761,134.54192,disease,weather,1
23.732578,2.9999988,20.73258,429.83987,155.11098,disease,weather,1
16.292177,2.9999988,13.292178,176.682,137.79865,disease,weather,1
14.372394,-1.2389615e-06,14.372395,206.56572,200.0,disease,weather,1
13.510278,44.0,30.489723,929.6232,106.032265,disease,weather,1
14.312251,44.0,29.687748,881.36237,101.823364,disease,weather,1
9.757598,31.0,21.242401,451.2396,104.23775,disease,weather,1
23.448568,26.999998,3.5514297,12.612654,14.079409,disease,weather,1
19.917355,50.0,30.082645,904.9656,86.05201,disease,weather,1
21.327742,39.0,17.672258,312.30872,58.587498,disease,weather,1
19.906399,-1.2389615e-06,19.9064,396.2648,200.0,disease,weather,1
29.27374,-1.2389615e-06,29.273743,856.952,200.0,disease,weather,1
18.949572,33.0,14.050428,197.41454,54.092567,disease,weather,1
19.287176,38.0,18.712824,350.16977,65.32989,disease,weather,1
13.491893,31.0,17.508106,306.53378,78.70245,disease,weather,1
16.350927,34.0,17.649073,311.48978,70.104256,disease,weather,1
21.282005,20.0,1.2820053,1.6435376,6.210964,disease,weather,1
21.221397,21.0,0.2213974,0.049016807,1.048745,disease,weather,1
42.531208,37.0,5.531208,30.594263,13.909529,disease,weather,1
65.90444,21.999998,43.90444,1927.6,99.8913,disease,weather,1
56.274464,46.0,10.274464,105.564606,20.091944,disease,weather,1
26.108418,26.0,0.10841751,0.011754356,0.41612285,disease,weather,1
33.53707,31.0,2.5370712,6.4367304,7.862369,disease,weather,1
49.47365,32.0,17.473652,305.32852,42.893997,disease,weather,1
26.197159,23.0,3.1971588,10.221825,12.997331,disease,weather,1
26.304495,23.0,3.3044949,10.919686,13.404436,disease,weather,1
25.145617,32.0,6.8543835,46.982574,23.989183,disease,weather,1
37.95818,30.0,7.9581795,63.33262,23.420815,disease,weather,1
25.826374,26.999998,1.173624,1.3773934,4.4433265,disease,weather,1
23.240683,26.999998,3.7593155,14.132453,14.965226,disease,weather,1
24.543224,36.0,11.456776,131.2577,37.8466,disease,weather,1
32.639164,33.0,0.36083603,0.13020264,1.0994534,disease,weather,1
28.626818,39.0,10.373182,107.60291,30.677717,disease,weather,1
25.048803,37.0,11.951197,142.8311,38.521923,disease,weather,1
38.884224,44.0,5.115776,26.171165,12.34439,disease,weather,1
40.15522,27.999998,12.155222,147.74942,35.66923,disease,weather,1
31.257483,32.0,0.7425175,0.5513322,2.3476036,disease,weather,1
32.082066,34.0,1.9179344,3.6784725,5.804705,disease,weather,1
42.55016,26.999998,15.550161,241.80753,44.716396,disease,weather,1
31.295052,25.0,6.2950516,39.627674,22.364494,disease,weather,1
22.242937,59.0,36.757065,1351.0818,90.48679,disease,weather,1
27.521015,56.0,28.478985,811.05255,68.19598,disease,weather,1
37.74293,39.0,1.2570686,1.5802215,3.2760506,disease,weather,1
58.407356,40.0,18.407356,338.83075,37.41053,disease,weather,1
53.52176,42.0,11.521759,132.75093,24.123842,disease,weather,1
43.139694,49.0,5.860306,34.343185,12.720481,disease,weather,1
44.98406,41.0,3.9840584,15.872721,9.266971,disease,weather,1
45.54579,31.0,14.545792,211.58005,38.005466,disease,weather,1
52.07668,36.0,16.07668,258.45963,36.5061,disease,weather,1
53.486397,48.0,5.486397,30.10055,10.812083,disease,weather,1
17.415173,48.0,30.584827,935.43164,93.50988,disease,weather,1
67.340645,65.0,2.3406448,5.478618,3.5373032,disease,weather,1
35.841305,68.0,32.158695,1034.1816,61.938156,disease,weather,1
70.79233,8.999999,61.792328,3818.2917,154.88289,disease,weather,1
46.642906,7.9999986,38.642906,1493.2742,141.43796,disease,weather,1
42.989735,11.999999,30.989735,960.36365,112.710976,disease,weather,1
14.44344,15.999999,1.5565586,2.4228747,10.225904,disease,weather,1
23.003956,30.0,6.996044,48.944633,26.398197,disease,weather,1
22.28016,18.0,4.280161,18.319777,21.251955,disease,weather,1
31.921824,8.999999,22.921825,525.4101,112.0274,disease,weather,1
23.598463,27.999998,4.401535,19.37351,17.060722,disease,weather,1
31.425411,30.0,1.4254112,2.0317972,4.641113,disease,weather,1
32.526276,38.0,5.4737244,29.961658,15.5225115,disease,weather,1
31.166168,34.0,2.8338318,8.030602,8.697248,disease,weather,1
29.963432,32.0,2.0365677,4.147608,6.5734506,disease,weather,1
26.246967,36.0,9.753033,95.12164,31.336573,disease,weather,1
32.42359,46.0,13.576408,184.31886,34.623276,disease,weather,1
29.081944,46.0,16.918056,286.22064,45.065582,disease,weather,1
34.543503,19.0,15.543503,241.60048,58.05934,disease,weather,1
31.83193,53.0,21.16807,448.0872,49.9059,disease,weather,1
40.652214,23.0,17.652214,311.60065,55.464573,disease,weather,1
23.415503,25.0,1.5844975,2.5106323,6.5454135,disease,weather,1
18.030619,35.0,16.969381,287.9599,63.998432,disease,weather,1
15.883046,21.999998,6.116952,37.417103,32.293877,disease,weather,1
19.462626,21.0,1.5373745,2.3635204,7.5989857,disease,weather,1
20.23066,37.0,16.76934,281.2108,58.60265,disease,weather,1
35.64104,23.0,12.641041,159.79591,43.11329,disease,weather,1
34.573284,30.0,4.573284,20.914928,14.164631,disease,weather,1
17.310308,18.0,0.68969154,0.47567442,3.9064598,disease,weather,1
19.350622,43.0,23.649378,559.2931,75.859314,disease,weather,1
20.650759,25.0,4.3492413,18.9159,19.054409,disease,weather,1
26.720736,15.000001,11.720735,137.37563,56.18661,disease,weather,1
17.337498,16.999998,0.33749962,0.113905996,1.9657791,disease,weather,1
20.93885,4.9999986,15.938852,254.04701,122.8956,disease,weather,1
38.205883,8.999999,29.205883,852.9836,123.73833,disease,weather,1
16.237696,18.0,1.7623043,3.1057165,10.294527,disease,weather,1
24.793716,9.999999,14.793717,218.85408,85.03672,disease,weather,1
18.064045,9.999999,8.064046,65.02884,57.46888,disease,weather,1
17.95582,27.999998,10.044178,100.88551,43.712322,disease,weather,1
37.53437,21.0,16.53437,273.3854,56.494568,disease,weather,1
26.010267,33.0,6.9897327,48.856365,23.689886,disease,weather,1
25.061798,39.0,13.938202,194.27347,43.514862,disease,weather,1
23.46868,38.0,14.531321,211.15927,47.280403,disease,weather,1
19.992216,52.0,32.007782,1024.498,88.92012,disease,weather,1
26.1244,45.0,18.8756,356.2883,53.07771,disease,weather,1
14.706613,61.0,46.29339,2143.078,122.29682,disease,weather,1
45.677864,47.0,1.3221359,1.7480434,2.8531861,disease,weather,1
26.480661,46.0,19.519339,381.00458,53.86082,disease,weather,1
41.988274,67.0,25.011726,625.5865,45.898014,disease,weather,1
58.690765,59.0,0.30923462,0.09562605,0.52550364,disease,weather,1
38.11871,46.0,7.8812904,62.11474,18.738495,disease,weather,1
53.219414,48.0,5.2194138,27.24228,10.313068,disease,weather,1
84.97037,63.0,21.970367,482.69705,29.69563,disease,weather,1
62.10477,88.0,25.89523,670.5629,34.502872,disease,weather,1
63.766354,65.0,1.2336464,1.5218834,1.9161005,disease,weather,1
71.29591,60.0,11.295914,127.597664,17.206802,disease,weather,1
89.92231,62.0,27.92231,779.6554,36.75867,disease,weather,1
73.36539,83.0,9.634613,92.82577,12.323204,disease,weather,1
81.50593,84.0,2.494072,6.220395,3.0138764,disease,weather,1
101.50006,94.0,7.500061,56.250916,7.672694,disease,weather,1
101.94207,93.0,8.94207,79.96062,9.174079,disease,weather,1
92.89523,83.0,9.895233,97.91564,11.251281,disease,weather,1
83.97961,77.0,6.9796066,48.71491,8.671417,disease,weather,1
100.71886,45.0,55.718857,3104.591,76.474464,disease,weather,1
83.91362,54.0,29.91362,894.82465,43.380226,disease,weather,1
59.101894,77.0,17.898106,320.3422,26.301039,disease,weather,1
52.550175,64.0,11.449825,131.0985,19.64789,disease,weather,1
70.952995,30.0,40.952995,1677.1478,81.1328,disease,weather,1
59.315823,90.0,30.684177,941.51874,41.099697,disease,weather,1
55.30889,75.0,19.691109,387.73978,30.222202,disease,weather,1
78.039024,44.0,34.039024,1158.6552,55.783836,disease,weather,1
59.5224,58.0,1.5223999,2.3177016,2.590825,disease,weather,1
46.193794,55.0,8.806206,77.54926,17.404634,disease,weather,1
63.95054,60.0,3.9505386,15.606755,6.374379,disease,weather,1
64.50905,73.0,8.490952,72.09626,12.349662,disease,weather,1
87.2561,98.0,10.7438965,115.43131,11.598967,disease,weather,1
78.41074,81.0,2.5892563,6.704248,3.2485344,disease,weather,1
68.359215,87.0,18.640785,347.47888,23.997011,disease,weather,1
73.203865,88.0,14.796135,218.92561,18.357048,disease,weather,1
89.40246,103.0,13.597542,184.89314,14.134477,disease,weather,1
70.67908,109.0,38.320923,1468.4932,42.654854,disease,weather,1
68.500465,112.0,43.499535,1892.2095,48.198807,disease,weather,1
107.02749,73.0,34.02749,1157.87,37.802547,disease,weather,1
101.09685,57.0,44.096848,1944.532,55.7846,disease,weather,1
105.19987,48.0,57.199867,3271.8247,74.67352,disease,weather,1
84.86102,59.0,25.861023,668.7925,35.952785,disease,weather,1
62.540756,44.0,18.540756,343.75964,34.805004,disease,weather,1
58.22447,78.0,19.775532,391.07166,29.033745,disease,weather,1
86.85509,65.0,21.855087,477.64484,28.784136,disease,weather,1
94.67598,59.0,35.67598,1272.7755,46.43013,disease,weather,1
75.960815,61.0,14.960815,223.826,21.846855,disease,weather,1
85.85132,68.0,17.851318,318.66956,23.205935,disease,weather,1
51.847195,84.0,32.152805,1033.8029,47.336723,disease,weather,1
51.787785,46.0,5.7877846,33.49845,11.83744,disease,weather,1
53.304134,67.0,13.695866,187.57674,22.768736,disease,weather,1
42.61801,41.0,1.6180115,2.6179612,3.870007,disease,weather,1
47.846794,46.0,1.8467941,3.4106486,3.935764,disease,weather,1
65.8992,70.0,4.1007996,16.816557,6.0350604,disease,weather,1
68.71152,74.0,5.2884827,27.968048,7.411431,disease,weather,1
59.191837,90.0,30.808163,949.1429,41.300064,disease,weather,1
66.89637,100.0,33.10363,1095.8503,39.669685,disease,weather,1
90.384094,114.0,23.615906,557.711,23.109337,disease,weather,1
85.44488,142.0,56.555122,3198.482,49.73084,disease,weather,1
83.42917,108.0,24.570831,603.72577,25.670937,disease,weather,1
95.23141,126.0,30.768593,946.7063,27.815754,disease,weather,1
85.49751,103.0,17.502487,306.33707,18.570522,disease,weather,1
82.39171,105.0,22.608292,511.13486,24.129448,disease,weather,1
41.172394,39.0,2.1723938,4.719295,5.4193063,disease,weather,3
23.272377,33.0,9.727623,94.62665,34.57335,disease,weather,3
30.230412,46.0,15.769588,248.67992,41.373486,disease,weather,3
41.774323,61.0,19.225677,369.62668,37.413387,disease,weather,3
26.464724,40.0,13.535276,183.2037,40.729202,disease,weather,3
29.547737,86.0,56.452263,3186.858,97.71245,disease,weather,3
32.656086,85.0,52.343914,2739.8853,88.97783,disease,weather,3
30.864012,89.0,58.135986,3379.793,97.00324,disease,weather,3
28.992268,75.0,46.007732,2116.7114,88.48299,disease,weather,3
30.539806,63.0,32.460194,1053.6642,69.404015,disease,weather,3
60.960213,62.0,1.0397873,1.0811576,1.6912582,disease,weather,3
23.581888,73.0,49.418114,2442.15,102.33413,disease,weather,3
20.274254,71.0,50.725746,2573.1013,111.15017,disease,weather,3
20.766005,72.0,51.233994,2624.922,110.45855,disease,weather,3
68.74291,51.0,17.742912,314.81094,29.63501,disease,weather,3
29.671253,53.0,23.328747,544.2304,56.437386,disease,weather,3
21.487143,44.0,22.512857,506.82874,68.75504,disease,weather,3
27.311968,54.0,26.688032,712.25104,65.643555,disease,weather,3
31.631023,56.0,24.368977,593.84705,55.61723,disease,weather,3
32.068405,25.0,7.068405,49.962353,24.771694,disease,weather,3
33.436832,42.0,8.563168,73.327835,22.702883,disease,weather,3
21.107887,21.999998,0.8921108,0.7958617,4.138968,disease,weather,3
35.725418,32.0,3.725418,13.87874,11.001536,disease,weather,3
27.26126,20.0,7.261259,52.725883,30.728165,disease,weather,3
28.456831,40.0,11.543169,133.24475,33.723934,disease,weather,3
36.967903,25.0,11.967903,143.23071,38.626133,disease,weather,3
24.300894,34.0,9.699106,94.07266,33.27258,disease,weather,3
29.660315,43.0,13.339685,177.9472,36.71794,disease,weather,3
16.758028,34.0,17.241972,297.28558,67.93792,disease,weather,3
23.456718,16.999998,6.4567204,41.68924,31.919151,disease,weather,3
23.380943,35.0,11.619057,135.00247,39.80428,disease,weather,3
25.993118,41.0,15.006882,225.2065,44.80126,disease,weather,3
18.013134,42.0,23.986866,575.36975,79.93872,disease,weather,3
19.720844,42.0,22.279156,496.36078,72.1933,disease,weather,3
22.994446,35.0,12.005554,144.13333,41.402428,disease,weather,3
21.3402,30.0,8.6598,74.99213,33.734966,disease,weather,3
22.718891,26.999998,4.281107,18.327877,17.22125,disease,weather,3
14.113177,24.0,9.886823,97.74926,51.881386,disease,weather,3
17.068676,34.0,16.931324,286.66974,66.30806,disease,weather,3
24.404514,40.0,15.595486,243.21918,48.429794,disease,weather,3
19.095482,21.0,1.9045181,3.6271894,9.499914,disease,weather,3
20.588745,11.000003,9.588742,91.94398,60.709858,disease,weather,3
24.306356,24.0,0.30635643,0.09385426,1.2683896,disease,weather,3
26.069344,21.999998,4.0693455,16.559572,16.931147,disease,weather,3
23.061525,21.999998,1.0615273,1.1268401,4.7114573,disease,weather,3
18.097124,29.0,10.902876,118.8727,46.29954,disease,weather,3
19.628723,32.0,12.371277,153.0485,47.924007,disease,weather,3
27.687412,32.0,4.3125877,18.598413,14.450577,disease,weather,3
18.058567,31.0,12.941433,167.48068,52.759117,disease,weather,3
32.832,27.999998,4.8320026,23.34825,15.886384,disease,weather,3
33.832745,15.999999,17.832745,318.00677,71.57039,disease,weather,3
57.510956,26.0,31.510956,992.9403,75.46544,disease,weather,3
26.380821,35.0,8.619179,74.290245,28.084272,disease,weather,3
8.82767,33.0,24.172329,584.3015,115.58056,disease,weather,3
15.591111,21.999998,6.408887,41.07383,34.097885,disease,weather,3
10.976089,29.0,18.02391,324.86136,90.173454,disease,weather,3
19.868862,34.0,14.131138,199.68906,52.464954,disease,weather,3
31.41432,25.0,6.41432,41.1435,22.74004,disease,weather,3
18.112917,30.0,11.887083,141.30275,49.413273,disease,weather,3
40.828045,33.0,7.828045,61.278286,21.206154,disease,weather,3
33.38936,30.0,3.3893585,11.487751,10.693777,disease,weather,3
7.1565614,27.999998,20.843437,434.44888,118.57495,disease,weather,3
7.6917634,32.0,24.308237,590.8904,122.48504,disease,weather,3
8.356975,41.0,32.643024,1065.567,132.2732,disease,weather,3
10.40047,26.0,15.59953,243.34534,85.710594,disease,weather,3
13.335549,26.999998,13.664449,186.71716,67.753876,disease,weather,3
9.145415,42.0,32.854584,1079.4237,128.47519,disease,weather,3
17.051779,35.0,17.948221,322.13864,68.96295,disease,weather,3
24.264614,34.0,9.735386,94.77774,33.41783,disease,weather,3
19.245447,33.0,13.754553,189.18773,52.6536,disease,weather,3
20.231623,38.0,17.768377,315.71524,61.02656,disease,weather,3
18.984406,24.0,5.0155945,25.156189,23.33681,disease,weather,3
21.99766,25.0,3.0023403,9.014048,12.776554,disease,weather,3
31.292309,46.0,14.707691,216.31618,38.05732,disease,weather,3
30.419529,40.0,9.580471,91.78542,27.209702,disease,weather,3
29.970173,13.999999,15.970174,255.04645,72.640945,disease,weather,3
30.698067,-1.2389615e-06,30.698069,942.3714,200.0,disease,weather,3
27.676052,-1.2389615e-06,27.676054,765.964,200.0,disease,weather,3
29.142536,2.9999988,26.142538,683.4323,162.6663,disease,weather,3
25.580994,3.9999988,21.580996,465.73938,145.91124,disease,weather,3
14.781655,2.9999988,11.781656,138.80742,132.51474,disease,weather,3
17.337992,2.9999988,14.337993,205.57803,140.99715,disease,weather,3
12.887923,-1.2389615e-06,12.887924,166.09859,200.0,disease,weather,3
14.626733,44.0,29.373268,862.7889,100.204346,disease,weather,3
19.20871,44.0,24.79129,614.6081,78.44264,disease,weather,3
15.355266,31.0,15.644734,244.75772,67.499275,disease,weather,3
22.239172,26.999998,4.760826,22.665464,19.337555,disease,weather,3
18.152456,50.0,31.847544,1014.26605,93.45971,disease,weather,3
14.53148,39.0,24.468521,598.7085,91.41732,disease,weather,3
15.561482,-1.2389615e-06,15.561483,242.15976,200.0,disease,weather,3
15.700034,-1.2389615e-06,15.700035,246.4911,200.0,disease,weather,3
17.448828,33.0,15.551172,241.83896,61.65127,disease,weather,3
18.493946,38.0,19.506054,380.48615,69.05538,disease,weather,3
11.126475,31.0,19.873524,394.95694,94.3517,disease,weather,3
10.976352,34.0,23.023647,530.0883,102.38112,disease,weather,3
25.163317,20.0,5.1633167,26.65984,22.865091,disease,weather,3
22.5762,21.0,1.5762005,2.484408,7.234226,disease,weather,3
29.210964,37.0,7.789036,60.66908,23.527931,disease,weather,3
21.69502,21.999998,0.30497742,0.09301122,1.3959367,disease,weather,3
23.584185,46.0,22.415815,502.46878,64.42791,disease,weather,3
24.86906,26.0,1.1309395,1.2790241,4.446473,disease,weather,3
12.396239,31.0,18.60376,346.09988,85.739044,disease,weather,3
8.803813,32.0,23.196186,538.06305,113.69617,disease,weather,3
16.985804,23.0,6.0141964,36.17056,30.08166,disease,weather,3
30.379623,23.0,7.3796234,54.458843,27.64959,disease,weather,3
22.426447,32.0,9.573553,91.652916,35.179787,disease,weather,3
22.68692,30.0,7.31308,53.481136,27.760515,disease,weather,3
29.904224,26.999998,2.9042263,8.43453,10.207419,disease,weather,3
24.05765,26.999998,2.9423485,8.657414,11.525594,disease,weather,3
30.066772,36.0,5.9332275,35.20319,17.961306,disease,weather,3
28.374474,33.0,4.6255264,21.395494,15.073128,disease,weather,3
38.088276,39.0,0.9117241,0.83124083,2.365403,disease,weather,3
31.435698,37.0,5.5643024,30.961462,16.261404,disease,weather,3
29.20529,44.0,14.79471,218.88345,40.419785,disease,weather,3
44.82638,27.999998,16.826384,283.1272,46.209587,disease,weather,3
24.296253,32.0,7.703747,59.347713,27.368597,disease,weather,3
35.969707,34.0,1.9697075,3.8797476,5.630172,disease,weather,3
20.837631,26.999998,6.162367,37.974766,25.76368,disease,weather,3
34.247395,25.0,9.247395,85.514305,31.216208,disease,weather,3
20.546629,59.0,38.45337,1478.6616,96.68133,disease,weather,3
24.665583,56.0,31.334417,981.8457,77.68968,disease,weather,3
29.209711,39.0,9.790289,95.849754,28.706438,disease,weather,3
29.845867,40.0,10.154133,103.106415,29.075829,disease,weather,3
47.06121,42.0,5.0612106,25.615852,11.36569,disease,weather,3
61.84137,49.0,12.84137,164.90077,23.170715,disease,weather,3
29.568281,41.0,11.431719,130.68419,32.39903,disease,weather,3
28.407274,31.0,2.5927258,6.7222266,8.728648,disease,weather,3
28.896803,36.0,7.103197,50.45541,21.890745,disease,weather,3
23.984303,48.0,24.015697,576.7537,66.724815,disease,weather,3
26.11071,48.0,21.88929,479.14102,59.07187,disease,weather,3
20.390924,65.0,44.609077,1989.9698,104.48202,disease,weather,3
36.42632,68.0,31.57368,996.89734,60.470737,disease,weather,3
42.286736,8.999999,33.286736,1108.0067,129.80641,disease,weather,3
21.070047,7.9999986,13.070049,170.82619,89.92108,disease,weather,3
26.745945,11.999999,14.745946,217.44292,76.11607,disease,weather,3
21.829659,15.999999,5.8296595,33.98493,30.820576,disease,weather,3
25.482117,30.0,4.5178833,20.41127,16.285908,disease,weather,3
27.637037,18.0,9.637037,92.87249,42.233402,disease,weather,3
31.608007,8.999999,22.60801,511.1221,111.34754,disease,weather,3
51.26316,27.999998,23.263163,541.17474,58.698547,disease,weather,3
29.705893,30.0,0.29410744,0.086499184,0.9851873,disease,weather,3
18.882133,38.0,19.117867,365.49283,67.21923,disease,weather,3
16.04427,34.0,17.95573,322.40826,71.759384,disease,weather,3
11.71527,32.0,20.284729,411.47025,92.80386,disease,weather,3
16.378593,36.0,19.621407,384.9996,74.92147,disease,weather,3
24.60713,46.0,21.39287,457.65488,60.59691,disease,weather,3
20.808033,46.0,25.191967,634.6352,75.415985,disease,weather,3
19.921907,19.0,0.9219074,0.8499133,4.737216,disease,weather,3
17.819225,53.0,35.180775,1237.6869,99.35374,disease,weather,3
23.215939,23.0,0.21593857,0.046629466,0.9344766,disease,weather,3
14.330035,25.0,10.669965,113.84815,54.25861,disease,weather,3
13.810525,35.0,21.189476,448.9939,86.823395,disease,weather,3
11.320075,21.999998,10.679923,114.06075,64.10504,disease,weather,3
18.686882,21.0,2.313118,5.350515,11.656839,disease,weather,3
9.272841,37.0,27.727158,768.7953,119.842026,disease,weather,3
17.592007,23.0,5.4079933,29.246391,26.645607,disease,weather,3
21.124344,30.0,8.875656,78.777275,34.72184,disease,weather,3
15.923354,18.0,2.0766459,4.312458,12.243163,disease,weather,3
9.7028265,43.0,33.297173,1108.7017,126.3582,disease,weather,3
20.198967,25.0,4.801033,23.049917,21.243994,disease,weather,3
23.161612,15.000001,8.161611,66.611885,42.77393,disease,weather,3
22.834396,16.999998,5.8343983,34.040203,29.293268,disease,weather,3
27.468592,4.9999986,22.468594,504.8377,138.40204,disease,weather,3
35.852,8.999999,26.852001,721.02997,119.73603,disease,weather,3
31.030787,18.0,13.0307865,169.80139,53.153492,disease,weather,3
15.398547,9.999999,5.398548,29.144321,42.510685,disease,weather,3
17.32236,9.999999,7.32236,53.616955,53.59977,disease,weather,3
17.290129,27.999998,10.709869,114.7013,47.294502,disease,weather,3
19.060476,21.0,1.9395237,3.7617521,9.682978,disease,weather,3
18.599632,33.0,14.400368,207.37059,55.815773,disease,weather,3
14.748183,39.0,24.251816,588.1506,90.24236,disease,weather,3
2.0926425,38.0,35.907356,1289.3383,179.12192,disease,weather,3
3.4714992,52.0,48.5285,2355.0154,174.96733,disease,weather,3
3.2339046,45.0,41.766094,1744.4066,173.18147,disease,weather,3
12.183505,61.0,48.816494,2383.05,133.40846,disease,weather,3
12.133628,47.0,34.86637,1215.6638,117.923996,disease,weather,3
64.93366,46.0,18.933662,358.48358,34.135105,disease,weather,3
64.25526,67.0,2.7447433,7.533616,4.1822987,disease,weather,3
42.27965,59.0,16.720348,279.57004,33.01818,disease,weather,3
34.755627,46.0,11.244373,126.43593,27.847898,disease,weather,3
36.87959,48.0,11.120411,123.663536,26.20279,disease,weather,3
53.84115,63.0,9.158852,83.88456,15.677442,disease,weather,3
39.274555,88.0,48.725445,2374.169,76.56746,disease,weather,3
61.949966,65.0,3.0500336,9.302705,4.8050957,disease,weather,3
45.117035,60.0,14.882965,221.50266,28.316942,disease,weather,3
86.19381,62.0,24.19381,585.3404,32.651577,disease,weather,3
71.05068,83.0,11.949318,142.7862,15.513489,disease,weather,3
63.951603,84.0,20.048397,401.93823,27.10129,disease,weather,3
59.107975,94.0,34.892025,1217.4534,45.578323,disease,weather,3
67.225365,93.0,25.774635,664.33185,32.172974,disease,weather,3
60.35169,83.0,22.648312,512.94604,31.59825,disease,weather,3
74.13445,77.0,2.8655472,8.211361,3.7920501,disease,weather,3
76.67347,45.0,31.67347,1003.2087,52.063065,disease,weather,3
73.37393,54.0,19.373932,375.34924,30.420559,disease,weather,3
75.58126,77.0,1.4187393,2.0128212,1.8596507,disease,weather,3
69.290665,64.0,5.2906647,27.991133,7.9385376,disease,weather,3
40.089603,30.0,10.089603,101.800095,28.790586,disease,weather,3
94.03291,90.0,4.032913,16.264389,4.3828173,disease,weather,3
48.911144,75.0,26.088856,680.6284,42.108974,disease,weather,3
58.622105,44.0,14.622105,213.80594,28.49699,disease,weather,3
43.008736,58.0,14.991264,224.738,29.683104,disease,weather,3
38.89732,55.0,16.10268,259.2963,34.298485,disease,weather,3
52.453056,60.0,7.5469437,56.95636,13.422389,disease,weather,3
27.507957,73.0,45.492043,2069.526,90.52426,disease,weather,3
48.90496,98.0,49.09504,2410.323,66.83918,disease,weather,3
50.96805,81.0,30.031952,901.91815,45.513977,disease,weather,3
60.190212,87.0,26.809788,718.7647,36.428764,disease,weather,3
52.857162,88.0,35.142838,1235.019,49.898544,disease,weather,3
60.916782,103.0,42.083218,1770.9972,51.347054,disease,weather,3
44.570103,109.0,64.4299,4151.2124,83.90943,disease,weather,3
70.94737,112.0,41.052628,1685.3182,44.879166,disease,weather,3
87.60273,73.0,14.60273,213.23972,18.18491,disease,weather,3
104.86879,57.0,47.86879,2291.4211,59.145176,disease,weather,3
95.64372,48.0,47.643723,2269.9243,66.33597,disease,weather,3
92.83396,59.0,33.83396,1144.7369,44.567055,disease,weather,3
52.38648,44.0,8.386478,70.33302,17.401773,disease,weather,3
46.386494,78.0,31.613506,999.41376,50.831093,disease,weather,3
84.084236,65.0,19.084236,364.20807,25.60195,disease,weather,3
98.96402,59.0,39.96402,1597.1229,50.59889,disease,weather,3
103.104965,61.0,42.104965,1772.8281,51.314674,disease,weather,3
53.80985,68.0,14.190151,201.3604,23.298859,disease,weather,3
53.914547,84.0,30.085453,905.13446,43.62912,disease,weather,3
38.916122,46.0,7.0838776,50.18132,16.684412,disease,weather,3
50.29822,67.0,16.701778,278.9494,28.477463,disease,weather,3
42.922756,41.0,1.9227562,3.6969914,4.5822043,disease,weather,3
45.662346,46.0,0.3376541,0.114010304,0.73673457,disease,weather,3
64.496124,70.0,5.5038757,30.292648,8.184438,disease,weather,3
88.7205,74.0,14.720497,216.69304,18.092985,disease,weather,3
39.53273,90.0,50.46727,2546.9453,77.922035,disease,weather,3
55.52886,100.0,44.47114,1977.6825,57.186996,disease,weather,3
79.18948,114.0,34.810516,1211.7721,36.037693,disease,weather,3
70.86665,142.0,71.13335,5059.953,66.83372,disease,weather,3
77.63891,108.0,30.361092,921.7959,32.709835,disease,weather,3
108.93796,126.0,17.062042,291.11328,14.524722,disease,weather,3
96.76001,103.0,6.23999,38.937477,6.247487,disease,weather,3
76.11327,105.0,28.886726,834.44293,31.89907,disease,weather,3
49.61045,45.0,4.6104507,21.256256,9.746177,disease,weather_lag3,1
45.067028,36.0,9.067028,82.211,22.369211,disease,weather_lag3,1
41.455986,39.0,2.455986,6.0318675,6.1051664,disease,weather_lag3,1
37.60385,33.0,4.6038513,21.195446,13.041361,disease,weather_lag3,1
30.012352,46.0,15.987648,255.60489,42.06592,disease,weather_lag3,1
38.601257,61.0,22.398743,501.70367,44.976826,disease,weather_lag3,1
51.964596,40.0,11.964596,143.15155,26.020002,disease,weather_lag3,1
46.028404,86.0,39.971596,1597.7285,60.54999,disease,weather_lag3,1
50.25525,85.0,34.74475,1207.1978,51.376564,disease,weather_lag3,1
49.259792,89.0,39.740208,1579.284,57.486282,disease,weather_lag3,1
55.8321,75.0,19.1679,367.4084,29.301527,disease,weather_lag3,1
45.336136,63.0,17.663864,312.0121,32.609367,disease,weather_lag3,1
48.466244,62.0,13.533756,183.16255,24.50297,disease,weather_lag3,1
35.96536,73.0,37.03464,1371.5647,67.97507,disease,weather_lag3,1
39.18814,71.0,31.81186,1011.9944,57.740986,disease,weather_lag3,1
31.324215,72.0,40.675785,1654.5195,78.734276,disease,weather_lag3,1
41.316956,51.0,9.683044,93.76135,20.977825,disease,weather_lag3,1
38.30464,53.0,14.695358,215.95355,32.18973,disease,weather_lag3,1
36.68379,44.0,7.3162117,53.526955,18.135517,disease,weather_lag3,1
34.288013,54.0,19.711987,388.5624,44.653824,disease,weather_lag3,1
66.51035,56.0,10.510353,110.46752,17.15831,disease,weather_lag3,1
43.779003,25.0,18.779003,352.65097,54.60679,disease,weather_lag3,1
46.316612,42.0,4.3166122,18.63314,9.775312,disease,weather_lag3,1
31.893686,21.999998,9.893688,97.88506,36.715576,disease,weather_lag3,1
31.530115,32.0,0.46988487,0.22079179,1.4792508,disease,weather_lag3,1
21.920204,20.0,1.9202042,3.687184,9.161235,disease,weather_lag3,1
25.538198,40.0,14.461802,209.1437,44.132435,disease,weather_lag3,1
41.81842,25.0,16.81842,282.85925,50.34067,disease,weather_lag3,1
24.042572,34.0,9.957428,99.150375,34.310772,disease,weather_lag3,1
22.750334,43.0,20.249666,410.04898,61.59563,disease,weather_lag3,1
28.044558,34.0,5.9554424,35.467293,19.19731,disease,weather_lag3,1
28.427086,16.999998,11.427088,130.57834,50.30958,disease,weather_lag3,1
21.313383,35.0,13.686617,187.32349,48.608753,disease,weather_lag3,1
23.604658,41.0,17.395342,302.59793,53.851665,disease,weather_lag3,1
25.3542,42.0,16.6458,277.08264,49.42765,disease,weather_lag3,1
28.435959,42.0,13.564041,183.98322,38.514538,disease,weather_lag3,1
22.908737,35.0,12.091263,146.19864,41.759716,disease,weather_lag3,1
28.264353,30.0,1.7356472,3.0124712,5.957836,disease,weather_lag3,1
22.283848,26.999998,4.7161503,22.242073,19.138727,disease,weather_lag3,1
21.519854,24.0,2.4801464,6.1511264,10.896988,disease,weather_lag3,1
19.594385,34.0,14.405615,207.52174,53.75793,disease,weather_lag3,1
19.451918,40.0,20.548082,422.2237,69.125046,disease,weather_lag3,1
18.594482,21.0,2.4055176,5.7865148,12.150772,disease,weather_lag3,1
22.116796,11.000003,11.116794,123.5831,67.13689,disease,weather_lag3,1
22.216967,24.0,1.7830334,3.179208,7.7159257,disease,weather_lag3,1
22.729399,21.999998,0.72940063,0.5320253,3.2613926,disease,weather_lag3,1
19.271381,21.999998,2.7286167,7.445349,13.222805,disease,weather_lag3,1
23.960049,29.0,5.0399513,25.40111,19.033031,disease,weather_lag3,1
28.129217,32.0,3.8707829,14.98296,12.874882,disease,weather_lag3,1
20.965143,32.0,11.034857,121.76807,41.668373,disease,weather_lag3,1
19.393147,31.0,11.6068535,134.71906,46.065205,disease,weather_lag3,1
37.781807,27.999998,9.781809,95.683784,29.740164,disease,weather_lag3,1
32.224266,15.999999,16.224266,263.2268,67.28673,disease,weather_lag3,1
42.680954,26.0,16.680954,278.2542,48.575195,disease,weather_lag3,1
21.096937,35.0,13.903063,193.29515,49.567993,disease,weather_lag3,1
19.982462,33.0,13.017538,169.4563,49.139046,disease,weather_lag3,1
19.809439,21.999998,2.1905594,4.7985506,10.47878,disease,weather_lag3,1
18.073961,29.0,10.926039,119.37832,46.420734,disease,weather_lag3,1
21.684036,34.0,12.315964,151.68297,44.23517,disease,weather_lag3,1
21.295776,25.0,3.7042236,13.721272,16.002426,disease,weather_lag3,1
24.867174,30.0,5.132826,26.345901,18.710007,disease,weather_lag3,1
20.44727,33.0,12.552731,157.57104,46.97239,disease,weather_lag3,1
20.059254,30.0,9.940746,98.818436,39.71592,disease,weather_lag3,1
18.188248,27.999998,9.81175,96.27045,42.485916,disease,weather_lag3,1
19.225283,32.0,12.774717,163.1934,49.876614,disease,weather_lag3,1
21.566687,41.0,19.433313,377.65366,62.12032,disease,weather_lag3,1
19.150707,26.0,6.8492928,46.91281,30.339691,disease,weather_lag3,1
19.405573,26.999998,7.594425,57.675293,32.730663,disease,weather_lag3,1
20.897036,42.0,21.102964,445.3351,67.10321,disease,weather_lag3,1
26.094414,35.0,8.905586,79.30946,29.15352,disease,weather_lag3,1
21.299236,34.0,12.700764,161.3094,45.93468,disease,weather_lag3,1
20.681768,33.0,12.318232,151.73883,45.89354,disease,weather_lag3,1
21.850492,38.0,16.149508,260.80658,53.966164,disease,weather_lag3,1
21.924538,24.0,2.0754623,4.3075438,9.038577,disease,weather_lag3,1
21.292175,25.0,3.7078247,13.747964,16.019228,disease,weather_lag3,1
23.193697,46.0,22.806303,520.12744,65.92017,disease,weather_lag3,1
20.554304,40.0,19.445696,378.1351,64.22565,disease,weather_lag3,1
21.809355,13.999999,7.8093557,60.98604,43.61629,disease,weather_lag3,1
18.49027,-1.2389615e-06,18.490273,341.89017,200.0,disease,weather_lag3,1
24.96315,-1.2389615e-06,24.963152,623.15894,200.0,disease,weather_lag3,1
19.65308,2.9999988,16.653082,277.32513,147.0271,disease,weather_lag3,1
27.537088,3.9999988,23.53709,553.9946,149.2661,disease,weather_lag3,1
16.561209,2.9999988,13.56121,183.9064,138.65413,disease,weather_lag3,1
18.457922,2.9999988,15.457923,238.94739,144.07661,disease,weather_lag3,1
13.4432535,-1.2389615e-06,13.443254,180.72108,200.0,disease,weather_lag3,1
14.394891,44.0,29.60511,876.4625,101.39624,disease,weather_lag3,1
16.431435,44.0,27.568565,760.0258,91.23915,disease,weather_lag3,1
11.638946,31.0,19.361053,374.8504,90.81394,disease,weather_lag3,1
24.89781,26.999998,2.102188,4.4191947,8.10126,disease,weather_lag3,1
22.764723,50.0,27.235277,741.7603,74.85846,disease,weather_lag3,1
22.958357,39.0,16.041643,257.33432,51.782013,disease,weather_lag3,1
16.970024,-1.2389615e-06,16.970026,287.98178,200.0,disease,weather_lag3,1
15.350484,-1.2389615e-06,15.350485,235.63739,200.0,disease,weather_lag3,1
17.026379,33.0,15.973621,255.15659,63.86079,disease,weather_lag3,1
14.867702,38.0,23.132298,535.1032,87.510124,disease,weather_lag3,1
10.215365,31.0,20.784634,432.001,100.858665,disease,weather_lag3,1
15.58636,34.0,18.41364,339.0621,74.26897,disease,weather_lag3,1
14.627234,20.0,5.3727655,28.86661,31.03202,disease,weather_lag3,1
16.198967,21.0,4.801033,23.049917,25.812721,disease,weather_lag3,1
21.116983,37.0,15.883017,252.27022,54.658783,disease,weather_lag3,1
41.714535,21.999998,19.714537,388.66296,61.883957,disease,weather_lag3,1
40.98055,46.0,5.019451,25.19489,11.541549,disease,weather_lag3,1
26.77165,26.0,0.7716503,0.5954442,2.9244878,disease,weather_lag3,1
27.515335,31.0,3.484665,12.14289,11.910262,disease,weather_lag3,1
32.24358,32.0,0.24357986,0.05933115,0.7583011,disease,weather_lag3,1
22.772911,23.0,0.22708893,0.05156938,0.9922416,disease,weather_lag3,1
27.306505,23.0,4.306505,18.545986,17.121067,disease,weather_lag3,1
24.159306,32.0,7.8406944,61.47649,27.923048,disease,weather_lag3,1
35.517593,30.0,5.5175934,30.443836,16.84309,disease,weather_lag3,1
25.88264,26.999998,1.1173573,1.2484872,4.2258,disease,weather_lag3,1
25.578941,26.999998,1.4210567,2.0194023,5.4054217,disease,weather_lag3,1
24.387257,36.0,11.612743,134.8558,38.460907,disease,weather_lag3,1
33.332405,33.0,0.3324051,0.110493146,1.0022404,disease,weather_lag3,1
20.463625,39.0,18.536375,343.5972,62.34526,disease,weather_lag3,1
29.134483,37.0,7.8655167,61.866352,23.786432,disease,weather_lag3,1
29.22303,44.0,14.77697,218.35884,40.361534,disease,weather_lag3,1
30.05003,27.999998,2.0500317,4.20263,7.0629826,disease,weather_lag3,1
21.73959,32.0,10.26041,105.27602,38.18567,disease,weather_lag3,1
22.977129,34.0,11.022871,121.503685,38.692265,disease,weather_lag3,1
39.69662,26.999998,12.696623,161.20424,38.072765,disease,weather_lag3,1
31.165102,25.0,6.165102,38.008484,21.953497,disease,weather_lag3,1
21.866539,59.0,37.13346,1378.8939,91.838875,disease,weather_lag3,1
20.854229,56.0,35.14577,1235.2252,91.46086,disease,weather_lag3,1
23.258812,39.0,15.741188,247.785,50.56694,disease,weather_lag3,1
37.2119,40.0,2.7881012,7.773508,7.2219467,disease,weather_lag3,1
40.808647,42.0,1.1913528,1.4193217,2.8773634,disease,weather_lag3,1
38.42376,49.0,10.576241,111.856865,24.195347,disease,weather_lag3,1
42.129623,41.0,1.1296234,1.276049,2.7177398,disease,weather_lag3,1
30.211218,31.0,0.7887821,0.62217724,2.577247,disease,weather_lag3,1
27.130753,36.0,8.869247,78.66355,28.098026,disease,weather_lag3,1
22.175997,48.0,25.824003,666.87915,73.597824,disease,weather_lag3,1
37.572735,48.0,10.427265,108.72786,24.370531,disease,weather_lag3,1
46.409885,65.0,18.590115,345.59235,33.37247,disease,weather_lag3,1
42.167114,68.0,25.832886,667.338,46.897636,disease,weather_lag3,1
41.301037,8.999999,32.301037,1043.3569,128.43091,disease,weather_lag3,1
33.35036,7.9999986,25.350363,642.64087,122.61253,disease,weather_lag3,1
19.09795,11.999999,7.097951,50.38091,45.648994,disease,weather_lag3,1
18.612865,15.999999,2.6128664,6.8270707,15.09766,disease,weather_lag3,1
21.990091,30.0,8.009909,64.15864,30.813213,disease,weather_lag3,1
51.032944,18.0,33.032944,1091.1754,95.701965,disease,weather_lag3,1
38.751373,8.999999,29.751373,885.1442,124.6095,disease,weather_lag3,1
26.357399,27.999998,1.6425991,2.6981318,6.0437,disease,weather_lag3,1
31.829208,30.0,1.8292084,3.3460033,5.9169717,disease,weather_lag3,1
21.942434,38.0,16.057566,257.84543,53.57662,disease,weather_lag3,1
41.560326,34.0,7.5603256,57.158524,20.011364,disease,weather_lag3,1
59.02106,32.0,27.02106,730.13776,59.373207,disease,weather_lag3,1
44.820053,36.0,8.820053,77.793335,21.826399,disease,weather_lag3,1
54.79633,46.0,8.7963295,77.37541,17.45367,disease,weather_lag3,1
27.741783,46.0,18.258217,333.3625,49.519325,disease,weather_lag3,1
27.8953,19.0,8.8953,79.12636,37.936848,disease,weather_lag3,1
27.189175,53.0,25.810825,666.1987,64.37483,disease,weather_lag3,1
41.323914,23.0,18.323914,335.7658,56.973873,disease,weather_lag3,1
36.908062,25.0,11.908062,141.80194,38.47015,disease,weather_lag3,1
31.97815,35.0,3.0218506,9.131581,9.023392,disease,weather_lag3,1
19.44554,21.999998,2.5544586,6.525259,12.326821,disease,weather_lag3,1
21.670866,21.0,0.670866,0.4500612,3.1443748,disease,weather_lag3,1
20.465614,37.0,16.534386,273.3859,57.545322,disease,weather_lag3,1
27.029444,23.0,4.0294437,16.236418,16.10829,disease,weather_lag3,1
22.236961,30.0,7.7630386,60.26477,29.722399,disease,weather_lag3,1
15.681094,18.0,2.3189058,5.377324,13.769777,disease,weather_lag3,1
21.18325,43.0,21.81675,475.97055,67.98269,disease,weather_lag3,1
36.2373,25.0,11.237301,126.27693,36.700836,disease,weather_lag3,1
27.685972,15.000001,12.685971,160.93387,59.43859,disease,weather_lag3,1
14.648625,16.999998,2.3513727,5.5289536,14.8592415,disease,weather_lag3,1
23.866808,4.9999986,18.86681,355.9565,130.7163,disease,weather_lag3,1
13.790507,8.999999,4.7905083,22.948969,42.03951,disease,weather_lag3,1
20.234243,18.0,2.2342434,4.9918437,11.687132,disease,weather_lag3,1
13.820014,9.999999,3.820015,14.592514,32.073994,disease,weather_lag3,1
22.487984,9.999999,12.487985,155.94977,76.877556,disease,weather_lag3,1
16.69049,27.999998,11.309507,127.90496,50.612595,disease,weather_lag3,1
29.976894,21.0,8.976894,80.58463,35.219463,disease,weather_lag3,1
23.077204,33.0,9.922796,98.46188,35.38977,disease,weather_lag3,1
20.475206,39.0,18.524794,343.16797,62.294174,disease,weather_lag3,1
23.656954,38.0,14.343046,205.72298,46.52532,disease,weather_lag3,1
9.787272,52.0,42.212727,1781.9143,136.6389,disease,weather_lag3,1
23.449572,45.0,21.550428,464.42096,62.96732,disease,weather_lag3,1
23.828196,61.0,37.171806,1381.7432,87.64021,disease,weather_lag3,1
56.996956,47.0,9.996956,99.939125,19.22548,disease,weather_lag3,1
26.343327,46.0,19.656673,386.3848,54.342747,disease,weather_lag3,1
41.66581,67.0,25.33419,641.8212,46.627712,disease,weather_lag3,1
57.762203,59.0,1.2377968,1.5321409,2.120201,disease,weather_lag3,1
62.34676,46.0,16.34676,267.21655,30.174896,disease,weather_lag3,1
54.235435,48.0,6.2354355,38.880657,12.198188,disease,weather_lag3,1
43.490337,63.0,19.509663,380.62692,36.641186,disease,weather_lag3,1
48.58993,88.0,39.41007,1553.1534,57.70567,disease,weather_lag3,1
42.677975,65.0,22.322025,498.27283,41.46071,disease,weather_lag3,1
69.397545,60.0,9.397545,88.31385,14.525074,disease,weather_lag3,1
96.314064,62.0,34.314064,1177.455,43.349358,disease,weather_lag3,1
74.39625,83.0,8.603752,74.02455,10.932602,disease,weather_lag3,1
78.15006,84.0,5.8499374,34.221767,7.2154617,disease,weather_lag3,1
68.292435,94.0,25.707565,660.8789,31.680548,disease,weather_lag3,1
107.78742,93.0,14.787422,218.66786,14.729431,disease,weather_lag3,1
102.051796,83.0,19.051796,362.97092,20.590773,disease,weather_lag3,1
113.04155,77.0,36.04155,1298.9933,37.93018,disease,weather_lag3,1
99.02028,45.0,54.02028,2918.1904,75.0176,disease,weather_lag3,1
82.820305,54.0,28.820305,830.61,42.128693,disease,weather_lag3,1
55.187134,77.0,21.812866,475.80115,33.00301,disease,weather_lag3,1
83.0454,64.0,19.045403,362.72736,25.90411,disease,weather_lag3,1
101.745384,30.0,71.745384,5147.4004,108.91521,disease,weather_lag3,1
62.6086,90.0,27.3914,750.28876,35.897583,disease,weather_lag3,1
62.317696,75.0,12.682304,160.84085,18.47148,disease,weather_lag3,1
54.440315,44.0,10.440315,109.00018,21.211462,disease,weather_lag3,1
49.460243,58.0,8.539757,72.927444,15.893798,disease,weather_lag3,1
46.02559,55.0,8.974411,80.540054,17.76661,disease,weather_lag3,1
43.75596,60.0,16.244041,263.8689,31.312016,disease,weather_lag3,1
39.67138,73.0,33.32862,1110.797,59.16076,disease,weather_lag3,1
52.367603,98.0,45.632397,2082.3157,60.694458,disease,weather_lag3,1
64.988754,81.0,16.011246,256.36,21.934902,disease,weather_lag3,1
39.70465,87.0,47.29535,2236.85,74.65448,disease,weather_lag3,1
57.840656,88.0,30.159344,909.586,41.35931,disease,weather_lag3,1
70.39633,103.0,32.60367,1062.9991,37.60595,disease,weather_lag3,1
50.365597,109.0,58.634403,3437.9932,73.58476,disease,weather_lag3,1
80.45537,112.0,31.544632,995.0638,32.781242,disease,weather_lag3,1
110.04363,73.0,37.043633,1372.2307,40.475193,disease,weather_lag3,1
106.08002,57.0,49.080017,2408.8481,60.191334,disease,weather_lag3,1
101.210396,48.0,53.210396,2831.3462,71.32265,disease,weather_lag3,1
54.667355,59.0,4.3326454,18.771816,7.623377,disease,weather_lag3,1
93.13359,44.0,49.13359,2414.1096,71.658,disease,weather_lag3,1
59.276142,78.0,18.723858,350.58286,27.279114,disease,weather_lag3,1
44.779915,65.0,20.220085,408.85184,36.837494,disease,weather_lag3,1
62.1445,59.0,3.1445007,9.887885,5.1913223,disease,weather_lag3,1
76.27042,61.0,15.270416,233.18561,22.248663,disease,weather_lag3,1
51.099884,68.0,16.900116,285.61392,28.379736,disease,weather_lag3,1
34.160023,84.0,49.839977,2484.0234,84.36014,disease,weather_lag3,1
51.429585,46.0,5.4295845,29.480389,11.145659,disease,weather_lag3,1
48.121708,67.0,18.878292,356.38992,32.797104,disease,weather_lag3,1
54.63256,41.0,13.632561,185.84671,28.51029,disease,weather_lag3,1
70.657524,46.0,24.657524,607.99347,42.273354,disease,weather_lag3,1
53.1853,70.0,16.814701,282.73416,27.299849,disease,weather_lag3,1
51.02141,74.0,22.978588,528.0155,36.759445,disease,weather_lag3,1
69.56922,90.0,20.430779,417.41672,25.607418,disease,weather_lag3,1
53.307346,100.0,46.692654,2180.2039,60.913788,disease,weather_lag3,1
72.59764,114.0,41.40236,1714.1553,44.37608,disease,weather_lag3,1
97.95557,142.0,44.044434,1939.9121,36.71049,disease,weather_lag3,1
99.41502,108.0,8.584976,73.70181,8.278066,disease,weather_lag3,1
97.80171,126.0,28.198288,795.14343,25.19935,disease,weather_lag3,1
97.64905,103.0,5.350952,28.632689,5.333643,disease,weather_lag3,1
75.15728,105.0,29.84272,890.58795,33.12963,disease,weather_lag3,1
27.162588,39.0,11.837412,140.12431,35.782795,disease,weather_lag3,3
42.81981,33.0,9.819809,96.42865,25.903017,disease,weather_lag3,3
30.73822,46.0,15.26178,232.92192,39.776215,disease,weather_lag3,3
53.77054,61.0,7.2294617,52.265118,12.598114,disease,weather_lag3,3
23.329443,40.0,16.670557,277.90747,52.647095,disease,weather_lag3,3
26.227869,86.0,59.772133,3572.7078,106.51923,disease,weather_lag3,3
17.273825,85.0,67.72617,4586.8345,132.44087,disease,weather_lag3,3
25.726168,89.0,63.273834,4003.5781,110.30411,disease,weather_lag3,3
27.254215,75.0,47.745785,2279.66,93.386444,disease,weather_lag3,3
27.810669,63.0,35.18933,1238.2891,77.500435,disease,weather_lag3,3
30.342155,62.0,31.657845,1002.2191,68.5664,disease,weather_lag3,3
15.9572,73.0,57.0428,3253.881,128.24776,disease,weather_lag3,3
23.830925,71.0,47.169075,2224.9216,99.48037,disease,weather_lag3,3
16.85636,72.0,55.14364,3040.8208,124.1186,disease,weather_lag3,3
18.936928,51.0,32.063072,1028.0406,91.69139,disease,weather_lag3,3
16.425762,53.0,36.574238,1337.6749,105.362144,disease,weather_lag3,3
25.309946,44.0,18.690054,349.3181,53.93181,disease,weather_lag3,3
17.857765,54.0,36.142235,1306.2611,100.59382,disease,weather_lag3,3
30.590393,56.0,25.409607,645.64813,58.689205,disease,weather_lag3,3
17.78184,25.0,7.2181606,52.10184,33.74404,disease,weather_lag3,3
39.450035,42.0,2.549965,6.5023212,6.261421,disease,weather_lag3,3
23.980804,21.999998,1.9808064,3.9235938,8.615797,disease,weather_lag3,3
25.327492,32.0,6.6725082,44.522366,23.278563,disease,weather_lag3,3
20.04994,20.0,0.04994011,0.0024940146,0.24938916,disease,weather_lag3,3
22.241077,40.0,17.758923,315.37933,57.064957,disease,weather_lag3,3
30.055,25.0,5.0550003,25.553028,18.363457,disease,weather_lag3,3
22.093935,34.0,11.906065,141.75438,42.450455,disease,weather_lag3,3
28.86029,43.0,14.139709,199.93138,39.353333,disease,weather_lag3,3
17.898386,34.0,16.101614,259.26196,62.05054,disease,weather_lag3,3
22.294855,16.999998,5.294857,28.035511,26.949368,disease,weather_lag3,3
20.740938,35.0,14.259062,203.32085,51.161903,disease,weather_lag3,3
22.096527,41.0,18.903473,357.34128,59.91922,disease,weather_lag3,3
25.530727,42.0,16.469273,271.23694,48.77564,disease,weather_lag3,3
25.589125,42.0,16.410875,269.31683,48.560696,disease,weather_lag3,3
21.898478,35.0,13.101522,171.64989,46.05228,disease,weather_lag3,3
20.034754,30.0,9.965246,99.30613,39.833298,disease,weather_lag3,3
19.204853,26.999998,7.795145,60.764286,33.741673,disease,weather_lag3,3
20.761694,24.0,3.238306,10.486626,14.469094,disease,weather_lag3,3
17.962343,34.0,16.037657,257.20642,61.728,disease,weather_lag3,3
20.859072,40.0,19.140928,366.37512,62.90247,disease,weather_lag3,3
16.970512,21.0,4.0294876,16.23677,21.224298,disease,weather_lag3,3
18.802298,11.000003,7.8022947,60.875805,52.360355,disease,weather_lag3,3
19.763939,24.0,4.236061,17.944214,19.358683,disease,weather_lag3,3
24.029964,21.999998,2.0299664,4.1207633,8.820196,disease,weather_lag3,3
21.283033,21.999998,0.7169647,0.5140384,3.3129137,disease,weather_lag3,3
21.554104,29.0,7.445896,55.44137,29.457136,disease,weather_lag3,3
21.41897,32.0,10.58103,111.95819,39.615253,disease,weather_lag3,3
24.83696,32.0,7.16304,51.309143,25.20557,disease,weather_lag3,3
19.736265,31.0,11.263735,126.87172,44.40112,disease,weather_lag3,3
29.509348,27.999998,1.5093498,2.278137,5.249059,disease,weather_lag3,3
27.47551,15.999999,11.475511,131.68735,52.790688,disease,weather_lag3,3
30.76389,26.0,4.7638893,22.694641,16.78493,disease,weather_lag3,3
22.287558,35.0,12.712442,161.60619,44.38116,disease,weather_lag3,3
20.444578,33.0,12.555422,157.63861,46.98483,disease,weather_lag3,3
18.179491,21.999998,3.820507,14.596274,19.0172,disease,weather_lag3,3
18.902658,29.0,10.097342,101.95631,42.157753,disease,weather_lag3,3
20.995794,34.0,13.004206,169.10936,47.291637,disease,weather_lag3,3
18.63484,25.0,6.36516,40.515263,29.174667,disease,weather_lag3,3
19.478071,30.0,10.521929,110.71098,42.531685,disease,weather_lag3,3
18.370346,33.0,14.629654,214.02678,56.957584,disease,weather_lag3,3
18.487953,30.0,11.512047,132.52722,47.484154,disease,weather_lag3,3
21.588047,27.999998,6.411951,41.113117,25.860876,disease,weather_lag3,3
18.358122,32.0,13.641878,186.10085,54.179455,disease,weather_lag3,3
19.813627,41.0,21.186373,448.8624,69.6764,disease,weather_lag3,3
17.239697,26.0,8.7603035,76.74292,40.519726,disease,weather_lag3,3
19.320766,26.999998,7.6792316,58.9706,33.156757,disease,weather_lag3,3
20.7348,42.0,21.2652,452.2087,67.793945,disease,weather_lag3,3
21.97537,35.0,13.02463,169.64098,45.720207,disease,weather_lag3,3
21.09933,34.0,12.900669,166.42726,46.826954,disease,weather_lag3,3
19.844551,33.0,13.155449,173.06584,49.789234,disease,weather_lag3,3
20.130781,38.0,17.869219,319.309,61.479366,disease,weather_lag3,3
23.252127,24.0,0.7478733,0.5593145,3.1654584,disease,weather_lag3,3
25.93434,25.0,0.9343395,0.87299037,3.6687999,disease,weather_lag3,3
24.329823,46.0,21.670177,469.5966,61.62444,disease,weather_lag3,3
19.939634,40.0,20.060366,402.41827,66.93523,disease,weather_lag3,3
20.845224,13.999999,6.8452253,46.85711,39.289318,disease,weather_lag3,3
20.600178,-1.2389615e-06,20.60018,424.3674,200.0,disease,weather_lag3,3
22.877522,-1.2389615e-06,22.877523,523.3811,200.0,disease,weather_lag3,3
21.53153,2.9999988,18.531532,343.4177,151.08339,disease,weather_lag3,3
24.969633,3.9999988,20.969635,439.7256,144.76978,disease,weather_lag3,3
19.25203,2.9999988,16.252031,264.1285,146.07236,disease,weather_lag3,3
17.859987,2.9999988,14.859988,220.81924,142.47363,disease,weather_lag3,3
15.214082,-1.2389615e-06,15.214083,231.4683,200.0,disease,weather_lag3,3
18.157146,44.0,25.842854,667.8531,83.15328,disease,weather_lag3,3
20.234356,44.0,23.765644,564.80585,73.996666,disease,weather_lag3,3
19.579226,31.0,11.420774,130.43408,45.159946,disease,weather_lag3,3
17.28508,26.999998,9.714918,94.37963,43.87445,disease,weather_lag3,3
14.031396,50.0,35.968605,1293.7406,112.34678,disease,weather_lag3,3
11.746036,39.0,27.253963,742.7785,107.41317,disease,weather_lag3,3
10.589408,-1.2389615e-06,10.589409,112.13558,200.0,disease,weather_lag3,3
15.461972,-1.2389615e-06,15.461973,239.07262,200.0,disease,weather_lag3,3
23.266151,33.0,9.733849,94.74781,34.599304,disease,weather_lag3,3
16.651293,38.0,21.348707,455.7673,78.127,disease,weather_lag3,3
14.666974,31.0,16.333027,266.76776,71.53103,disease,weather_lag3,3
16.422102,34.0,17.577898,308.9825,69.722984,disease,weather_lag3,3
11.906562,20.0,8.093438,65.50374,50.732124,disease,weather_lag3,3
10.091968,21.0,10.908032,118.98517,70.16624,disease,weather_lag3,3
12.534812,37.0,24.465187,598.54535,98.77977,disease,weather_lag3,3
29.57484,21.999998,7.5748425,57.37824,29.37418,disease,weather_lag3,3
21.560825,46.0,24.439175,597.27325,72.34718,disease,weather_lag3,3
20.070034,26.0,5.929966,35.164497,25.743267,disease,weather_lag3,3
15.829051,31.0,15.170949,230.1577,64.79289,disease,weather_lag3,3
21.965504,32.0,10.034496,100.69112,37.188557,disease,weather_lag3,3
19.292976,23.0,3.7070236,13.742024,17.530209,disease,weather_lag3,3
26.621334,23.0,3.621334,13.11406,14.595875,disease,weather_lag3,3
17.617085,32.0,14.3829155,206.86826,57.975655,disease,weather_lag3,3
21.217112,30.0,8.782888,77.13913,34.296696,disease,weather_lag3,3
33.2394,26.999998,6.239401,38.930122,20.71535,disease,weather_lag3,3
17.651144,26.999998,9.348854,87.40107,41.875095,disease,weather_lag3,3
18.533785,36.0,17.466215,305.06866,64.056496,disease,weather_lag3,3
25.58137,33.0,7.4186306,55.03608,25.32761,disease,weather_lag3,3
15.730477,39.0,23.269524,541.4707,85.03315,disease,weather_lag3,3
40.706326,37.0,3.7063255,13.736849,9.539314,disease,weather_lag3,3
19.532825,44.0,24.467175,598.64264,77.022156,disease,weather_lag3,3
21.093967,27.999998,6.9060307,47.69326,28.133928,disease,weather_lag3,3
16.499607,32.0,15.500393,240.26218,63.919662,disease,weather_lag3,3
39.318092,34.0,5.3180923,28.282106,14.506904,disease,weather_lag3,3
18.1951,26.999998,8.804897,77.526215,38.963947,disease,weather_lag3,3
18.104696,25.0,6.8953037,47.54521,31.993282,disease,weather_lag3,3
33.94242,59.0,25.057579,627.88226,53.92065,disease,weather_lag3,3
21.909658,56.0,34.09034,1162.1512,87.51249,disease,weather_lag3,3
21.79093,39.0,17.20907,296.1521,56.61723,disease,weather_lag3,3
46.861073,40.0,6.8610725,47.074318,15.797809,disease,weather_lag3,3
65.0314,42.0,23.031403,530.4455,43.03672,disease,weather_lag3,3
65.96639,49.0,16.966393,287.8585,29.515394,disease,weather_lag3,3
48.09593,41.0,7.095928,50.352196,15.928737,disease,weather_lag3,3
69.51467,31.0,38.51467,1483.3799,76.634926,disease,weather_lag3,3
29.730906,36.0,6.2690945,39.301544,19.07503,disease,weather_lag3,3
20.377825,48.0,27.622175,762.98456,80.79279,disease,weather_lag3,3
18.834879,48.0,29.165121,850.6043,87.275154,disease,weather_lag3,3
16.306795,65.0,48.693207,2371.0283,119.776474,disease,weather_lag3,3
30.530277,68.0,37.469723,1403.9801,76.05728,disease,weather_lag3,3
63.71211,8.999999,54.71211,2993.4148,150.48969,disease,weather_lag3,3
39.48522,7.9999986,31.485224,991.31934,132.61063,disease,weather_lag3,3
32.39855,11.999999,20.398548,416.10077,91.88836,disease,weather_lag3,3
19.381907,15.999999,3.3819075,11.437298,19.116594,disease,weather_lag3,3
16.847845,30.0,13.152155,172.97917,56.148384,disease,weather_lag3,3
28.65835,18.0,10.65835,113.600426,45.686787,disease,weather_lag3,3
24.77233,8.999999,15.77233,248.7664,93.40387,disease,weather_lag3,3
46.929848,27.999998,18.92985,358.3392,50.526855,disease,weather_lag3,3
28.722328,30.0,1.2776718,1.6324452,4.3515706,disease,weather_lag3,3
17.408115,38.0,20.591885,424.02573,74.32805,disease,weather_lag3,3
19.389214,34.0,14.610786,213.47508,54.733105,disease,weather_lag3,3
26.956987,32.0,5.0430126,25.431976,17.10743,disease,weather_lag3,3
29.712172,36.0,6.2878284,39.536785,19.137484,disease,weather_lag3,3
21.69102,46.0,24.30898,590.9266,71.82336,disease,weather_lag3,3
17.598034,46.0,28.401966,806.6717,89.317116,disease,weather_lag3,3
24.15441,19.0,5.1544094,26.567936,23.888216,disease,weather_lag3,3
19.216183,53.0,33.783817,1141.3463,93.56301,disease,weather_lag3,3
21.563824,23.0,1.4361763,2.0626023,6.445481,disease,weather_lag3,3
23.444576,25.0,1.5554237,2.419343,6.4214563,disease,weather_lag3,3
27.6826,35.0,7.3174,53.544342,23.347467,disease,weather_lag3,3
15.173764,21.999998,6.826234,46.59747,36.726086,disease,weather_lag3,3
14.771148,21.0,6.2288523,38.7986,34.826122,disease,weather_lag3,3
26.555145,37.0,10.444855,109.09499,32.868637,disease,weather_lag3,3
17.26092,23.0,5.7390804,32.937046,28.509438,disease,weather_lag3,3
21.471668,30.0,8.528332,72.732445,33.137966,disease,weather_lag3,3
18.021324,18.0,0.021324158,0.0004547197,0.11839741,disease,weather_lag3,3
29.075912,43.0,13.924088,193.88022,38.637283,disease,weather_lag3,3
42.85718,25.0,17.857182,318.87894,52.631664,disease,weather_lag3,3
28.852781,15.000001,13.85278,191.89952,63.17857,disease,weather_lag3,3
51.21126,16.999998,34.211266,1170.4106,100.30973,disease,weather_lag3,3
36.090607,4.9999986,31.090609,966.6259,151.32709,disease,weather_lag3,3
36.09365,8.999999,27.09365,734.0659,120.166145,disease,weather_lag3,3
39.145504,18.0,21.145504,447.13232,74.00584,disease,weather_lag3,3
21.80927,9.999999,11.809272,139.45891,74.2505,disease,weather_lag3,3
34.950157,9.999999,24.950157,622.5103,111.01254,disease,weather_lag3,3
33.45885,27.999998,5.458853,29.799074,17.764254,disease,weather_lag3,3
30.487114,21.0,9.487114,90.00533,36.85238,disease,weather_lag3,3
25.422598,33.0,7.577402,57.417023,25.939968,disease,weather_lag3,3
10.987029,39.0,28.01297,784.7265,112.080956,disease,weather_lag3,3
13.7797,38.0,24.220299,586.62286,93.55132,disease,weather_lag3,3
11.225017,52.0,40.774982,1662.5992,128.9837,disease,weather_lag3,3
11.996242,45.0,33.003757,1089.248,115.81029,disease,weather_lag3,3
11.69218,61.0,49.30782,2431.261,135.66197,disease,weather_lag3,3
15.269107,47.0,31.730892,1006.84955,101.91536,disease,weather_lag3,3
16.711329,46.0,29.288671,857.8263,93.40791,disease,weather_lag3,3
41.10691,67.0,25.89309,670.4521,47.902744,disease,weather_lag3,3
19.41343,59.0,39.58657,1567.0966,100.96885,disease,weather_lag3,3
31.467018,46.0,14.532982,211.20757,37.52044,disease,weather_lag3,3
59.11717,48.0,11.117168,123.59143,20.757025,disease,weather_lag3,3
50.605244,63.0,12.394756,153.62999,21.820747,disease,weather_lag3,3
43.051582,88.0,44.948418,2020.3602,68.59653,disease,weather_lag3,3
37.94599,65.0,27.054008,731.9194,52.559616,disease,weather_lag3,3
57.197872,60.0,2.8021278,7.8519206,4.7818747,disease,weather_lag3,3
43.624283,62.0,18.375717,337.667,34.794495,disease,weather_lag3,3
66.49752,83.0,16.50248,272.33182,22.077261,disease,weather_lag3,3
74.661835,84.0,9.338165,87.20133,11.771155,disease,weather_lag3,3
57.778275,94.0,36.221725,1312.0134,47.72979,disease,weather_lag3,3
62.331413,93.0,30.668587,940.5622,39.487938,disease,weather_lag3,3
41.867565,83.0,41.132435,1691.8772,65.88169,disease,weather_lag3,3
36.876728,77.0,40.123272,1609.877,70.46791,disease,weather_lag3,3
78.24464,45.0,33.244637,1105.2058,53.94902,disease,weather_lag3,3
76.89399,54.0,22.89399,524.13477,34.980965,disease,weather_lag3,3
96.634346,77.0,19.634346,385.50754,22.615742,disease,weather_lag3,3
73.16642,64.0,9.16642,84.023254,13.3654,disease,weather_lag3,3
106.940926,30.0,76.940926,5919.9062,112.37098,disease,weather_lag3,3
46.92153,90.0,43.07847,1855.7544,62.924313,disease,weather_lag3,3
47.511707,75.0,27.488293,755.60626,44.874557,disease,weather_lag3,3
63.49946,44.0,19.499458,380.22888,36.278244,disease,weather_lag3,3
67.431984,58.0,9.431984,88.96232,15.039201,disease,weather_lag3,3
43.557274,55.0,11.442726,130.93597,23.22046,disease,weather_lag3,3
37.68332,60.0,22.31668,498.03424,45.6919,disease,weather_lag3,3
31.517187,73.0,41.48281,1720.8236,79.37988,disease,weather_lag3,3
49.92107,98.0,48.07893,2311.5835,65.006195,disease,weather_lag3,3
28.339157,81.0,52.660843,2773.1643,96.325676,disease,weather_lag3,3
52.476097,87.0,34.523903,1191.8999,49.505116,disease,weather_lag3,3
61.81583,88.0,26.18417,685.6107,34.955143,disease,weather_lag3,3
63.423153,103.0,39.576847,1566.3268,47.561707,disease,weather_lag3,3
90.30931,109.0,18.69069,349.34186,18.755459,disease,weather_lag3,3
96.5558,112.0,15.444199,238.52327,14.810616,disease,weather_lag3,3
75.91025,73.0,2.9102478,8.4695425,3.9087274,disease,weather_lag3,3
76.14372,57.0,19.143723,366.48212,28.75648,disease,weather_lag3,3
96.96671,48.0,48.966713,2397.739,67.5558,disease,weather_lag3,3
76.55333,59.0,17.55333,308.1194,25.89878,disease,weather_lag3,3
77.38364,44.0,33.383636,1114.4672,55.00517,disease,weather_lag3,3
76.619225,78.0,1.3807755,1.9065409,1.7860333,disease,weather_lag3,3
89.4941,65.0,24.494102,599.96106,31.708786,disease,weather_lag3,3
98.78426,59.0,39.784264,1582.7876,50.428684,disease,weather_lag3,3
84.773315,61.0,23.773315,565.17053,32.616825,disease,weather_lag3,3
74.717964,68.0,6.717964,45.131042,9.414322,disease,weather_lag3,3
69.52267,84.0,14.477333,209.59317,18.860188,disease,weather_lag3,3
81.1707,46.0,35.1707,1236.9781,55.312584,disease,weather_lag3,3
70.06929,67.0,3.0692902,9.420542,4.4784503,disease,weather_lag3,3
77.32479,41.0,36.32479,1319.4905,61.398445,disease,weather_lag3,3
60.49392,46.0,14.493919,210.0737,27.22018,disease,weather_lag3,3
57.35402,70.0,12.645981,159.92084,19.85957,disease,weather_lag3,3
57.587605,74.0,16.412395,269.36673,24.945202,disease,weather_lag3,3
55.054962,90.0,34.945038,1221.1556,48.18179,disease,weather_lag3,3
62.535496,100.0,37.464504,1403.5891,46.10009,disease,weather_lag3,3
53.261707,114.0,60.738293,3689.1401,72.626656,disease,weather_lag3,3
62.669044,142.0,79.330956,6293.4004,77.52121,disease,weather_lag3,3
73.17582,108.0,34.82418,1212.7235,38.442417,disease,weather_lag3,3
84.493195,126.0,41.506805,1722.815,39.437668,disease,weather_lag3,3
96.904785,103.0,6.095215,37.151646,6.098118,disease,weather_lag3,3
89.58295,105.0,15.417053,237.68553,15.846254,disease,weather_lag3,3
185.78638,198.0,12.213623,149.17259,6.364803,pest,weather,1
138.81578,232.0,93.18422,8683.299,50.259037,pest,weather,1
217.38397,210.0,7.383972,54.523045,3.4554276,pest,weather,1
159.55243,131.0,28.55243,815.2412,19.65389,pest,weather,1
178.1392,103.0,75.139206,5645.9004,53.45338,pest,weather,1
204.34824,157.0,47.348236,2241.8555,26.20643,pest,weather,1
185.79204,165.0,20.792038,432.30884,11.854338,pest,weather,1
157.9274,202.0,44.0726,1942.3942,24.489717,pest,weather,1
133.80014,218.0,84.19986,7089.616,47.868008,pest,weather,1
205.85542,218.0,12.144577,147.49075,5.7305284,pest,weather,1
185.26001,142.0,43.26001,1871.4285,26.4377,pest,weather,1
259.6238,161.0,98.62381,9726.656,46.894066,pest,weather,1
160.29015,170.0,9.709854,94.281265,5.8795905,pest,weather,1
208.031,172.0,36.031006,1298.2334,18.962141,pest,weather,1
253.9988,222.0,31.998795,1023.92285,13.444906,pest,weather,1
193.94626,186.0,7.9462585,63.143024,4.182833,pest,weather,1
144.95609,223.0,78.043915,6090.8525,42.42023,pest,weather,1
165.08508,163.0,2.085083,4.3475714,1.2710624,pest,weather,1
100.74569,109.0,8.254311,68.133644,7.870779,pest,weather,1
111.35005,199.0,87.64995,7682.513,56.484573,pest,weather,1
167.24895,116.0,51.248947,2626.4546,36.186504,pest,weather,1
105.69552,101.0,4.6955185,22.047894,4.543416,pest,weather,1
105.097664,119.0,13.902336,193.27495,12.407391,pest,weather,1
88.607666,55.0,33.607666,1129.4752,46.804836,pest,weather,1
29.153824,52.0,22.846176,521.94775,56.303387,pest,weather,1
34.41974,61.0,26.580261,706.5103,55.712288,pest,weather,1
86.7996,93.0,6.2004013,38.444977,6.8970137,pest,weather,1
70.08244,98.0,27.917557,779.38995,33.218884,pest,weather,1
96.53433,98.0,1.4656677,2.148182,1.5068474,pest,weather,1
50.09723,108.0,57.90277,3352.731,73.24957,pest,weather,1
60.080544,46.999992,13.080551,171.10081,24.431238,pest,weather,1
46.156944,32.000008,14.156937,200.41885,36.22694,pest,weather,1
27.180603,48.0,20.819397,433.4473,55.385025,pest,weather,1
48.309708,114.0,65.69029,4315.2144,80.944374,pest,weather,1
77.52486,85.0,7.4751434,55.87777,9.19877,pest,weather,1
31.524109,105.0,73.47589,5398.7065,107.63798,pest,weather,1
91.051346,97.0,5.948654,35.386486,6.3266277,pest,weather,1
59.38788,118.0,58.61212,3435.3809,66.083565,pest,weather,1
43.903625,67.0,23.096375,533.4425,41.651253,pest,weather,1
38.983765,46.999992,8.016228,64.25991,18.645912,pest,weather,1
27.641823,90.0,62.358177,3888.5422,106.01362,pest,weather,1
45.016724,129.0,83.98328,7053.191,96.523224,pest,weather,1
130.68768,90.0,40.687683,1655.4875,36.873543,pest,weather,1
100.041336,24.0,76.041336,5782.2847,122.606445,pest,weather,1
53.824013,43.000008,10.824005,117.15909,22.358099,pest,weather,1
39.39038,59.0,19.60962,384.53717,39.860844,pest,weather,1
33.855263,54.0,20.144737,405.81042,45.85892,pest,weather,1
49.100746,42.0,7.100746,50.420597,15.588777,pest,weather,1
42.94506,110.0,67.05494,4496.3647,87.685,pest,weather,1
43.713593,102.0,58.286407,3397.3052,80.00133,pest,weather,1
102.7696,31.0,71.7696,5150.8755,107.30331,pest,weather,1
65.5693,87.0,21.430702,459.275,28.093073,pest,weather,1
46.628304,20.0,26.628304,709.0665,79.93091,pest,weather,1
23.92614,24.0,0.07386017,0.0054553244,0.30822498,pest,weather,1
25.600044,74.0,48.399956,2342.5557,97.18862,pest,weather,1
29.40355,88.99999,59.596443,3551.736,100.66666,pest,weather,1
34.307106,126.0,91.692894,8407.587,114.396545,pest,weather,1
28.714096,84.0,55.285904,3056.5312,98.099365,pest,weather,1
28.68908,152.0,123.31092,15205.583,136.48962,pest,weather,1
73.79237,78.0,4.2076263,17.704119,5.5439234,pest,weather,1
71.02035,52.0,19.020348,361.77362,30.92228,pest,weather,1
25.405334,83.0,57.594666,3317.1455,106.25799,pest,weather,1
75.06665,103.0,27.93335,780.27203,31.374037,pest,weather,1
62.003265,99.0,36.996735,1368.7584,45.957745,pest,weather,1
32.826294,128.0,95.173706,9058.034,118.3559,pest,weather,1
46.048897,118.0,71.9511,5176.9614,87.7191,pest,weather,1
32.013596,52.0,19.986404,399.45636,47.578976,pest,weather,1
28.19912,40.0,11.80088,139.26077,34.607132,pest,weather,1
28.826317,88.99999,60.173676,3620.8713,102.139626,pest,weather,1
40.46373,81.0,40.53627,1643.1892,66.74629,pest,weather,1
45.603523,75.0,29.396477,864.15283,48.74895,pest,weather,1
31.125473,100.0,68.87453,4743.7007,105.05133,pest,weather,1
59.021584,64.0,4.9784164,24.78463,8.093566,pest,weather,1
41.0018,63.0,21.9982,483.92078,42.303497,pest,weather,1
27.611671,57.0,29.388329,863.6738,69.46637,pest,weather,1
27.008842,69.0,41.991158,1763.2573,87.473526,pest,weather,1
38.051353,82.0,43.948647,1931.4835,73.216415,pest,weather,1
38.228653,34.000008,4.2286453,17.881441,11.709051,pest,weather,1
32.840607,34.000008,1.1594009,1.3442105,3.4691508,pest,weather,1
24.277023,51.0,26.722977,714.1175,70.99902,pest,weather,1
23.892387,8.000008,15.89238,252.56773,99.662506,pest,weather,1
18.155182,6.0,12.155182,147.74844,100.64244,pest,weather,1
18.122826,10.000008,8.122818,65.98017,57.766712,pest,weather,1
23.375221,8.000008,15.375214,236.3972,98.00861,pest,weather,1
25.78814,6.0,19.78814,391.57047,124.500145,pest,weather,1
22.656128,136.0,113.34387,12846.833,142.87991,pest,weather,1
31.798431,136.0,104.20157,10857.967,124.198494,pest,weather,1
28.82106,169.0,140.17894,19650.135,141.72296,pest,weather,1
92.48403,71.0,21.484032,461.56363,26.282728,pest,weather,1
31.321083,132.0,100.67892,10136.244,123.28956,pest,weather,1
54.05181,116.0,61.94819,3837.5781,72.85801,pest,weather,1
135.10175,2.9999998,132.10175,17450.871,191.31075,pest,weather,1
140.63615,16.0,124.636154,15534.171,159.14098,pest,weather,1
109.578,106.0,3.578003,12.802105,3.3194509,pest,weather,1
67.47409,124.0,56.52591,3195.1785,59.042885,pest,weather,1
24.398026,127.0,102.601974,10527.165,135.53938,pest,weather,1
86.43778,225.0,138.56223,19199.49,88.982285,pest,weather,1
130.46248,197.0,66.53752,4427.2417,40.63826,pest,weather,1
201.88336,191.0,10.883362,118.44756,5.540251,pest,weather,1
120.07625,168.0,47.92375,2296.686,33.271576,pest,weather,1
140.46632,214.0,73.533676,5407.2017,41.4898,pest,weather,1
173.66248,152.0,21.662476,469.26285,13.303636,pest,weather,1
96.1128,136.0,39.8872,1590.9886,34.36881,pest,weather,1
77.20523,225.99998,148.79475,22139.879,98.147896,pest,weather,1
220.57231,241.0,20.427689,417.29047,8.851349,pest,weather,1
137.80702,162.0,24.192978,585.3002,16.139034,pest,weather,1
99.602196,216.0,116.397804,13548.449,73.76235,pest,weather,1
137.2436,190.0,52.756393,2783.237,32.24289,pest,weather,1
119.71182,158.0,38.288177,1465.9845,27.574036,pest,weather,1
189.45686,165.0,24.456863,598.1382,13.799628,pest,weather,1
150.0946,195.0,44.905396,2016.4945,26.024977,pest,weather,1
204.5922,232.0,27.407806,751.18787,12.555335,pest,weather,1
241.04906,201.0,40.049057,1603.927,18.119734,pest,weather,1
198.96259,285.0,86.037415,7402.4365,35.555397,pest,weather,1
205.09776,237.0,31.902237,1017.75275,14.432208,pest,weather,1
223.93361,190.0,33.93361,1151.4899,16.395678,pest,weather,1
269.6757,183.0,86.67569,7512.6753,38.294827,pest,weather,1
152.30176,233.0,80.69824,6512.206,41.888332,pest,weather,1
200.07709,186.0,14.077087,198.16438,7.2923713,pest,weather,1
173.51257,205.0,31.487427,991.45807,16.637453,pest,weather,1
173.60222,209.0,35.39778,1253.0029,18.503698,pest,weather,1
148.94873,282.0,133.05127,17702.64,61.748077,pest,weather,1
162.61317,189.0,26.386826,696.2646,15.00901,pest,weather,1
193.76929,185.0,8.769287,76.9004,4.630411,pest,weather,1
195.66762,299.0,103.33238,10677.581,41.77851,pest,weather,1
227.03566,304.0,76.96434,5923.51,28.986507,pest,weather,1
278.0845,288.0,9.915497,98.31708,3.5031862,pest,weather,1
264.84644,266.0,1.1535645,1.3307109,0.43461323,pest,weather,1
241.00217,222.0,19.002167,361.08234,8.208241,pest,weather,1
188.11949,134.0,54.11949,2928.9194,33.60212,pest,weather,1
147.3959,201.0,53.604095,2873.3992,30.771944,pest,weather,1
204.7158,232.0,27.284195,744.4273,12.495172,pest,weather,1
215.82864,298.0,82.17136,6752.132,31.983953,pest,weather,1
218.94565,248.0,29.054352,844.15533,12.444426,pest,weather,1
202.25717,59.0,143.25717,20522.617,109.66755,pest,weather,1
159.54941,35.0,124.54941,15512.555,128.03885,pest,weather,1
97.9787,32.000008,65.97869,4353.1875,101.522316,pest,weather,1
58.430725,25.0,33.430725,1117.6134,80.140076,pest,weather,1
78.59008,29.0,49.59008,2459.176,92.18337,pest,weather,1
93.86388,75.0,18.863876,355.84583,22.34211,pest,weather,1
77.2178,49.0,28.217796,796.244,44.712864,pest,weather,1
102.72751,92.0,10.727509,115.07944,11.017969,pest,weather,1
67.181885,139.0,71.818115,5157.842,69.66482,pest,weather,1
119.49066,119.0,0.49066162,0.24074882,0.41147238,pest,weather,1
95.224075,82.0,13.224075,174.87617,14.923565,pest,weather,1
85.62905,217.0,131.37094,17258.324,86.81978,pest,weather,1
156.65636,205.0,48.343643,2337.108,26.734573,pest,weather,1
199.35106,155.0,44.35106,1967.0165,25.03227,pest,weather,1
208.06898,244.0,35.931015,1291.0378,15.896254,pest,weather,1
152.62679,140.0,12.626785,159.4357,8.629959,pest,weather,1
153.8099,211.0,57.190094,3270.7068,31.353367,pest,weather,1
133.36815,117.0,16.368149,267.9163,13.075264,pest,weather,1
83.8068,270.0,186.1932,34667.91,105.25135,pest,weather,1
177.30838,282.0,104.69162,10960.335,45.586636,pest,weather,1
170.83871,251.99998,81.16127,6587.152,38.388763,pest,weather,1
199.71373,166.0,33.71373,1136.6156,18.437223,pest,weather,1
144.46068,150.0,5.539322,30.684088,3.7623506,pest,weather,1
154.54123,152.0,2.5412292,6.457846,1.6580015,pest,weather,1
120.949844,160.0,39.050156,1524.9147,27.798668,pest,weather,1
203.13329,168.0,35.133286,1234.3478,18.932974,pest,weather,1
130.12138,139.0,8.878616,78.82983,6.5982237,pest,weather,1
104.94802,165.0,60.05198,3606.2402,44.491512,pest,weather,1
184.74937,87.0,97.749374,9554.94,71.94082,pest,weather,1
91.48592,123.0,31.514076,993.137,29.38568,pest,weather,1
117.79331,46.0,71.79331,5154.28,87.66331,pest,weather,1
52.534706,42.0,10.534706,110.980034,22.287489,pest,weather,1
115.62715,58.0,57.62715,3320.8887,66.38035,pest,weather,1
63.379745,46.999992,16.379753,268.29633,29.678913,pest,weather,1
109.62198,143.0,33.37802,1114.0923,26.425272,pest,weather,1
147.54819,159.0,11.451813,131.14401,7.4714603,pest,weather,1
171.38504,133.0,38.38504,1473.4114,25.22137,pest,weather,1
153.93652,167.0,13.063477,170.65442,8.140848,pest,weather,1
131.60095,128.0,3.6009521,12.966856,2.7742212,pest,weather,1
140.7052,256.0,115.2948,13292.891,58.126186,pest,weather,1
187.79675,200.0,12.203247,148.91924,6.2936306,pest,weather,1
191.60469,288.0,96.39531,9292.056,40.19782,pest,weather,1
172.97691,211.0,38.023087,1445.7551,19.804882,pest,weather,1
183.95717,190.0,6.0428314,36.515812,3.2318308,pest,weather,1
152.61455,101.0,51.614548,2664.0615,40.703144,pest,weather,1
98.78451,128.0,29.215492,853.545,25.76498,pest,weather,1
154.79665,206.0,51.203354,2621.7834,28.3835,pest,weather,1
153.50694,198.0,44.493057,1979.6322,25.315607,pest,weather,1
198.03308,203.0,4.966919,24.670284,2.477062,pest,weather,1
211.43452,154.0,57.434525,3298.7246,31.433552,pest,weather,1
135.03725,215.0,79.96275,6394.042,45.68814,pest,weather,1
135.68272,143.0,7.317276,53.542526,5.2513304,pest,weather,1
161.1393,101.0,60.139297,3616.735,45.88347,pest,weather,1
199.38419,148.0,51.384186,2640.3345,29.583492,pest,weather,1
173.21162,240.0,66.788376,4460.687,32.326473,pest,weather,1
191.07129,242.0,50.92871,2593.7336,23.519781,pest,weather,1
164.69287,214.0,49.30713,2431.1929,26.040693,pest,weather,1
180.42323,130.0,50.423233,2542.5024,32.486767,pest,weather,1
156.44669,122.0,34.446686,1186.5742,24.742033,pest,weather,1
156.0201,163.0,6.979904,48.719063,4.37584,pest,weather,1
157.39778,106.0,51.39778,2641.732,39.02674,pest,weather,1
134.57028,144.0,9.429718,88.91958,6.770082,pest,weather,1
181.04973,106.0,75.04973,5632.462,52.290398,pest,weather,1
174.67102,96.0,78.67102,6189.1294,58.13036,pest,weather,1
128.06752,51.0,77.06752,5939.403,86.07649,pest,weather,1
103.4066,121.0,17.5934,309.52768,15.67993,pest,weather,1
130.96268,127.0,3.962677,15.702809,3.072287,pest,weather,1
114.541504,141.0,26.458496,700.052,20.707788,pest,weather,1
170.5637,117.0,53.563705,2869.0706,37.253452,pest,weather,1
139.44197,120.0,19.44197,377.99023,14.98753,pest,weather,1
152.74982,108.0,44.749817,2002.5461,34.323948,pest,weather,1
108.2598,76.0,32.259804,1040.695,35.015564,pest,weather,1
99.08531,98.0,1.0853119,1.1779019,1.1013625,pest,weather,1
115.735016,75.0,40.735016,1659.3416,42.713726,pest,weather,1
84.16795,44.0,40.167953,1613.4645,62.680183,pest,weather,1
53.01191,135.0,81.98809,6722.047,87.21585,pest,weather,1
132.03023,123.0,9.030228,81.54501,7.0816917,pest,weather,1
105.31076,186.0,80.68924,6510.7534,55.39736,pest,weather,1
174.6039,213.0,38.396103,1474.2607,19.812033,pest,weather,1
147.9516,144.0,3.9515991,15.615135,2.7070234,pest,weather,1
116.98322,149.0,32.016777,1025.074,24.074284,pest,weather,1
138.58733,108.0,30.587326,935.58453,24.808514,pest,weather,1
149.50134,146.0,3.5013428,12.259401,2.3697643,pest,weather,1
164.4871,125.0,39.487106,1559.2316,27.280733,pest,weather,1
145.08948,159.0,13.910522,193.50264,9.148967,pest,weather,1
149.26215,166.0,16.737854,280.15576,10.618372,pest,weather,1
140.54538,191.0,50.45462,2545.6687,30.436028,pest,weather,1
172.58534,134.0,38.585342,1488.8286,25.17103,pest,weather,1
130.95177,190.0,59.048233,3486.6938,36.795704,pest,weather,1
178.00311,127.0,51.003113,2601.3176,33.444324,pest,weather,1
153.6465,168.0,14.3535,206.02298,8.925016,pest,weather,1
207.51476,124.0,83.514755,6974.7144,50.383728,pest,weather,1
154.80374,185.0,30.196259,911.814,17.772764,pest,weather,1
163.48793,95.0,68.48793,4690.5967,52.991207,pest,weather,1
106.2865,178.0,71.7135,5142.826,50.451572,pest,weather,1
162.70192,143.0,19.70192,388.16565,12.889628,pest,weather,1
151.73155,142.0,9.731552,94.70311,6.626154,pest,weather,1
172.4633,116.0,56.463303,3188.1045,39.147648,pest,weather,1
137.0782,173.0,35.9218,1290.3756,23.16951,pest,weather,1
112.286804,147.0,34.713196,1205.006,26.775906,pest,weather,1
160.95363,106.0,54.95363,3019.9014,41.170918,pest,weather,1
148.56883,130.0,18.568832,344.80154,13.3315935,pest,weather,1
147.0715,154.0,6.9284973,48.004074,4.602559,pest,weather,1
159.44342,84.0,75.44342,5691.7095,61.980247,pest,weather,1
107.41324,210.0,102.58676,10524.044,64.639244,pest,weather,3
177.5295,131.0,46.529495,2164.994,30.162107,pest,weather,3
148.71674,103.0,45.716736,2090.02,36.32395,pest,weather,3
221.025,157.0,64.024994,4099.1997,33.873417,pest,weather,3
295.25656,165.0,130.25656,16966.771,56.601723,pest,weather,3
263.74927,202.0,61.749268,3812.9722,26.516098,pest,weather,3
212.97227,218.0,5.027725,25.27802,2.3332012,pest,weather,3
220.14235,218.0,2.1423492,4.58966,0.9779239,pest,weather,3
166.64223,142.0,24.642227,607.2394,15.968151,pest,weather,3
187.3562,161.0,26.356201,694.64935,15.131754,pest,weather,3
210.12608,170.0,40.126083,1610.1025,21.111986,pest,weather,3
201.36284,172.0,29.362839,862.1763,15.728849,pest,weather,3
208.39511,222.0,13.604889,185.093,6.3220463,pest,weather,3
205.08458,186.0,19.08458,364.22116,9.759822,pest,weather,3
240.04865,223.0,17.048645,290.6563,7.3636518,pest,weather,3
161.78833,163.0,1.2116699,1.4681439,0.746129,pest,weather,3
164.08356,109.0,55.083557,3034.1982,40.341908,pest,weather,3
153.99141,199.0,45.00859,2025.7732,25.50124,pest,weather,3
234.46703,116.0,118.467026,14034.437,67.60523,pest,weather,3
187.86154,101.0,86.86154,7544.9272,60.140602,pest,weather,3
193.96957,119.0,74.969574,5620.437,47.90854,pest,weather,3
195.93585,55.0,140.93585,19862.914,112.32819,pest,weather,3
139.83838,52.0,87.83838,7715.5806,91.57539,pest,weather,3
120.84503,61.0,59.84503,3581.4277,65.81982,pest,weather,3
131.82907,93.0,38.82907,1507.6968,34.54097,pest,weather,3
118.715836,98.0,20.715836,429.14584,19.117971,pest,weather,3
113.51919,98.0,15.519188,240.8452,14.674023,pest,weather,3
62.1305,108.0,45.8695,2104.011,53.922726,pest,weather,3
84.85465,46.999992,37.85466,1432.9753,57.418777,pest,weather,3
90.3195,32.000008,58.319496,3401.1636,95.356,pest,weather,3
49.195908,48.0,1.1959076,1.430195,2.4608188,pest,weather,3
54.13057,114.0,59.86943,3584.3486,71.21778,pest,weather,3
49.372337,85.0,35.627663,1269.3303,53.028267,pest,weather,3
22.964317,105.0,82.03568,6729.853,128.21649,pest,weather,3
44.248436,97.0,52.751564,2782.7275,74.693306,pest,weather,3
32.30101,118.0,85.69899,7344.317,114.036476,pest,weather,3
39.74991,67.0,27.250092,742.5675,51.054077,pest,weather,3
27.752304,46.999992,19.247688,370.4735,51.49725,pest,weather,3
43.017067,90.0,46.982933,2207.396,70.64197,pest,weather,3
77.567085,129.0,51.432915,2645.3447,49.797787,pest,weather,3
47.328697,90.0,42.671303,1820.8401,62.144768,pest,weather,3
42.362473,24.0,18.362473,337.1804,55.339928,pest,weather,3
149.74277,43.000008,106.74276,11394.017,110.76188,pest,weather,3
214.04672,59.0,155.04672,24039.486,113.5679,pest,weather,3
195.00784,54.0,141.00784,19883.21,113.25574,pest,weather,3
184.06274,42.0,142.06274,20181.824,125.68434,pest,weather,3
97.17081,110.0,12.829193,164.5882,12.385136,pest,weather,3
163.1602,102.0,61.160202,3740.5703,46.130753,pest,weather,3
146.30019,31.0,115.300186,13294.133,130.06212,pest,weather,3
249.64452,87.0,162.64452,26453.238,96.62686,pest,weather,3
204.062,20.0,184.062,33878.82,164.29561,pest,weather,3
227.6605,24.0,203.6605,41477.6,161.85338,pest,weather,3
156.59879,74.0,82.598785,6822.5596,71.63853,pest,weather,3
140.48251,88.99999,51.48252,2650.45,44.868362,pest,weather,3
62.50048,126.0,63.49952,4032.189,67.37332,pest,weather,3
48.34143,84.0,35.65857,1271.5336,53.888744,pest,weather,3
40.683098,152.0,111.3169,12391.453,115.54402,pest,weather,3
41.74774,78.0,36.25226,1314.2262,60.54771,pest,weather,3
68.50866,52.0,16.50866,272.53583,27.398294,pest,weather,3
189.87355,83.0,106.87355,11421.956,78.33193,pest,weather,3
84.901184,103.0,18.098816,327.56714,19.264185,pest,weather,3
76.6441,99.0,22.355904,499.78644,25.45591,pest,weather,3
49.908318,128.0,78.09168,6098.311,87.78868,pest,weather,3
96.0568,118.0,21.9432,481.504,20.502222,pest,weather,3
66.20964,52.0,14.2096405,201.91388,24.041424,pest,weather,3
42.29956,40.0,2.2995605,5.2879786,5.588269,pest,weather,3
45.23913,88.99999,43.760864,1915.0132,65.19838,pest,weather,3
39.436455,81.0,41.563545,1727.5283,69.02154,pest,weather,3
33.5514,75.0,41.4486,1717.9865,76.366776,pest,weather,3
42.42827,100.0,57.57173,3314.5044,80.843124,pest,weather,3
46.76268,64.0,17.23732,297.1252,31.124779,pest,weather,3
46.536934,63.0,16.463066,271.03253,30.05939,pest,weather,3
26.040474,57.0,30.959526,958.49225,74.5649,pest,weather,3
34.21479,69.0,34.78521,1210.0109,67.403534,pest,weather,3
32.315117,82.0,49.684883,2468.5876,86.92618,pest,weather,3
41.479385,34.000008,7.4793777,55.94109,19.818329,pest,weather,3
28.290565,34.000008,5.709442,32.59773,18.33164,pest,weather,3
23.015846,51.0,27.984154,783.11285,75.61666,pest,weather,3
17.62252,8.000008,9.622513,92.59275,75.10979,pest,weather,3
46.034096,6.0,40.034096,1602.7289,153.8764,pest,weather,3
36.23578,10.000008,26.235771,688.3157,113.48686,pest,weather,3
44.283905,8.000008,36.283897,1316.5212,138.79565,pest,weather,3
36.0056,6.0,30.0056,900.33606,142.86476,pest,weather,3
39.244965,136.0,96.755035,9361.537,110.42261,pest,weather,3
29.981964,136.0,106.018036,11239.824,127.74645,pest,weather,3
30.725914,169.0,138.27408,19119.72,138.46384,pest,weather,3
31.3042,71.0,39.6958,1575.7566,77.60346,pest,weather,3
47.355965,132.0,84.644035,7164.613,94.38664,pest,weather,3
64.93998,116.0,51.06002,2607.1257,56.43863,pest,weather,3
34.8498,2.9999998,31.8498,1014.4098,168.29575,pest,weather,3
57.912346,16.0,41.912346,1756.6448,113.41095,pest,weather,3
180.82283,106.0,74.82283,5598.456,52.173553,pest,weather,3
170.5748,124.0,46.5748,2169.212,31.621712,pest,weather,3
65.250465,127.0,61.749535,3813.0051,64.23863,pest,weather,3
66.82778,225.0,158.17221,25018.447,108.40106,pest,weather,3
87.54873,197.0,109.45127,11979.581,76.92972,pest,weather,3
146.94673,191.0,44.05327,1940.6904,26.07113,pest,weather,3
161.2593,168.0,6.7407074,45.437138,4.0944676,pest,weather,3
209.19688,214.0,4.803116,23.069921,2.26992,pest,weather,3
185.8619,152.0,33.861893,1146.6278,20.044813,pest,weather,3
201.0707,136.0,65.070694,4234.1953,38.609524,pest,weather,3
160.6613,225.99998,65.338684,4269.1436,33.79634,pest,weather,3
177.7427,241.0,63.257294,4001.485,30.212965,pest,weather,3
163.36148,162.0,1.3614807,1.8536297,0.8369034,pest,weather,3
120.46448,216.0,95.53552,9127.036,56.78788,pest,weather,3
204.39734,190.0,14.397339,207.28337,7.300931,pest,weather,3
118.95943,158.0,39.040573,1524.1664,28.19227,pest,weather,3
157.41646,165.0,7.583542,57.51011,4.7041903,pest,weather,3
202.9675,195.0,7.967499,63.481037,4.004095,pest,weather,3
299.7817,232.0,67.78171,4594.36,25.492304,pest,weather,3
160.92574,201.0,40.074265,1605.9467,22.145021,pest,weather,3
262.22513,285.0,22.774872,518.69476,8.323767,pest,weather,3
214.14806,237.0,22.851944,522.21136,10.130574,pest,weather,3
206.58781,190.0,16.587814,275.15558,8.365267,pest,weather,3
202.51352,183.0,19.51352,380.77744,10.123391,pest,weather,3
289.80566,233.0,56.805664,3226.8835,21.731081,pest,weather,3
251.69206,186.0,65.69206,4315.4473,30.017477,pest,weather,3
210.70142,205.0,5.701416,32.506145,2.7430344,pest,weather,3
164.41084,209.0,44.589157,1988.1929,23.882092,pest,weather,3
169.75389,282.0,112.24611,12599.189,49.693478,pest,weather,3
128.88725,189.0,60.112747,3613.5425,37.820168,pest,weather,3
126.07236,185.0,58.927643,3472.467,37.886776,pest,weather,3
146.7635,299.0,152.2365,23175.951,68.30371,pest,weather,3
144.37767,304.0,159.62233,25479.29,71.19994,pest,weather,3
158.8341,288.0,129.1659,16683.828,57.8138,pest,weather,3
162.04314,266.0,103.95686,10807.029,48.57308,pest,weather,3
158.22696,222.0,63.77304,4067.0007,33.544724,pest,weather,3
108.94066,134.0,25.059341,627.9706,20.63001,pest,weather,3
185.7408,201.0,15.259201,232.84322,7.891177,pest,weather,3
106.577034,232.0,125.422966,15730.92,74.088295,pest,weather,3
154.19044,298.0,143.80956,20681.188,63.60575,pest,weather,3
118.51712,248.0,129.48288,16765.816,70.65584,pest,weather,3
149.00314,59.0,90.00314,8100.566,86.54018,pest,weather,3
90.739426,35.0,55.739426,3106.8835,88.65863,pest,weather,3
107.68528,32.000008,75.68527,5728.2603,108.36542,pest,weather,3
88.25649,25.0,63.256493,4001.3838,111.70484,pest,weather,3
192.67294,29.0,163.67294,26788.832,147.67065,pest,weather,3
198.90228,75.0,123.90228,15351.775,90.471886,pest,weather,3
136.29929,49.0,87.299286,7621.1655,94.225174,pest,weather,3
130.77023,92.0,38.770233,1503.131,34.807373,pest,weather,3
60.781143,139.0,78.21886,6118.1895,78.30455,pest,weather,3
45.33573,119.0,73.66427,5426.4243,89.65095,pest,weather,3
53.989563,82.0,28.010437,784.5846,41.19498,pest,weather,3
48.357742,217.0,168.64226,28440.21,127.10559,pest,weather,3
39.576256,205.0,165.42374,27365.012,135.27374,pest,weather,3
47.709526,155.0,107.290474,11511.246,105.85637,pest,weather,3
160.16951,244.0,83.83049,7027.5513,41.482838,pest,weather,3
242.09566,140.0,102.09566,10423.523,53.439842,pest,weather,3
259.79272,211.0,48.792725,2380.73,20.727901,pest,weather,3
222.94875,117.0,105.948746,11225.137,62.332188,pest,weather,3
246.84767,270.0,23.152328,536.03033,8.959053,pest,weather,3
240.47244,282.0,41.527557,1724.538,15.896556,pest,weather,3
236.99312,251.99998,15.006866,225.20604,6.137864,pest,weather,3
191.93964,166.0,25.939636,672.86475,14.49386,pest,weather,3
162.11082,150.0,12.110825,146.67207,7.760592,pest,weather,3
156.81667,152.0,4.8166656,23.200268,3.1194339,pest,weather,3
132.4239,160.0,27.576096,760.44104,18.860357,pest,weather,3
171.82243,168.0,3.8224335,14.610997,2.249665,pest,weather,3
206.20633,139.0,67.20633,4516.691,38.936905,pest,weather,3
219.78989,165.0,54.789886,3001.9316,28.477821,pest,weather,3
174.89415,87.0,87.89415,7725.3813,67.12189,pest,weather,3
124.11235,123.0,1.1123505,1.2373235,0.90027916,pest,weather,3
142.19452,46.0,96.19452,9253.386,102.22882,pest,weather,3
175.68817,42.0,133.68817,17872.527,122.825386,pest,weather,3
193.73987,58.0,135.73987,18425.312,107.84137,pest,weather,3
184.79729,46.999992,137.7973,18988.096,118.89467,pest,weather,3
144.1153,143.0,1.1152954,1.2438838,0.77689725,pest,weather,3
113.61366,159.0,45.386337,2059.9197,33.297188,pest,weather,3
57.05011,133.0,75.94989,5768.3857,79.92618,pest,weather,3
126.93892,167.0,40.06108,1604.8903,27.2581,pest,weather,3
97.879395,128.0,30.120605,907.25085,26.669636,pest,weather,3
140.74486,256.0,115.25514,13283.748,58.10038,pest,weather,3
155.35995,200.0,44.640045,1992.7336,25.123846,pest,weather,3
157.10992,288.0,130.89008,17132.21,58.812477,pest,weather,3
170.35687,211.0,40.643127,1651.8638,21.31501,pest,weather,3
131.64536,190.0,58.354645,3405.2646,36.285084,pest,weather,3
127.89653,101.0,26.89653,723.42334,23.501038,pest,weather,3
97.1993,128.0,30.800697,948.683,27.354166,pest,weather,3
189.80139,206.0,16.198608,262.39493,8.185221,pest,weather,3
148.95732,198.0,49.04268,2405.1843,28.27015,pest,weather,3
224.52571,203.0,21.525711,463.35623,10.069903,pest,weather,3
153.82556,154.0,0.17443848,0.030428782,0.11333593,pest,weather,3
141.14778,215.0,73.85222,5454.1504,41.472797,pest,weather,3
94.93806,143.0,48.061943,2309.9504,40.3987,pest,weather,3
213.39848,101.0,112.39848,12633.419,71.50065,pest,weather,3
223.85004,148.0,75.85004,5753.228,40.796036,pest,weather,3
161.76396,240.0,78.23604,6120.8774,38.946266,pest,weather,3
93.004616,242.0,148.99539,22199.627,88.95125,pest,weather,3
178.47859,214.0,35.521408,1261.7704,18.101068,pest,weather,3
131.6628,130.0,1.662796,2.7648907,1.2709458,pest,weather,3
130.11754,122.0,8.117538,65.89443,6.4394875,pest,weather,3
127.620636,163.0,35.379364,1251.6993,24.347454,pest,weather,3
191.27261,106.0,85.27261,7271.4185,57.369976,pest,weather,3
118.00829,144.0,25.991707,675.56885,19.840368,pest,weather,3
154.09677,106.0,48.09677,2313.2993,36.983753,pest,weather,3
139.05908,96.0,43.059082,1854.0846,36.636818,pest,weather,3
276.3566,51.0,225.3566,50785.598,137.68265,pest,weather,3
207.3974,121.0,86.3974,7464.5107,52.61759,pest,weather,3
192.10075,127.0,65.10075,4238.108,40.80263,pest,weather,3
95.055595,141.0,45.944405,2110.8884,38.926765,pest,weather,3
181.44112,117.0,64.44112,4152.6577,43.185146,pest,weather,3
147.6999,120.0,27.699905,767.2847,20.694746,pest,weather,3
69.34652,108.0,38.65348,1494.0916,43.590908,pest,weather,3
47.30391,76.0,28.69609,823.46564,46.545307,pest,weather,3
85.188255,98.0,12.811745,164.14081,13.987517,pest,weather,3
164.01126,75.0,89.01126,7923.0044,74.4829,pest,weather,3
194.00467,44.0,150.00467,22501.4,126.051865,pest,weather,3
180.09836,135.0,45.09836,2033.8619,28.624939,pest,weather,3
188.22261,123.0,65.22261,4253.989,41.913803,pest,weather,3
146.24245,186.0,39.757553,1580.6631,23.932856,pest,weather,3
119.1167,213.0,93.8833,8814.074,56.536335,pest,weather,3
98.67061,144.0,45.32939,2054.7537,37.35878,pest,weather,3
85.04574,149.0,63.95426,4090.1477,54.651077,pest,weather,3
88.38855,108.0,19.61145,384.60898,19.972092,pest,weather,3
137.36296,146.0,8.637039,74.59844,6.0960956,pest,weather,3
182.79372,125.0,57.793716,3340.1138,37.55354,pest,weather,3
172.20729,159.0,13.207291,174.43253,7.9752417,pest,weather,3
200.4773,166.0,34.477295,1188.6838,18.815514,pest,weather,3
231.4989,191.0,40.4989,1640.161,19.171127,pest,weather,3
231.97305,134.0,97.97305,9598.719,53.54113,pest,weather,3
211.94328,190.0,21.943283,481.50766,10.918596,pest,weather,3
130.42352,127.0,3.423523,11.72051,2.659837,pest,weather,3
163.6869,168.0,4.313095,18.602789,2.6007028,pest,weather,3
171.86916,124.0,47.869156,2291.456,32.35833,pest,weather,3
153.51614,185.0,31.483856,991.2332,18.601095,pest,weather,3
81.81073,95.0,13.18927,173.95685,14.919083,pest,weather,3
145.10484,178.0,32.895157,1082.0913,20.361908,pest,weather,3
122.02577,143.0,20.974228,439.91824,15.828067,pest,weather,3
173.9629,142.0,31.962906,1021.6274,20.232063,pest,weather,3
100.794556,116.0,15.205444,231.20554,14.027515,pest,weather,3
188.23773,173.0,15.237732,232.18848,8.436401,pest,weather,3
94.47792,147.0,52.52208,2758.5688,43.500523,pest,weather,3
183.37885,106.0,77.378845,5987.486,53.479267,pest,weather,3
134.79115,130.0,4.791153,22.955147,3.6188166,pest,weather,3
175.41692,154.0,21.416916,458.6843,13.002923,pest,weather,3
123.17772,84.0,39.17772,1534.8937,37.8204,pest,weather,3
183.33926,198.0,14.660736,214.93718,7.6890774,pest,weather_lag3,1
171.00941,232.0,60.990585,3719.8516,30.267576,pest,weather_lag3,1
171.6948,210.0,38.305206,1467.2888,20.071117,pest,weather_lag3,1
221.47319,131.0,90.47319,8185.398,51.336212,pest,weather_lag3,1
144.01483,103.0,41.01483,1682.2164,33.208397,pest,weather_lag3,1
209.393,157.0,52.393005,2745.027,28.599348,pest,weather_lag3,1
199.50505,165.0,34.50505,1190.5985,18.93255,pest,weather_lag3,1
176.45538,202.0,25.544617,652.52747,13.499408,pest,weather_lag3,1
210.82278,218.0,7.1772156,51.512424,3.347404,pest,weather_lag3,1
169.31503,218.0,48.684967,2370.226,25.139725,pest,weather_lag3,1
213.97969,142.0,71.97969,5181.0757,40.440334,pest,weather_lag3,1
139.12425,161.0,21.875748,478.54834,14.577792,pest,weather_lag3,1
176.55481,170.0,6.5548096,42.96553,3.7828417,pest,weather_lag3,1
140.63597,172.0,31.364029,983.70233,20.064249,pest,weather_lag3,1
180.61841,222.0,41.38159,1712.4362,20.556234,pest,weather_lag3,1
157.24118,186.0,28.75882,827.0697,16.757208,pest,weather_lag3,1
126.412384,223.0,96.587616,9329.168,55.28574,pest,weather_lag3,1
110.61812,163.0,52.38188,2743.8616,38.288315,pest,weather_lag3,1
103.49261,109.0,5.507393,30.331377,5.183609,pest,weather_lag3,1
96.63308,199.0,102.36692,10478.986,69.252686,pest,weather_lag3,1
136.4937,116.0,20.493698,419.99167,16.233038,pest,weather_lag3,1
127.59693,101.0,26.596931,707.3968,23.269718,pest,weather_lag3,1
102.67535,119.0,16.324654,266.49432,14.728433,pest,weather_lag3,1
86.2234,55.0,31.223396,974.90045,44.218452,pest,weather_lag3,1
52.5318,52.0,0.5317993,0.2828105,1.0174881,pest,weather_lag3,1
48.245354,61.0,12.754646,162.681,23.35046,pest,weather_lag3,1
63.239647,93.0,29.760353,885.6786,38.095776,pest,weather_lag3,1
62.98156,98.0,35.01844,1226.2911,43.50615,pest,weather_lag3,1
78.80746,98.0,19.192543,368.3537,21.710106,pest,weather_lag3,1
64.4362,108.0,43.563797,1897.8044,50.527435,pest,weather_lag3,1
61.1902,46.999992,14.190208,201.36201,26.231968,pest,weather_lag3,1
40.821213,32.000008,8.821205,77.81366,24.227018,pest,weather_lag3,1
42.444138,48.0,5.5558624,30.867607,12.285732,pest,weather_lag3,1
50.759483,114.0,63.240517,3999.363,76.76707,pest,weather_lag3,1
79.513054,85.0,5.486946,30.106577,6.6705294,pest,weather_lag3,1
61.710304,105.0,43.289696,1873.9978,51.93404,pest,weather_lag3,1
51.612633,97.0,45.387367,2060.0132,61.081432,pest,weather_lag3,1
42.772896,118.0,75.227104,5659.117,93.581825,pest,weather_lag3,1
58.432518,67.0,8.567482,73.40175,13.660704,pest,weather_lag3,1
58.055122,46.999992,11.05513,122.2159,21.046343,pest,weather_lag3,1
47.553185,90.0,42.446815,1801.7322,61.71695,pest,weather_lag3,1
53.45147,129.0,75.54853,5707.5806,82.81493,pest,weather_lag3,1
78.54075,90.0,11.459251,131.31444,13.598198,pest,weather_lag3,1
117.162544,24.0,93.162544,8679.26,131.99329,pest,weather_lag3,1
119.88319,43.000008,76.88318,5911.023,94.40284,pest,weather_lag3,1
79.94656,59.0,20.946564,438.75854,30.150532,pest,weather_lag3,1
44.454697,54.0,9.545303,91.112816,19.390245,pest,weather_lag3,1
55.91046,42.0,13.910461,193.50093,28.414658,pest,weather_lag3,1
57.30539,110.0,52.69461,2776.722,62.992126,pest,weather_lag3,1
67.45615,102.0,34.543854,1193.2778,40.770256,pest,weather_lag3,1
57.27655,31.0,26.27655,690.4571,59.532345,pest,weather_lag3,1
77.50245,87.0,9.497551,90.203476,11.547003,pest,weather_lag3,1
69.42598,20.0,49.42598,2442.9275,110.540535,pest,weather_lag3,1
38.773132,24.0,14.773132,218.24544,47.06833,pest,weather_lag3,1
26.051231,74.0,47.94877,2299.0845,95.848434,pest,weather_lag3,1
33.17414,88.99999,55.82585,3116.5256,91.38735,pest,weather_lag3,1
40.380737,126.0,85.61926,7330.658,102.919685,pest,weather_lag3,1
52.140915,84.0,31.859085,1015.0013,46.8031,pest,weather_lag3,1
114.63007,152.0,37.369926,1396.5114,28.031292,pest,weather_lag3,1
121.10637,78.0,43.10637,1858.159,43.29984,pest,weather_lag3,1
73.09338,52.0,21.093384,444.93085,33.72422,pest,weather_lag3,1
52.2389,83.0,30.7611,946.2453,45.4915,pest,weather_lag3,1
62.393044,103.0,40.606956,1648.9249,49.10359,pest,weather_lag3,1
78.50649,99.0,20.493507,419.98386,23.09043,pest,weather_lag3,1
59.437485,128.0,68.562515,4700.8184,73.15774,pest,weather_lag3,1
55.399445,118.0,62.600555,3918.8296,72.203865,pest,weather_lag3,1
52.185898,52.0,0.18589783,0.034558002,0.35685796,pest,weather_lag3,1
46.507126,40.0,6.507126,42.342686,15.044138,pest,weather_lag3,1
57.376656,88.99999,31.623337,1000.0354,43.20817,pest,weather_lag3,1
73.23909,81.0,7.76091,60.231724,10.063479,pest,weather_lag3,1
60.899216,75.0,14.100784,198.83212,20.751827,pest,weather_lag3,1
57.981186,100.0,42.018814,1765.5807,53.194706,pest,weather_lag3,1
55.55076,64.0,8.449242,71.38969,14.134987,pest,weather_lag3,1
53.40928,63.0,9.590721,91.98193,16.477589,pest,weather_lag3,1
56.754242,57.0,0.24575806,0.06039702,0.43208593,pest,weather_lag3,1
43.658302,69.0,25.341698,642.20166,44.9886,pest,weather_lag3,1
59.839005,82.0,22.160995,491.1097,31.248098,pest,weather_lag3,1
51.890938,34.000008,17.89093,320.0854,41.65964,pest,weather_lag3,1
36.62149,34.000008,2.6214828,6.8721724,7.4240365,pest,weather_lag3,1
36.711426,51.0,14.288574,204.16336,32.58087,pest,weather_lag3,1
42.89611,8.000008,34.896103,1217.738,137.12679,pest,weather_lag3,1
18.220795,6.0,12.220795,149.34782,100.91159,pest,weather_lag3,1
19.047997,10.000008,9.047989,81.866104,62.296803,pest,weather_lag3,1
32.108765,8.000008,24.108757,581.2322,120.21688,pest,weather_lag3,1
33.60338,6.0,27.603378,761.9465,139.39911,pest,weather_lag3,1
35.320374,136.0,100.67963,10136.387,117.533745,pest,weather_lag3,1
54.136383,136.0,81.86362,6701.652,86.11042,pest,weather_lag3,1
66.898186,169.0,102.101814,10424.78,86.5643,pest,weather_lag3,1
84.06888,71.0,13.068878,170.79558,16.855577,pest,weather_lag3,1
64.04747,132.0,67.95253,4617.5464,69.322525,pest,weather_lag3,1
49.207108,116.0,66.79289,4461.2905,80.85959,pest,weather_lag3,1
96.427765,2.9999998,93.427765,8728.747,187.93094,pest,weather_lag3,1
63.42556,16.0,47.42556,2249.1838,119.42141,pest,weather_lag3,1
54.802353,106.0,51.197647,2621.199,63.677734,pest,weather_lag3,1
41.935516,124.0,82.06448,6734.5796,98.9113,pest,weather_lag3,1
14.29039,127.0,112.70961,12703.456,159.5432,pest,weather_lag3,1
82.60525,225.0,142.39474,20276.264,92.58278,pest,weather_lag3,1
96.1976,197.0,100.8024,10161.124,68.76072,pest,weather_lag3,1
195.22409,191.0,4.2240906,17.842941,2.1873782,pest,weather_lag3,1
186.80144,168.0,18.801437,353.49405,10.598287,pest,weather_lag3,1
282.27823,214.0,68.27823,4661.9165,27.51611,pest,weather_lag3,1
194.98366,152.0,42.983658,1847.5948,24.77561,pest,weather_lag3,1
178.3796,136.0,42.379593,1796.0299,26.960781,pest,weather_lag3,1
153.89792,225.99998,72.102066,5198.708,37.958656,pest,weather_lag3,1
271.7777,241.0,30.77771,947.26746,12.004309,pest,weather_lag3,1
154.6263,162.0,7.373703,54.371494,4.6576695,pest,weather_lag3,1
110.79929,216.0,105.20071,11067.188,64.38246,pest,weather_lag3,1
160.08826,190.0,29.911743,894.7124,17.088116,pest,weather_lag3,1
182.27438,158.0,24.274384,589.24567,14.267535,pest,weather_lag3,1
211.00229,165.0,46.00229,2116.2107,24.469154,pest,weather_lag3,1
164.94077,195.0,30.059235,903.55756,16.702322,pest,weather_lag3,1
236.85393,232.0,4.8539276,23.560614,2.07055,pest,weather_lag3,1
153.92726,201.0,47.07274,2215.8428,26.52529,pest,weather_lag3,1
165.19762,285.0,119.80238,14352.611,53.22213,pest,weather_lag3,1
132.5792,237.0,104.42081,10903.705,56.507946,pest,weather_lag3,1
133.85197,190.0,56.148026,3152.6008,34.675114,pest,weather_lag3,1
167.0849,183.0,15.9151,253.2904,9.092137,pest,weather_lag3,1
260.111,233.0,27.110992,735.0059,10.995898,pest,weather_lag3,1
231.61877,186.0,45.618774,2081.0725,21.84709,pest,weather_lag3,1
221.58536,205.0,16.585358,275.0741,7.7758684,pest,weather_lag3,1
150.32,209.0,58.679993,3443.3416,32.66169,pest,weather_lag3,1
154.34605,282.0,127.653946,16295.53,58.510418,pest,weather_lag3,1
117.82699,189.0,71.17301,5065.5977,46.392925,pest,weather_lag3,1
180.97125,185.0,4.0287476,16.230806,2.2016742,pest,weather_lag3,1
232.075,299.0,66.925,4478.956,25.203598,pest,weather_lag3,1
193.58409,304.0,110.41591,12191.673,44.380802,pest,weather_lag3,1
243.60231,288.0,44.39769,1971.1549,16.703348,pest,weather_lag3,1
188.84175,266.0,77.15825,5953.3955,33.927517,pest,weather_lag3,1
171.75038,222.0,50.24962,2525.0242,25.52359,pest,weather_lag3,1
144.21295,134.0,10.212952,104.30438,7.341823,pest,weather_lag3,1
187.57028,201.0,13.429718,180.35733,6.9123755,pest,weather_lag3,1
181.12483,232.0,50.875168,2588.2827,24.62944,pest,weather_lag3,1
220.8113,298.0,77.188705,5958.096,29.755985,pest,weather_lag3,1
160.80016,248.0,87.199844,7603.813,42.661354,pest,weather_lag3,1
154.97026,59.0,95.97026,9210.291,89.7043,pest,weather_lag3,1
55.81201,35.0,20.812012,433.13983,45.835373,pest,weather_lag3,1
64.76381,32.000008,32.7638,1073.4667,67.71912,pest,weather_lag3,1
64.101425,25.0,39.101425,1528.9215,87.76835,pest,weather_lag3,1
65.78869,29.0,36.78869,1353.4076,77.62253,pest,weather_lag3,1
75.518425,75.0,0.518425,0.26876447,0.6888525,pest,weather_lag3,1
96.16382,49.0,47.16382,2224.4258,64.98013,pest,weather_lag3,1
56.524742,92.0,35.475258,1258.4939,47.770164,pest,weather_lag3,1
83.52698,139.0,55.473022,3077.256,49.857346,pest,weather_lag3,1
125.370346,119.0,6.370346,40.58131,5.2136817,pest,weather_lag3,1
65.81886,82.0,16.181137,261.8292,21.893196,pest,weather_lag3,1
59.47428,217.0,157.52573,24814.354,113.953255,pest,weather_lag3,1
173.67917,205.0,31.320831,980.99445,16.542147,pest,weather_lag3,1
157.28526,155.0,2.285263,5.2224274,1.4635739,pest,weather_lag3,1
139.12256,244.0,104.87744,10999.277,54.748768,pest,weather_lag3,1
229.31885,140.0,89.31885,7977.8564,48.369503,pest,weather_lag3,1
111.09833,211.0,99.90167,9980.344,62.031788,pest,weather_lag3,1
75.15563,117.0,41.844368,1750.9512,43.552578,pest,weather_lag3,1
159.2232,270.0,110.776794,12271.498,51.617336,pest,weather_lag3,1
238.45778,282.0,43.54222,1895.925,16.732279,pest,weather_lag3,1
207.2885,251.99998,44.711487,1999.1171,19.469893,pest,weather_lag3,1
242.43707,166.0,76.43707,5842.626,37.429058,pest,weather_lag3,1
209.13861,150.0,59.13861,3497.3752,32.933586,pest,weather_lag3,1
229.3706,152.0,77.370605,5986.2104,40.575024,pest,weather_lag3,1
217.46692,160.0,57.46692,3302.4468,30.448717,pest,weather_lag3,1
167.63354,168.0,0.36645508,0.13428932,0.21836618,pest,weather_lag3,1
141.21565,139.0,2.2156525,4.909116,1.581391,pest,weather_lag3,1
148.84622,165.0,16.153778,260.94455,10.294072,pest,weather_lag3,1
114.02122,87.0,27.021217,730.1462,26.883947,pest,weather_lag3,1
113.48082,123.0,9.51918,90.61479,8.050699,pest,weather_lag3,1
100.641685,46.0,54.641685,2985.7139,74.52408,pest,weather_lag3,1
56.337425,42.0,14.337425,205.56177,29.15965,pest,weather_lag3,1
83.87262,58.0,25.87262,669.39246,36.473026,pest,weather_lag3,1
57.369545,46.999992,10.369553,107.52762,19.870842,pest,weather_lag3,1
76.48197,143.0,66.51803,4424.648,60.613663,pest,weather_lag3,1
122.910835,159.0,36.089165,1302.4279,25.60325,pest,weather_lag3,1
125.08771,133.0,7.9122925,62.604374,6.131476,pest,weather_lag3,1
164.66393,167.0,2.3360748,5.457246,1.4086999,pest,weather_lag3,1
143.81621,128.0,15.816208,250.15244,11.637427,pest,weather_lag3,1
145.92715,256.0,110.072845,12116.031,54.772533,pest,weather_lag3,1
134.4859,200.0,65.5141,4292.097,39.17301,pest,weather_lag3,1
168.91516,288.0,119.08484,14181.199,52.12558,pest,weather_lag3,1
168.10265,211.0,42.897354,1840.183,22.630995,pest,weather_lag3,1
217.20895,190.0,27.208954,740.32715,13.363632,pest,weather_lag3,1
195.71555,101.0,94.715546,8971.034,63.84266,pest,weather_lag3,1
135.37122,128.0,7.371216,54.334824,5.5975866,pest,weather_lag3,1
130.24608,206.0,75.75392,5738.6567,45.058617,pest,weather_lag3,1
124.40247,198.0,73.59753,5416.5957,45.655685,pest,weather_lag3,1
181.75887,203.0,21.241135,451.1858,11.041271,pest,weather_lag3,1
183.0192,154.0,29.019196,842.1137,17.221092,pest,weather_lag3,1
153.84857,215.0,61.15143,3739.497,33.158012,pest,weather_lag3,1
73.85332,143.0,69.14668,4781.2637,63.772766,pest,weather_lag3,1
211.15616,101.0,110.15616,12134.379,70.5776,pest,weather_lag3,1
109.892685,148.0,38.107315,1452.1675,29.552845,pest,weather_lag3,1
160.13844,240.0,79.86156,6377.868,39.916965,pest,weather_lag3,1
164.8966,242.0,77.10339,5944.933,37.898273,pest,weather_lag3,1
244.8395,214.0,30.839493,951.07434,13.442389,pest,weather_lag3,1
132.02545,130.0,2.0254517,4.1024547,1.5459961,pest,weather_lag3,1
120.37518,122.0,1.6248169,2.64003,1.3407453,pest,weather_lag3,1
114.61368,163.0,48.386322,2341.236,34.858746,pest,weather_lag3,1
196.05827,106.0,90.05827,8110.4927,59.629734,pest,weather_lag3,1
111.85538,144.0,32.144623,1033.2767,25.127182,pest,weather_lag3,1
149.45772,106.0,43.457718,1888.5732,34.023415,pest,weather_lag3,1
124.20745,96.0,28.20745,795.6603,25.618979,pest,weather_lag3,1
149.51952,51.0,98.519516,9706.095,98.26427,pest,weather_lag3,1
147.14583,121.0,26.145828,683.6043,19.501202,pest,weather_lag3,1
125.98144,127.0,1.0185623,1.0374691,0.80524665,pest,weather_lag3,1
112.2855,141.0,28.7145,824.5225,22.673624,pest,weather_lag3,1
127.52494,117.0,10.5249405,110.774376,8.60848,pest,weather_lag3,1
126.63118,120.0,6.63118,43.972546,5.377406,pest,weather_lag3,1
122.12677,108.0,14.12677,199.56563,12.277381,pest,weather_lag3,1
94.68609,76.0,18.686089,349.1699,21.895267,pest,weather_lag3,1
144.96938,98.0,46.969376,2206.1223,38.662796,pest,weather_lag3,1
153.67546,75.0,78.67546,6189.828,68.809715,pest,weather_lag3,1
135.45952,44.0,91.45952,8364.844,101.92774,pest,weather_lag3,1
80.65899,135.0,54.34101,2952.9456,50.39531,pest,weather_lag3,1
147.41415,123.0,24.414154,596.0509,18.05686,pest,weather_lag3,1
118.098854,186.0,67.901146,4610.5654,44.657288,pest,weather_lag3,1
128.27003,213.0,84.729965,7179.167,49.655678,pest,weather_lag3,1
149.96378,144.0,5.9637756,35.56662,4.05749,pest,weather_lag3,1
79.79151,149.0,69.20849,4789.815,60.49918,pest,weather_lag3,1
113.79583,108.0,5.79583,33.591644,5.2262745,pest,weather_lag3,1
84.37497,146.0,61.62503,3797.6443,53.499763,pest,weather_lag3,1
153.00896,125.0,28.008957,784.50165,20.149677,pest,weather_lag3,1
127.61555,159.0,31.384453,984.9839,21.900036,pest,weather_lag3,1
171.58217,166.0,5.5821686,31.160606,3.3071465,pest,weather_lag3,1
109.13309,191.0,81.86691,6702.1914,54.55374,pest,weather_lag3,1
172.77989,134.0,38.779892,1503.88,25.281897,pest,weather_lag3,1
127.009254,190.0,62.990746,3967.834,39.74064,pest,weather_lag3,1
151.53865,127.0,24.53865,602.1454,17.619566,pest,weather_lag3,1
144.40176,168.0,23.598236,556.8768,15.10762,pest,weather_lag3,1
184.55078,124.0,60.55078,3666.3972,39.2485,pest,weather_lag3,1
115.82,185.0,69.18,4785.8726,45.99428,pest,weather_lag3,1
147.80075,95.0,52.80075,2787.9192,43.493073,pest,weather_lag3,1
130.32329,178.0,47.676712,2273.0688,30.926441,pest,weather_lag3,1
145.96854,143.0,2.9685364,8.812208,2.0545743,pest,weather_lag3,1
142.39384,142.0,0.3938446,0.15511358,0.27697122,pest,weather_lag3,1
140.54964,116.0,24.549637,602.6847,19.138315,pest,weather_lag3,1
139.27548,173.0,33.724518,1137.3431,21.599209,pest,weather_lag3,1
143.44861,147.0,3.5513916,12.612382,2.4454527,pest,weather_lag3,1
144.39941,106.0,38.399414,1474.515,30.67053,pest,weather_lag3,1
144.1722,130.0,14.172195,200.85112,10.338172,pest,weather_lag3,1
162.40913,154.0,8.409134,70.71353,5.315355,pest,weather_lag3,1
124.67459,84.0,40.67459,1654.4224,38.98375,pest,weather_lag3,1
175.75713,210.0,34.242874,1172.5745,17.753592,pest,weather_lag3,3
176.21571,131.0,45.215714,2044.4607,29.43581,pest,weather_lag3,3
139.32135,103.0,36.32135,1319.2405,29.977837,pest,weather_lag3,3
188.45093,157.0,31.450928,989.1608,18.208622,pest,weather_lag3,3
231.38179,165.0,66.38179,4406.542,33.493866,pest,weather_lag3,3
196.81516,202.0,5.184845,26.882618,2.6001244,pest,weather_lag3,3
188.09145,218.0,29.908554,894.5216,14.72996,pest,weather_lag3,3
190.33151,218.0,27.668488,765.5452,13.551972,pest,weather_lag3,3
95.11528,142.0,46.88472,2198.177,39.54593,pest,weather_lag3,3
77.97018,161.0,83.02982,6893.9517,69.48969,pest,weather_lag3,3
149.53392,170.0,20.46608,418.8604,12.8099575,pest,weather_lag3,3
117.815,172.0,54.184998,2936.014,37.39282,pest,weather_lag3,3
123.3109,222.0,98.6891,9739.539,57.15956,pest,weather_lag3,3
136.70245,186.0,49.297546,2430.248,30.552942,pest,weather_lag3,3
113.43013,223.0,109.56987,12005.557,65.13678,pest,weather_lag3,3
117.442856,163.0,45.557144,2075.4534,32.48943,pest,weather_lag3,3
93.39127,109.0,15.6087265,243.63234,15.424308,pest,weather_lag3,3
145.61163,199.0,53.388367,2850.3176,30.984657,pest,weather_lag3,3
130.37111,116.0,14.371109,206.52878,11.666229,pest,weather_lag3,3
149.39073,101.0,48.39073,2341.6628,38.652176,pest,weather_lag3,3
151.91287,119.0,32.912872,1083.2572,24.297754,pest,weather_lag3,3
128.79214,55.0,73.792145,5445.281,80.29956,pest,weather_lag3,3
80.72676,52.0,28.72676,825.2268,43.287067,pest,weather_lag3,3
69.21794,61.0,8.217941,67.53456,12.621826,pest,weather_lag3,3
98.05889,93.0,5.0588913,25.59238,5.295635,pest,weather_lag3,3
69.6443,98.0,28.355698,804.0456,33.828403,pest,weather_lag3,3
94.51841,98.0,3.4815903,12.12147,3.6168911,pest,weather_lag3,3
61.186462,108.0,46.813538,2191.5073,55.33958,pest,weather_lag3,3
61.53401,46.999992,14.534019,211.23772,26.782427,pest,weather_lag3,3
46.32657,32.000008,14.326561,205.25035,36.581608,pest,weather_lag3,3
52.813835,48.0,4.813835,23.173008,9.54995,pest,weather_lag3,3
45.02111,114.0,68.97889,4758.0874,86.75438,pest,weather_lag3,3
61.105423,85.0,23.894577,570.9508,32.70868,pest,weather_lag3,3
23.752556,105.0,81.247444,6601.147,126.207115,pest,weather_lag3,3
35.991104,97.0,61.008896,3722.0854,91.74884,pest,weather_lag3,3
43.089058,118.0,74.91094,5611.6494,93.00563,pest,weather_lag3,3
50.401314,67.0,16.598686,275.5164,28.27683,pest,weather_lag3,3
30.051048,46.999992,16.948944,287.2667,43.99407,pest,weather_lag3,3
41.025436,90.0,48.974564,2398.5078,74.75581,pest,weather_lag3,3
32.533768,129.0,96.46623,9305.734,119.43785,pest,weather_lag3,3
32.898193,90.0,57.101807,3260.6162,92.925385,pest,weather_lag3,3
39.819237,24.0,15.819237,250.24825,49.575134,pest,weather_lag3,3
107.611916,43.000008,64.61191,4174.6987,85.799194,pest,weather_lag3,3
119.007904,59.0,60.007904,3600.9485,67.421616,pest,weather_lag3,3
66.27097,54.0,12.270973,150.57678,20.405544,pest,weather_lag3,3
69.65035,42.0,27.650352,764.542,49.530254,pest,weather_lag3,3
45.834755,110.0,64.165245,4117.1787,82.350365,pest,weather_lag3,3
59.617195,102.0,42.382805,1796.3021,52.448387,pest,weather_lag3,3
51.860275,31.0,20.860275,435.1511,50.350487,pest,weather_lag3,3
59.2556,87.0,27.7444,769.7517,37.93961,pest,weather_lag3,3
82.37127,20.0,62.37127,3890.1753,121.85308,pest,weather_lag3,3
98.8669,24.0,74.8669,5605.0522,121.86667,pest,weather_lag3,3
44.028,74.0,29.972,898.3208,50.78795,pest,weather_lag3,3
59.776497,88.99999,29.223495,854.0127,39.2851,pest,weather_lag3,3
42.000694,126.0,83.999306,7055.8833,99.99876,pest,weather_lag3,3
44.061043,84.0,39.938957,1595.1204,62.374878,pest,weather_lag3,3
50.199196,152.0,101.800804,10363.403,100.69358,pest,weather_lag3,3
44.819443,78.0,33.180557,1100.9493,54.031445,pest,weather_lag3,3
77.251915,52.0,25.251915,637.6592,39.07395,pest,weather_lag3,3
82.69479,83.0,0.3052063,0.093150884,0.36839575,pest,weather_lag3,3
61.199173,103.0,41.800827,1747.3091,50.914783,pest,weather_lag3,3
74.91736,99.0,24.082642,579.97363,27.694351,pest,weather_lag3,3
42.30906,128.0,85.69094,7342.9375,100.62993,pest,weather_lag3,3
74.137825,118.0,43.862175,1923.8904,45.656994,pest,weather_lag3,3
30.908684,52.0,21.091316,444.84363,50.87842,pest,weather_lag3,3
37.67679,40.0,2.3232117,5.3973126,5.9817395,pest,weather_lag3,3
22.335571,88.99999,66.66442,4444.145,119.75404,pest,weather_lag3,3
40.35366,81.0,40.64634,1652.1249,66.988235,pest,weather_lag3,3
39.872818,75.0,35.127182,1233.919,61.15839,pest,weather_lag3,3
46.717567,100.0,53.282433,2839.0176,72.63266,pest,weather_lag3,3
38.913017,64.0,25.086983,629.3567,48.753757,pest,weather_lag3,3
45.648964,63.0,17.351036,301.05844,31.939625,pest,weather_lag3,3
18.952782,57.0,38.04722,1447.5908,100.1865,pest,weather_lag3,3
17.8208,69.0,51.1792,2619.3105,117.89618,pest,weather_lag3,3
12.798134,82.0,69.201866,4788.8984,145.99837,pest,weather_lag3,3
24.65583,34.000008,9.344177,87.31365,31.86103,pest,weather_lag3,3
23.891785,34.000008,10.108223,102.17617,34.921093,pest,weather_lag3,3
23.431152,51.0,27.568848,760.0414,74.07879,pest,weather_lag3,3
29.19349,8.000008,21.193481,449.16367,113.96338,pest,weather_lag3,3
24.69738,6.0,18.69738,349.592,121.81744,pest,weather_lag3,3
3.4789732,10.000008,6.5210342,42.523888,96.75856,pest,weather_lag3,3
31.887535,8.000008,23.887527,570.61395,119.774376,pest,weather_lag3,3
28.181343,6.0,22.181343,492.012,129.78625,pest,weather_lag3,3
29.227295,136.0,106.772705,11400.41,129.24342,pest,weather_lag3,3
24.764488,136.0,111.23551,12373.339,138.38318,pest,weather_lag3,3
18.461746,169.0,150.53825,22661.766,160.6069,pest,weather_lag3,3
34.66111,71.0,36.33889,1320.5149,68.78385,pest,weather_lag3,3
38.057785,132.0,93.942215,8825.14,110.4827,pest,weather_lag3,3
32.098953,116.0,83.90105,7039.3857,113.30405,pest,weather_lag3,3
33.27784,2.9999998,30.27784,916.74756,166.92197,pest,weather_lag3,3
54.445183,16.0,38.445183,1478.0321,109.149216,pest,weather_lag3,3
132.60587,106.0,26.605865,707.8721,22.301098,pest,weather_lag3,3
43.803482,124.0,80.19652,6431.4814,95.583855,pest,weather_lag3,3
44.57717,127.0,82.42283,6793.5225,96.076675,pest,weather_lag3,3
19.237335,225.0,205.76266,42338.273,168.49403,pest,weather_lag3,3
31.241447,197.0,165.75854,27475.895,145.24841,pest,weather_lag3,3
20.593536,191.0,170.40646,29038.363,161.06963,pest,weather_lag3,3
26.23233,168.0,141.76767,20098.072,145.97742,pest,weather_lag3,3
10.106277,214.0,203.89372,41572.65,181.96164,pest,weather_lag3,3
130.80412,152.0,21.195877,449.2652,14.989794,pest,weather_lag3,3
135.29504,136.0,0.70495605,0.49696302,0.51969695,pest,weather_lag3,3
197.24902,225.99998,28.750961,826.6178,13.585837,pest,weather_lag3,3
189.97096,241.0,51.029037,2603.9626,23.680964,pest,weather_lag3,3
183.3386,162.0,21.338593,455.33554,12.35807,pest,weather_lag3,3
124.807846,216.0,91.192154,8316.009,53.515285,pest,weather_lag3,3
250.54283,190.0,60.54283,3665.4343,27.485558,pest,weather_lag3,3
127.9761,158.0,30.023903,901.43475,20.99749,pest,weather_lag3,3
230.39456,165.0,65.39456,4276.4487,33.07813,pest,weather_lag3,3
126.058136,195.0,68.941864,4752.9805,42.946655,pest,weather_lag3,3
255.32155,232.0,23.321548,543.8946,9.571319,pest,weather_lag3,3
194.24269,201.0,6.757309,45.661224,3.4193213,pest,weather_lag3,3
218.75938,285.0,66.240616,4387.8193,26.298513,pest,weather_lag3,3
158.78392,237.0,78.21608,6117.755,39.524635,pest,weather_lag3,3
229.21945,190.0,39.21945,1538.1654,18.710703,pest,weather_lag3,3
226.92867,183.0,43.928665,1929.7277,21.432348,pest,weather_lag3,3
255.01237,233.0,22.012375,484.54465,9.021236,pest,weather_lag3,3
266.79028,186.0,80.79028,6527.07,35.68552,pest,weather_lag3,3
294.93716,205.0,89.937164,8088.6934,35.979385,pest,weather_lag3,3
202.0988,209.0,6.9011993,47.626553,3.3574407,pest,weather_lag3,3
190.34874,282.0,91.65126,8399.953,38.806606,pest,weather_lag3,3
132.83513,189.0,56.16487,3154.4927,34.90288,pest,weather_lag3,3
144.4699,185.0,40.530106,1642.6895,24.60322,pest,weather_lag3,3
232.76054,299.0,66.239456,4387.6655,24.913265,pest,weather_lag3,3
167.88258,304.0,136.11742,18527.951,57.691223,pest,weather_lag3,3
194.55667,288.0,93.44333,8731.655,38.728436,pest,weather_lag3,3
211.34695,266.0,54.653046,2986.9553,22.898668,pest,weather_lag3,3
156.36086,222.0,65.639145,4308.4976,34.696587,pest,weather_lag3,3
146.84557,134.0,12.845566,165.00856,9.1477785,pest,weather_lag3,3
138.06818,201.0,62.931824,3960.4146,37.120457,pest,weather_lag3,3
157.11789,232.0,74.88211,5607.3306,38.488136,pest,weather_lag3,3
142.50565,298.0,155.49435,24178.494,70.59812,pest,weather_lag3,3
143.09184,248.0,104.90816,11005.722,53.64886,pest,weather_lag3,3
126.28926,59.0,67.28926,4527.8447,72.63158,pest,weather_lag3,3
112.74894,35.0,77.74894,6044.8975,105.244675,pest,weather_lag3,3
92.60089,32.000008,60.600883,3672.467,97.27199,pest,weather_lag3,3
93.38022,25.0,68.38022,4675.8545,115.52643,pest,weather_lag3,3
218.07317,29.0,189.07317,35748.66,153.05034,pest,weather_lag3,3
45.25489,75.0,29.74511,884.77155,49.470104,pest,weather_lag3,3
36.90139,49.0,12.09861,146.37636,28.1686,pest,weather_lag3,3
92.7014,92.0,0.70140076,0.49196303,0.759497,pest,weather_lag3,3
76.73872,139.0,62.261276,3876.4666,57.719147,pest,weather_lag3,3
92.48008,119.0,26.51992,703.30615,25.080303,pest,weather_lag3,3
44.1389,82.0,37.8611,1433.4629,60.030807,pest,weather_lag3,3
76.58927,217.0,140.41074,19715.176,95.65114,pest,weather_lag3,3
140.64697,205.0,64.35303,4141.312,37.236275,pest,weather_lag3,3
142.41791,155.0,12.582092,158.30905,8.460884,pest,weather_lag3,3
136.80634,244.0,107.193665,11490.481,56.298256,pest,weather_lag3,3
145.97168,140.0,5.9716797,35.660957,4.176413,pest,weather_lag3,3
145.05016,211.0,65.949844,4349.382,37.045254,pest,weather_lag3,3
137.82004,117.0,20.820038,433.47397,16.340975,pest,weather_lag3,3
144.81773,270.0,125.18227,15670.6,60.355305,pest,weather_lag3,3
232.31158,282.0,49.688416,2468.9387,19.322302,pest,weather_lag3,3
231.90955,251.99998,20.090439,403.62573,8.303386,pest,weather_lag3,3
236.05273,166.0,70.052734,4907.3857,34.847538,pest,weather_lag3,3
232.61366,150.0,82.61366,6825.017,43.183853,pest,weather_lag3,3
248.78047,152.0,96.78047,9366.46,48.296005,pest,weather_lag3,3
218.6007,160.0,58.600693,3434.0413,30.956463,pest,weather_lag3,3
219.58951,168.0,51.589508,2661.4773,26.620695,pest,weather_lag3,3
181.34067,139.0,42.340668,1792.7322,26.434776,pest,weather_lag3,3
206.58708,165.0,41.587082,1729.4854,22.38349,pest,weather_lag3,3
174.24976,87.0,87.249756,7612.52,66.794136,pest,weather_lag3,3
142.34207,123.0,19.342072,374.11572,14.578971,pest,weather_lag3,3
186.84837,46.0,140.84837,19838.264,120.978615,pest,weather_lag3,3
174.3124,42.0,132.3124,17506.57,122.33455,pest,weather_lag3,3
226.00092,58.0,168.00092,28224.309,118.31012,pest,weather_lag3,3
139.26297,46.999992,92.26298,8512.457,99.06744,pest,weather_lag3,3
149.25237,143.0,6.252365,39.092068,4.2787437,pest,weather_lag3,3
78.12521,159.0,80.87479,6540.731,68.21272,pest,weather_lag3,3
117.476204,133.0,15.523796,240.98825,12.395426,pest,weather_lag3,3
84.24885,167.0,82.75115,6847.753,65.87187,pest,weather_lag3,3
74.1054,128.0,53.8946,2904.628,53.333157,pest,weather_lag3,3
81.32439,256.0,174.67561,30511.57,103.56536,pest,weather_lag3,3
100.81021,200.0,99.18979,9838.614,65.94842,pest,weather_lag3,3
154.34816,288.0,133.65184,17862.814,60.428352,pest,weather_lag3,3
160.18755,211.0,50.812454,2581.9055,27.378317,pest,weather_lag3,3
231.54567,190.0,41.54567,1726.0426,19.711113,pest,weather_lag3,3
208.7839,101.0,107.783905,11617.37,69.58651,pest,weather_lag3,3
201.41609,128.0,73.41609,5389.9224,44.57347,pest,weather_lag3,3
181.21722,206.0,24.782776,614.186,12.80045,pest,weather_lag3,3
160.12006,198.0,37.879944,1434.8901,21.154884,pest,weather_lag3,3
173.21149,203.0,29.788513,887.3555,15.836046,pest,weather_lag3,3
141.81264,154.0,12.187363,148.53181,8.239921,pest,weather_lag3,3
134.81952,215.0,80.18048,6428.9097,45.841057,pest,weather_lag3,3
103.5231,143.0,39.4769,1558.4255,32.02694,pest,weather_lag3,3
203.83954,101.0,102.83954,10575.971,67.47126,pest,weather_lag3,3
197.66014,148.0,49.66014,2466.1296,28.733507,pest,weather_lag3,3
164.31728,240.0,75.682724,5727.8745,37.437294,pest,weather_lag3,3
166.3102,242.0,75.689804,5728.9463,37.074657,pest,weather_lag3,3
141.42053,214.0,72.57947,5267.7793,40.84146,pest,weather_lag3,3
185.1759,130.0,55.175903,3044.3804,35.012768,pest,weather_lag3,3
98.71371,122.0,23.286293,542.25146,21.100903,pest,weather_lag3,3
123.37085,163.0,39.62915,1570.4696,27.676805,pest,weather_lag3,3
217.92662,106.0,111.92662,12527.568,69.106155,pest,weather_lag3,3
185.00157,144.0,41.00157,1681.1289,24.924847,pest,weather_lag3,3
121.98533,106.0,15.985329,255.53073,14.023121,pest,weather_lag3,3
108.20134,96.0,12.20134,148.8727,11.950304,pest,weather_lag3,3
163.84564,51.0,112.84564,12734.139,105.04811,pest,weather_lag3,3
179.8299,121.0,58.829895,3460.9565,39.111732,pest,weather_lag3,3
183.28078,127.0,56.280777,3167.526,36.277325,pest,weather_lag3,3
108.479,141.0,32.521004,1057.6157,26.071135,pest,weather_lag3,3
146.60686,117.0,29.606857,876.566,22.462887,pest,weather_lag3,3
123.62572,120.0,3.6257172,13.145825,2.976465,pest,weather_lag3,3
128.92912,108.0,20.929123,438.0282,17.66699,pest,weather_lag3,3
56.803352,76.0,19.196648,368.5113,28.909885,pest,weather_lag3,3
95.492226,98.0,2.5077744,6.2889323,2.592119,pest,weather_lag3,3
97.85303,75.0,22.853027,522.26086,26.44215,pest,weather_lag3,3
107.125435,44.0,63.125435,3984.8206,83.54046,pest,weather_lag3,3
94.38798,135.0,40.612022,1649.3363,35.409023,pest,weather_lag3,3
114.53181,123.0,8.468193,71.7103,7.130155,pest,weather_lag3,3
134.99774,186.0,51.00226,2601.2305,31.77733,pest,weather_lag3,3
110.26647,213.0,102.73353,10554.178,63.55965,pest,weather_lag3,3
101.31322,144.0,42.686783,1822.1614,34.80186,pest,weather_lag3,3
61.42466,149.0,87.57534,7669.4404,83.23676,pest,weather_lag3,3
73.65756,108.0,34.342438,1179.4031,37.810085,pest,weather_lag3,3
176.10419,146.0,30.104187,906.2621,18.692204,pest,weather_lag3,3
202.46333,125.0,77.46333,6000.568,47.31115,pest,weather_lag3,3
162.42116,159.0,3.4211578,11.704321,2.1287696,pest,weather_lag3,3
176.88725,166.0,10.887253,118.53227,6.3503394,pest,weather_lag3,3
187.58717,191.0,3.4128265,11.647385,1.8029279,pest,weather_lag3,3
210.4858,134.0,76.485794,5850.0767,44.405777,pest,weather_lag3,3
206.13742,190.0,16.13742,260.41635,8.147385,pest,weather_lag3,3
215.55153,127.0,88.55153,7841.373,51.701145,pest,weather_lag3,3
238.2709,168.0,70.270905,4938.0,34.593124,pest,weather_lag3,3
227.28024,124.0,103.28024,10666.809,58.802193,pest,weather_lag3,3
164.10957,185.0,20.890427,436.4099,11.967834,pest,weather_lag3,3
160.78755,95.0,65.78755,4328.002,51.439213,pest,weather_lag3,3
182.66232,178.0,4.662323,21.737255,2.5854228,pest,weather_lag3,3
191.14546,143.0,48.145462,2317.9856,28.81707,pest,weather_lag3,3
157.09485,142.0,15.094849,227.85446,10.093687,pest,weather_lag3,3
164.4643,116.0,48.464294,2348.7878,34.560047,pest,weather_lag3,3
180.7785,173.0,7.7785034,60.505116,4.3973866,pest,weather_lag3,3
147.53117,147.0,0.5311737,0.2821455,0.36069095,pest,weather_lag3,3
160.98146,106.0,54.98146,3022.961,41.187477,pest,weather_lag3,3
162.67966,130.0,32.679657,1067.96,22.331348,pest,weather_lag3,3
160.91681,154.0,6.916809,47.842247,4.392785,pest,weather_lag3,3
146.40353,84.0,62.403534,3894.201,54.168903,pest,weather_lag3,3
