y_pred,y_true,abs_error,squared_error,smape,dataset,scenario,horizon
42.270397,45.0,2.7296028,7.4507318,6.2555065,disease,weather,1
41.82997,36.0,5.8299713,33.988567,14.981301,disease,weather,1
38.467857,39.0,0.53214264,0.2831758,1.3738412,disease,weather,1
39.73383,33.0,6.7338295,45.34446,18.516363,disease,weather,1
36.16289,46.0,9.837109,96.76871,23.945383,disease,weather,1
39.238575,61.0,21.761425,473.55963,43.419262,disease,weather,1
51.977528,40.0,11.977528,143.46117,26.044468,disease,weather,1
44.757835,86.0,41.242165,1700.9161,63.08175,disease,weather,1
61.10644,85.0,23.893559,570.90216,32.707058,disease,weather,1
68.680275,89.0,20.319725,412.89124,25.773325,disease,weather,1
74.63034,75.0,0.36965942,0.13664809,0.4940969,disease,weather,1
72.77302,63.0,9.773018,95.51188,14.396113,disease,weather,1
65.931725,62.0,3.9317245,15.458458,6.1465983,disease,weather,1
61.71032,73.0,11.2896805,127.45689,16.761417,disease,weather,1
68.62819,71.0,2.371811,5.625487,3.3973238,disease,weather,1
69.045784,72.0,2.954216,8.727392,4.1890173,disease,weather,1
68.84468,51.0,17.84468,318.43262,29.779678,disease,weather,1
62.43134,53.0,9.431339,88.95016,16.341038,disease,weather,1
56.06483,44.0,12.064831,145.56013,24.114027,disease,weather,1
51.921112,54.0,2.078888,4.321775,3.9253514,disease,weather,1
51.006634,56.0,4.9933662,24.933706,9.332815,disease,weather,1
55.99982,25.0,30.99982,960.9889,76.54294,disease,weather,1
44.637222,42.0,2.6372223,6.9549413,6.087966,disease,weather,1
45.687775,21.999998,23.687777,561.1108,69.9913,disease,weather,1
35.577435,32.0,3.5774345,12.798038,10.58766,disease,weather,1
34.848984,20.0,14.848984,220.49232,54.144974,disease,weather,1
30.06904,40.0,9.93096,98.62396,28.346214,disease,weather,1
37.492817,25.0,12.492817,156.07048,39.98161,disease,weather,1
31.287683,34.0,2.7123165,7.356661,8.308815,disease,weather,1
36.351414,43.0,6.6485863,44.2037,16.757324,disease,weather,1
37.786198,34.0,3.7861977,14.335293,10.54854,disease,weather,1
35.00334,16.999998,18.003344,324.1204,69.23918,disease,weather,1
29.159994,35.0,5.840006,34.105667,18.204508,disease,weather,1
32.591553,41.0,8.408447,70.70199,22.851664,disease,weather,1
37.005436,42.0,4.994564,24.94567,12.643597,disease,weather,1
37.33237,42.0,4.6676292,21.786762,11.767276,disease,weather,1
43.456974,35.0,8.456974,71.52041,21.558247,disease,weather,1
36.379368,30.0,6.379368,40.696335,19.220936,disease,weather,1
33.79443,26.999998,6.7944317,46.164303,22.352154,disease,weather,1
31.309202,24.0,7.309202,53.42444,26.43033,disease,weather,1
29.762121,34.0,4.237879,17.959618,13.292778,disease,weather,1
31.015543,40.0,8.984457,80.72047,25.302792,disease,weather,1
37.173874,21.0,16.173874,261.5942,55.605286,disease,weather,1
31.24729,11.000003,20.247288,409.95267,95.851295,disease,weather,1
23.659311,24.0,0.3406887,0.116068795,1.4296838,disease,weather,1
22.948324,21.999998,0.9483261,0.8993224,4.2196283,disease,weather,1
22.926508,21.999998,0.92650986,0.8584205,4.124558,disease,weather,1
25.277193,29.0,3.722807,13.859291,13.717758,disease,weather,1
29.124586,32.0,2.875414,8.268005,9.40837,disease,weather,1
29.697947,32.0,2.3020535,5.29945,7.4623346,disease,weather,1
30.790894,31.0,0.20910645,0.043725505,0.6768196,disease,weather,1
31.880474,27.999998,3.880476,15.058094,12.960739,disease,weather,1
28.872501,15.999999,12.872502,165.70131,57.37368,disease,weather,1
23.303612,26.0,2.6963882,7.2705097,10.937893,disease,weather,1
27.112371,35.0,7.8876286,62.214684,25.39793,disease,weather,1
31.380768,33.0,1.6192322,2.621913,5.0301733,disease,weather,1
31.934568,21.999998,9.93457,98.69569,36.839344,disease,weather,1
28.216059,29.0,0.78394127,0.61456394,2.7402842,disease,weather,1
29.283808,34.0,4.7161922,22.24247,14.904894,disease,weather,1
29.88475,25.0,4.8847504,23.860786,17.800028,disease,weather,1
28.3442,30.0,1.6557999,2.7416732,5.6759706,disease,weather,1
30.870934,33.0,2.1290665,4.532924,6.666777,disease,weather,1
31.455435,30.0,1.4554348,2.1182904,4.7365537,disease,weather,1
31.201977,27.999998,3.2019787,10.252667,10.817135,disease,weather,1
31.254602,32.0,0.74539757,0.5556175,2.356817,disease,weather,1
32.008545,41.0,8.991455,80.84627,24.63124,disease,weather,1
33.739044,26.0,7.739044,59.892803,25.909502,disease,weather,1
31.770706,26.999998,4.770708,22.759655,16.234987,disease,weather,1
31.436049,42.0,10.5639515,111.59707,28.77048,disease,weather,1
35.29185,35.0,0.29185104,0.085177034,0.83039796,disease,weather,1
34.346764,34.0,0.3467636,0.120245,1.0147184,disease,weather,1
35.485153,33.0,2.4851532,6.1759863,7.257495,disease,weather,1
35.575348,38.0,2.424652,5.8789377,6.590936,disease,weather,1
34.738544,24.0,10.738544,115.31634,36.563877,disease,weather,1
30.811428,25.0,5.811428,33.772697,20.825226,disease,weather,1
30.8991,46.0,15.100901,228.0372,39.274582,disease,weather,1
36.068855,40.0,3.9311447,15.453898,10.335753,disease,weather,1
37.51268,13.999999,23.51268,552.8461,91.2889,disease,weather,1
29.51916,-1.2389615e-06,29.519161,871.38086,200.0,disease,weather,1
19.002077,-1.2389615e-06,19.002079,361.079,200.0,disease,weather,1
10.392627,2.9999988,7.3926277,54.650944,110.39848,disease,weather,1
8.655898,3.9999988,4.655899,21.677397,73.57675,disease,weather,1
12.486209,2.9999988,9.48621,89.988174,122.51172,disease,weather,1
10.355941,2.9999988,7.355942,54.10988,110.15237,disease,weather,1
8.489036,-1.2389615e-06,8.489037,72.06374,200.0,disease,weather,1
6.856158,44.0,37.14384,1379.6649,146.0741,disease,weather,1
23.392302,44.0,20.607698,424.67725,61.157425,disease,weather,1
29.88026,31.0,1.1197395,1.2538166,3.6784978,disease,weather,1
30.248241,26.999998,3.2482433,10.5510845,11.347924,disease,weather,1
30.708836,50.0,19.291164,372.14902,47.804348,disease,weather,1
37.410263,39.0,1.5897369,2.5272636,4.161056,disease,weather,1
35.135647,-1.2389615e-06,35.135647,1234.5137,200.0,disease,weather,1
22.82134,-1.2389615e-06,22.821342,520.81366,200.0,disease,weather,1
14.927207,33.0,18.072792,326.62582,75.41767,disease,weather,1
21.2595,38.0,16.7405,280.24432,56.498955,disease,weather,1
30.543774,31.0,0.45622635,0.20814247,1.4826076,disease,weather,1
32.87697,34.0,1.1230316,1.2612001,3.3585005,disease,weather,1
32.82607,20.0,12.826069,164.50804,48.559616,disease,weather,1
22.534544,21.0,1.534544,2.3548253,7.049776,disease,weather,1
25.097021,37.0,11.902979,141.68091,38.33671,disease,weather,1
31.928255,21.999998,9.928257,98.57029,36.82024,disease,weather,1
26.199984,46.0,19.800016,392.04065,54.847706,disease,weather,1
35.88473,26.0,9.884731,97.70792,31.945621,disease,weather,1
35.195625,31.0,4.1956253,17.603271,12.676443,disease,weather,1
32.653557,32.0,0.6535568,0.4271365,2.0217197,disease,weather,1
29.993652,23.0,6.9936523,48.911175,26.394302,disease,weather,1
26.944382,23.0,3.9443817,15.558147,15.795096,disease,weather,1
26.035852,32.0,5.9641476,35.571056,20.553322,disease,weather,1
31.576977,30.0,1.5769768,2.4868557,5.1219687,disease,weather,1
30.760181,26.999998,3.7601833,14.138979,13.019985,disease,weather,1
29.51208,26.999998,2.5120811,6.3105516,8.890423,disease,weather,1
30.329409,36.0,5.6705914,32.155605,17.098272,disease,weather,1
30.005089,33.0,2.9949112,8.969493,9.5068865,disease,weather,1
33.166885,39.0,5.8331146,34.025227,16.165627,disease,weather,1
35.374676,37.0,1.6253242,2.6416788,4.491417,disease,weather,1
37.071888,44.0,6.928112,47.998737,17.091282,disease,weather,1
38.741764,27.999998,10.741766,115.38554,32.18904,disease,weather,1
34.71527,32.0,2.715271,7.3726964,8.139878,disease,weather,1
34.324818,34.0,0.32481766,0.10550651,0.95080435,disease,weather,1
33.484097,26.999998,6.4840984,42.043533,21.440674,disease,weather,1
31.04049,25.0,6.040489,36.48751,21.557589,disease,weather,1
30.602898,59.0,28.397102,806.39545,63.384342,disease,weather,1
42.898712,56.0,13.101288,171.64374,26.494354,disease,weather,1
46.660625,39.0,7.6606255,58.68518,17.885988,disease,weather,1
43.13943,40.0,3.139431,9.856027,7.5522065,disease,weather,1
42.98507,42.0,0.9850693,0.9703615,2.3182173,disease,weather,1
39.068382,49.0,9.931618,98.63703,22.554333,disease,weather,1
43.37136,41.0,2.3713608,5.623352,5.621246,disease,weather,1
44.71814,31.0,13.71814,188.18736,36.234753,disease,weather,1
39.831974,36.0,3.831974,14.684025,10.106487,disease,weather,1
36.706818,48.0,11.293182,127.535965,26.664165,disease,weather,1
43.2029,48.0,4.7971,23.012169,10.519622,disease,weather,1
44.447906,65.0,20.552094,422.38855,37.555935,disease,weather,1
52.464764,68.0,15.535236,241.34357,25.792166,disease,weather,1
56.949898,8.999999,47.949898,2299.1926,145.41312,disease,weather,1
37.07854,7.9999986,29.078543,845.56165,129.0128,disease,weather,1
27.368626,11.999999,15.368627,236.19469,78.0755,disease,weather,1
20.500397,15.999999,4.5003977,20.25358,24.659447,disease,weather,1
19.641745,30.0,10.358255,107.29346,41.732033,disease,weather,1
29.59351,18.0,11.59351,134.40947,48.71887,disease,weather,1
28.611979,8.999999,19.61198,384.6298,104.28583,disease,weather,1
18.10538,27.999998,9.894619,97.90349,42.921757,disease,weather,1
23.294397,30.0,6.7056026,44.965107,25.164381,disease,weather,1
25.927607,38.0,12.072393,145.74268,37.768955,disease,weather,1
29.451412,34.0,4.548588,20.689651,14.337232,disease,weather,1
34.503277,32.0,2.5032768,6.266395,7.5282803,disease,weather,1
34.071293,36.0,1.9287071,3.719911,5.5049853,disease,weather,1
35.97831,46.0,10.02169,100.43428,24.449615,disease,weather,1
38.704525,46.0,7.295475,53.223957,17.225702,disease,weather,1
39.95689,19.0,20.95689,439.19125,71.09225,disease,weather,1
31.342852,53.0,21.657148,469.03207,51.355026,disease,weather,1
41.57022,23.0,18.57022,344.85312,57.51946,disease,weather,1
32.7458,25.0,7.7458,59.997417,26.82723,disease,weather,1
30.626669,35.0,4.373331,19.126024,13.327907,disease,weather,1
32.817783,21.999998,10.817785,117.024475,39.468163,disease,weather,1
28.60955,21.0,7.6095505,57.90526,30.677765,disease,weather,1
25.719923,37.0,11.280077,127.240135,35.969677,disease,weather,1
34.454487,23.0,11.454487,131.20528,39.873253,disease,weather,1
27.668285,30.0,2.3317146,5.436893,8.086645,disease,weather,1
28.251368,18.0,10.251368,105.09054,44.328926,disease,weather,1
28.072605,43.0,14.927395,222.82712,42.006046,disease,weather,1
31.90566,25.0,6.9056606,47.68815,24.270557,disease,weather,1
30.74665,15.000001,15.74665,247.95699,68.84285,disease,weather,1
24.839361,16.999998,7.839363,61.455612,37.47363,disease,weather,1
23.392254,4.9999986,18.392256,338.2751,129.55827,disease,weather,1
15.263484,8.999999,6.263485,39.231243,51.6289,disease,weather,1
14.718886,18.0,3.2811136,10.765707,20.056389,disease,weather,1
19.11055,9.999999,9.110551,83.00214,62.592773,disease,weather,1
15.970326,9.999999,5.9703274,35.64481,45.978073,disease,weather,1
13.488587,27.999998,14.511411,210.58104,69.95374,disease,weather,1
23.65641,21.0,2.6564102,7.056515,11.897106,disease,weather,1
19.468767,33.0,13.531233,183.09427,51.578243,disease,weather,1
26.7974,39.0,12.2026005,148.90346,37.09144,disease,weather,1
31.849735,38.0,6.1502647,37.825756,17.609987,disease,weather,1
34.094364,52.0,17.905636,320.6118,41.595375,disease,weather,1
41.16645,45.0,3.8335495,14.696102,8.898009,disease,weather,1
42.34072,61.0,18.659279,348.1687,36.112152,disease,weather,1
48.167427,47.0,1.1674271,1.362886,2.4534173,disease,weather,1
46.17539,46.0,0.17538834,0.030761069,0.3805535,disease,weather,1
46.20842,67.0,20.79158,432.2898,36.73151,disease,weather,1
53.334927,59.0,5.6650734,32.093056,10.0860405,disease,weather,1
54.78145,46.0,8.781448,77.11384,17.426716,disease,weather,1
49.71824,48.0,1.7182388,2.9523447,3.516721,disease,weather,1
50.25598,63.0,12.744019,162.41,22.504805,disease,weather,1
53.387672,88.0,34.612328,1198.0132,48.960888,disease,weather,1
65.931145,65.0,0.9311447,0.8670305,1.4223424,disease,weather,1
67.13478,60.0,7.134781,50.905098,11.223964,disease,weather,1
61.67978,62.0,0.32022095,0.102541454,0.5178226,disease,weather,1
60.314827,83.0,22.685173,514.61707,31.657818,disease,weather,1
68.038246,84.0,15.961754,254.77759,20.997025,disease,weather,1
74.459526,94.0,19.540474,381.8301,23.199013,disease,weather,1
82.16935,93.0,10.83065,117.302986,12.36592,disease,weather,1
83.194374,83.0,0.19437408,0.037781283,0.23391177,disease,weather,1
81.81893,77.0,4.8189316,23.222101,6.0684595,disease,weather,1
78.7622,45.0,33.7622,1139.8861,54.55979,disease,weather,1
61.51958,54.0,7.519581,56.544098,13.018712,disease,weather,1
58.55878,77.0,18.44122,340.07858,27.207708,disease,weather,1
67.25969,64.0,3.2596893,10.625574,4.966779,disease,weather,1
68.92199,30.0,38.92199,1514.9213,78.69228,disease,weather,1
52.70347,90.0,37.29653,1391.0312,52.271378,disease,weather,1
68.98971,75.0,6.010292,36.12361,8.348225,disease,weather,1
65.92817,44.0,21.92817,480.8446,39.89545,disease,weather,1
58.12036,58.0,0.12036133,0.014486849,0.20730445,disease,weather,1
61.514828,55.0,6.5148277,42.44298,11.18283,disease,weather,1
55.151173,60.0,4.8488274,23.511127,8.421673,disease,weather,1
56.884087,73.0,16.115913,259.72266,24.815838,disease,weather,1
69.41622,98.0,28.583778,817.0324,34.14696,disease,weather,1
79.11427,81.0,1.8857269,3.5559661,2.3554764,disease,weather,1
72.63878,87.0,14.361221,206.24467,17.992146,disease,weather,1
82.1167,88.0,5.883301,34.613228,6.9167824,disease,weather,1
80.67252,103.0,22.327477,498.5162,24.312267,disease,weather,1
85.800964,109.0,23.199036,538.19525,23.818193,disease,weather,1
92.48887,112.0,19.511131,380.68423,19.08283,disease,weather,1
102.29643,73.0,29.296432,858.28094,33.42502,disease,weather,1
87.12775,57.0,30.127747,907.6811,41.807003,disease,weather,1
72.044945,48.0,24.044945,578.15936,40.059902,disease,weather,1
62.56285,59.0,3.562851,12.693907,5.861743,disease,weather,1
59.931236,44.0,15.931236,253.80429,30.65726,disease,weather,1
56.275826,78.0,21.724174,471.93976,32.357536,disease,weather,1
68.01171,65.0,3.0117111,9.070404,4.5284896,disease,weather,1
67.231224,59.0,8.231224,67.75305,13.041502,disease,weather,1
62.153522,61.0,1.1535225,1.3306141,1.8733082,disease,weather,1
61.834644,68.0,6.1653557,38.011612,9.497243,disease,weather,1
61.399887,84.0,22.600113,510.7651,31.086838,disease,weather,1
70.571785,46.0,24.571785,603.77264,42.157345,disease,weather,1
62.83106,67.0,4.1689415,17.380074,6.4221025,disease,weather,1
67.135605,41.0,26.135605,683.0698,48.338573,disease,weather,1
52.3508,46.0,6.3507996,40.332657,12.914586,disease,weather,1
51.714172,70.0,18.285828,334.3715,30.047163,disease,weather,1
58.43671,74.0,15.56329,242.21599,23.502985,disease,weather,1
65.90242,90.0,24.09758,580.69336,30.91367,disease,weather,1
72.50827,100.0,27.49173,755.7952,31.87294,disease,weather,1
85.71903,114.0,28.280968,799.8131,28.320753,disease,weather,1
93.06331,142.0,48.93669,2394.7998,41.63703,disease,weather,1
106.64547,108.0,1.3545303,1.8347524,1.2621094,disease,weather,1
105.93574,126.0,20.064262,402.57462,17.30157,disease,weather,1
109.10683,103.0,6.106827,37.293335,5.758256,disease,weather,1
105.348236,105.0,0.34823608,0.12126837,0.33110437,disease,weather,1
40.65482,39.0,1.6548195,2.7384276,4.1549764,disease,weather,3
41.64125,33.0,8.641251,74.67121,23.154089,disease,weather,3
37.440777,46.0,8.559223,73.2603,20.515684,disease,weather,3
38.322758,61.0,22.677242,514.2573,45.663742,disease,weather,3
39.83659,40.0,0.16341019,0.026702888,0.40936163,disease,weather,3
41.622787,86.0,44.377213,1969.337,69.54434,disease,weather,3
48.101925,85.0,36.898075,1361.4679,55.443336,disease,weather,3
43.319633,89.0,45.680367,2086.6958,69.04549,disease,weather,3
57.058926,75.0,17.941074,321.88214,27.171316,disease,weather,3
65.27412,63.0,2.2741165,5.171606,3.5457141,disease,weather,3
68.11119,62.0,6.111191,37.346653,9.393797,disease,weather,3
66.20506,73.0,6.794937,46.17117,9.7624855,disease,weather,3
66.11746,71.0,4.882538,23.839176,7.1216865,disease,weather,3
63.85618,72.0,8.143822,66.32183,11.988887,disease,weather,3
66.45495,51.0,15.454948,238.85544,26.316387,disease,weather,3
67.555176,53.0,14.555176,211.85315,24.146912,disease,weather,3
66.17974,44.0,22.17974,491.94092,40.261017,disease,weather,3
60.03107,54.0,6.0310707,36.373814,10.577943,disease,weather,3
55.396862,56.0,0.60313797,0.3637754,1.0828635,disease,weather,3
52.94913,25.0,27.949131,781.15393,71.71121,disease,weather,3
56.122307,42.0,14.122307,199.43954,28.78511,disease,weather,3
58.523754,21.999998,36.523758,1333.9849,90.71549,disease,weather,3
47.06254,32.0,15.062538,226.88005,38.102844,disease,weather,3
45.713078,20.0,25.713078,661.16235,78.25864,disease,weather,3
38.631523,40.0,1.3684769,1.872729,3.4807336,disease,weather,3
38.47131,25.0,13.47131,181.47618,42.4485,disease,weather,3
33.700012,34.0,0.2999878,0.08999267,0.8862267,disease,weather,3
40.465584,43.0,2.5344162,6.4232655,6.0729613,disease,weather,3
34.715,34.0,0.71500015,0.5112252,2.08106,disease,weather,3
34.174538,16.999998,17.17454,294.9648,67.12143,disease,weather,3
38.11909,35.0,3.119091,9.728729,8.531536,disease,weather,3
37.05431,41.0,3.9456902,15.568471,10.110115,disease,weather,3
31.01022,42.0,10.98978,120.775276,30.10477,disease,weather,3
33.67314,42.0,8.3268585,69.33657,22.007435,disease,weather,3
39.15341,35.0,4.153412,17.25083,11.202214,disease,weather,3
37.680557,30.0,7.6805573,58.99096,22.696495,disease,weather,3
38.614773,26.999998,11.614775,134.90298,35.402927,disease,weather,3
37.002373,24.0,13.002373,169.06169,42.62907,disease,weather,3
34.70329,34.0,0.70328903,0.49461547,2.0473228,disease,weather,3
32.12896,40.0,7.8710403,61.953278,21.82491,disease,weather,3
31.601982,21.0,10.601982,112.40202,40.3102,disease,weather,3
34.637634,11.000003,23.63763,558.73755,103.58832,disease,weather,3
37.744255,24.0,13.744255,188.90454,44.51995,disease,weather,3
29.896152,21.999998,7.8961544,62.349255,30.4306,disease,weather,3
22.94465,21.999998,0.94465256,0.89236844,4.2036266,disease,weather,3
26.74768,29.0,2.2523193,5.0729423,8.080406,disease,weather,3
27.933594,32.0,4.0664062,16.53566,13.569707,disease,weather,3
26.6084,32.0,5.3915997,29.069347,18.398727,disease,weather,3
29.176823,31.0,1.8231773,3.3239756,6.0594006,disease,weather,3
31.231462,27.999998,3.2314644,10.442362,10.91131,disease,weather,3
29.911749,15.999999,13.91175,193.53679,60.602135,disease,weather,3
29.632648,26.0,3.6326485,13.196135,13.059412,disease,weather,3
30.572945,35.0,4.4270554,19.59882,13.502688,disease,weather,3
27.285933,33.0,5.7140675,32.650566,18.956553,disease,weather,3
28.574478,21.999998,6.57448,43.22379,25.9992,disease,weather,3
31.484367,29.0,2.4843674,6.1720815,8.214908,disease,weather,3
31.567125,34.0,2.4328747,5.918879,7.4210196,disease,weather,3
27.2866,25.0,2.2866,5.22854,8.74641,disease,weather,3
28.863144,30.0,1.1368561,1.2924417,3.8627093,disease,weather,3
31.827175,33.0,1.1728249,1.3755182,3.6183124,disease,weather,3
29.369478,30.0,0.6305218,0.3975577,2.1240604,disease,weather,3
30.751776,27.999998,2.7517776,7.5722804,9.367471,disease,weather,3
33.51869,32.0,1.5186882,2.306414,4.635893,disease,weather,3
32.4904,41.0,8.509602,72.41332,23.158403,disease,weather,3
29.466276,26.0,3.4662762,12.015071,12.49868,disease,weather,3
31.372816,26.999998,4.372818,19.121536,14.982378,disease,weather,3
36.017773,42.0,5.9822273,35.787045,15.335549,disease,weather,3
32.383728,35.0,2.616272,6.844879,7.765293,disease,weather,3
30.479916,34.0,3.5200844,12.390994,10.918389,disease,weather,3
35.929123,33.0,2.929123,8.5797615,8.498941,disease,weather,3
36.207466,38.0,1.7925339,3.2131777,4.8311415,disease,weather,3
34.023205,24.0,10.023205,100.46464,34.548954,disease,weather,3
34.47113,25.0,9.47113,89.70231,31.851187,disease,weather,3
37.17278,46.0,8.827221,77.91983,21.226227,disease,weather,3
31.704851,40.0,8.295149,68.809494,23.136925,disease,weather,3
30.160782,13.999999,16.160782,261.17087,73.19065,disease,weather,3
37.883034,-1.2389615e-06,37.883034,1435.1243,200.0,disease,weather,3
39.1653,-1.2389615e-06,39.1653,1533.9207,200.0,disease,weather,3
28.29133,2.9999988,25.291332,639.6515,161.65074,disease,weather,3
19.29625,3.9999988,15.29625,233.97528,131.31944,disease,weather,3
17.880627,2.9999988,14.880628,221.43307,142.53047,disease,weather,3
16.031885,2.9999988,13.031886,169.83006,136.94794,disease,weather,3
14.442216,-1.2389615e-06,14.442217,208.57762,200.0,disease,weather,3
13.275674,44.0,30.724327,943.98425,107.28578,disease,weather,3
11.824092,44.0,32.175907,1035.289,115.27606,disease,weather,3
8.2361555,31.0,22.763844,518.19257,116.035034,disease,weather,3
22.014769,26.999998,4.9852295,24.852512,20.341745,disease,weather,3
30.937788,50.0,19.062212,363.36792,47.103367,disease,weather,3
30.014135,39.0,8.985865,80.745766,26.04065,disease,weather,3
28.147821,-1.2389615e-06,28.147823,792.3,200.0,disease,weather,3
36.939102,-1.2389615e-06,36.939102,1364.4973,200.0,disease,weather,3
35.41093,33.0,2.4109306,5.8125863,7.048378,disease,weather,3
20.855616,38.0,17.144384,293.9299,58.25913,disease,weather,3
17.504004,31.0,13.495996,182.14192,55.649002,disease,weather,3
27.494968,34.0,6.5050316,42.315437,21.156305,disease,weather,3
30.143938,20.0,10.143938,102.89948,40.459282,disease,weather,3
25.580645,21.0,4.5806446,20.982306,19.667587,disease,weather,3
30.310022,37.0,6.6899776,44.755802,19.878103,disease,weather,3
28.791258,21.999998,6.79126,46.12121,26.741848,disease,weather,3
25.639914,46.0,20.360086,414.5331,56.84006,disease,weather,3
31.21363,26.0,5.2136307,27.181944,18.225136,disease,weather,3
31.648994,31.0,0.64899445,0.42119378,2.0718431,disease,weather,3
38.027008,32.0,6.027008,36.324825,17.213383,disease,weather,3
32.16704,23.0,9.167042,84.03465,33.23376,disease,weather,3
28.959715,23.0,5.959715,35.5182,22.93975,disease,weather,3
29.721373,32.0,2.2786274,5.192143,7.3835926,disease,weather,3
30.544167,30.0,0.54416656,0.29611725,1.7975854,disease,weather,3
29.012047,26.999998,2.0120487,4.04834,7.184343,disease,weather,3
32.014145,26.999998,5.014147,25.141668,16.993034,disease,weather,3
32.268906,36.0,3.7310944,13.921065,10.930582,disease,weather,3
28.29728,33.0,4.7027206,22.115582,15.343979,disease,weather,3
29.430244,39.0,9.569756,91.58022,27.969376,disease,weather,3
32.40393,37.0,4.5960693,21.123854,13.244407,disease,weather,3
33.5046,44.0,10.495399,110.15341,27.083296,disease,weather,3
35.32851,27.999998,7.328512,53.707092,23.144434,disease,weather,3
36.39397,32.0,4.3939705,19.306976,12.849,disease,weather,3
39.17764,34.0,5.177639,26.807945,14.150877,disease,weather,3
34.312,26.999998,7.312002,53.465378,23.851784,disease,weather,3
33.55833,25.0,8.558331,73.24502,29.230103,disease,weather,3
35.366318,59.0,23.633682,558.55096,50.089233,disease,weather,3
33.31256,56.0,22.687439,514.7199,50.804585,disease,weather,3
30.537323,39.0,8.462677,71.616905,24.339956,disease,weather,3
41.694958,40.0,1.6949577,2.8728817,4.1494794,disease,weather,3
46.22531,42.0,4.2253113,17.853256,9.578456,disease,weather,3
39.764973,49.0,9.235027,85.28573,20.80782,disease,weather,3
39.923172,41.0,1.076828,1.1595585,2.6613588,disease,weather,3
42.944836,31.0,11.944836,142.6791,32.307423,disease,weather,3
45.40499,36.0,9.404991,88.45386,23.106668,disease,weather,3
42.919945,48.0,5.080055,25.806961,11.1747875,disease,weather,3
39.792988,48.0,8.207012,67.35505,18.696283,disease,weather,3
38.866764,65.0,26.133236,682.94604,50.32069,disease,weather,3
42.12084,68.0,25.879162,669.731,47.001392,disease,weather,3
42.238007,8.999999,33.238007,1104.7651,129.73965,disease,weather,3
50.239403,7.9999986,42.239403,1784.1671,145.05438,disease,weather,3
57.051495,11.999999,45.051495,2029.6372,130.48666,disease,weather,3
37.429756,15.999999,21.429756,459.23444,80.21656,disease,weather,3
27.551558,30.0,2.4484425,5.9948707,8.508692,disease,weather,3
28.589003,18.0,10.589003,112.126976,45.45709,disease,weather,3
28.935165,8.999999,19.935165,397.41083,105.10124,disease,weather,3
29.702682,27.999998,1.7026844,2.8991342,5.901578,disease,weather,3
26.922344,30.0,3.0776558,9.471965,10.813524,disease,weather,3
19.751446,38.0,18.248554,333.00974,63.196873,disease,weather,3
22.641554,34.0,11.358446,129.0143,40.106407,disease,weather,3
28.094345,32.0,3.905655,15.25414,12.998411,disease,weather,3
33.0754,36.0,2.9245987,8.553278,8.467844,disease,weather,3
36.56304,46.0,9.436958,89.05618,22.860006,disease,weather,3
34.93356,46.0,11.066441,122.46611,27.346975,disease,weather,3
32.71647,19.0,13.716469,188.14151,53.04488,disease,weather,3
36.41776,53.0,16.582241,274.97073,37.089367,disease,weather,3
39.43611,23.0,16.436111,270.14575,52.649372,disease,weather,3
31.934958,25.0,6.9349575,48.093636,24.360981,disease,weather,3
40.72931,35.0,5.729309,32.82498,15.131022,disease,weather,3
33.86256,21.999998,11.862562,140.72038,42.47053,disease,weather,3
29.86652,21.0,8.86652,78.61517,34.86191,disease,weather,3
33.263927,37.0,3.7360725,13.958238,10.634397,disease,weather,3
32.742874,23.0,9.742874,94.9236,34.956482,disease,weather,3
27.585443,30.0,2.4145565,5.830083,8.385997,disease,weather,3
32.088547,18.0,14.088547,198.48715,56.254566,disease,weather,3
30.934387,43.0,12.065613,145.57901,32.638706,disease,weather,3
29.506601,25.0,4.5066013,20.309456,16.535984,disease,weather,3
28.328415,15.000001,13.328414,177.64662,61.52274,disease,weather,3
34.379883,16.999998,17.379885,302.0604,67.65249,disease,weather,3
31.469212,4.9999986,26.469213,700.61926,145.15923,disease,weather,3
25.75564,8.999999,16.755642,280.75153,96.4197,disease,weather,3
24.306301,18.0,6.306301,39.769432,29.812586,disease,weather,3
20.467407,9.999999,10.467408,109.566635,68.712166,disease,weather,3
17.930616,9.999999,7.9306173,62.89469,56.78799,disease,weather,3
19.517536,27.999998,8.482462,71.95216,35.702454,disease,weather,3
19.322613,21.0,1.6773872,2.813628,8.319834,disease,weather,3
15.618123,33.0,17.381878,302.12967,71.5037,disease,weather,3
22.145645,39.0,16.854355,284.06927,55.128555,disease,weather,3
21.893896,38.0,16.106104,259.4066,53.782116,disease,weather,3
26.207245,52.0,25.792755,665.26624,65.960014,disease,weather,3
32.02338,45.0,12.97662,168.39265,33.69528,disease,weather,3
33.908817,61.0,27.091183,733.9322,57.088863,disease,weather,3
38.345474,47.0,8.654526,74.90082,20.28116,disease,weather,3
39.427547,46.0,6.5724525,43.197132,15.387197,disease,weather,3
45.624084,67.0,21.375916,456.92978,37.95976,disease,weather,3
44.346027,59.0,14.653973,214.7389,28.359043,disease,weather,3
44.13251,46.0,1.8674889,3.4875147,4.143874,disease,weather,3
50.8835,48.0,2.8834991,8.314568,5.832114,disease,weather,3
53.176556,63.0,9.823444,96.50006,16.911232,disease,weather,3
47.744507,88.0,40.255493,1620.5048,59.310677,disease,weather,3
47.39004,65.0,17.609959,310.11066,31.337223,disease,weather,3
54.900368,60.0,5.0996323,26.006248,8.876616,disease,weather,3
64.18895,62.0,2.1889496,4.7915,3.4693203,disease,weather,3
61.471767,83.0,21.528233,463.46478,29.802683,disease,weather,3
58.836517,84.0,25.163483,633.20087,35.233963,disease,weather,3
60.576954,94.0,33.423046,1117.1,43.24454,disease,weather,3
68.35268,93.0,24.647324,607.49054,30.55087,disease,weather,3
70.44459,83.0,12.555412,157.63838,16.364752,disease,weather,3
77.28077,77.0,0.28076935,0.07883143,0.36397195,disease,weather,3
81.178925,45.0,36.178925,1308.9146,57.345432,disease,weather,3
77.166084,54.0,23.166084,536.6675,35.323288,disease,weather,3
73.26626,77.0,3.7337418,13.940827,4.969501,disease,weather,3
62.76207,64.0,1.2379303,1.5324714,1.9531558,disease,weather,3
63.798565,30.0,33.798565,1142.343,72.06627,disease,weather,3
71.031334,90.0,18.968666,359.8103,23.558975,disease,weather,3
67.186516,75.0,7.813484,61.050537,10.990471,disease,weather,3
49.611305,44.0,5.611305,31.486746,11.988521,disease,weather,3
66.24235,58.0,8.242348,67.936295,13.268177,disease,weather,3
70.28694,55.0,15.286942,233.69058,24.403088,disease,weather,3
56.5032,60.0,3.4967995,12.227607,6.0029244,disease,weather,3
58.790226,73.0,14.209774,201.91768,21.564232,disease,weather,3
63.62472,98.0,34.37528,1181.6598,42.53715,disease,weather,3
60.786655,81.0,20.213345,408.57928,28.512339,disease,weather,3
61.623055,87.0,25.376945,643.9894,34.149406,disease,weather,3
75.20774,88.0,12.792259,163.64189,15.676045,disease,weather,3
72.90026,103.0,30.09974,905.99426,34.223644,disease,weather,3
74.243065,109.0,34.756935,1208.0446,37.935333,disease,weather,3
75.681244,112.0,36.318756,1319.052,38.702595,disease,weather,3
84.93371,73.0,11.933708,142.41339,15.1123,disease,weather,3
91.70251,57.0,34.702507,1204.264,46.673733,disease,weather,3
94.999916,48.0,46.999916,2208.9922,65.73419,disease,weather,3
82.720245,59.0,23.720245,562.65,33.474747,disease,weather,3
70.855194,44.0,26.855194,721.2015,46.76357,disease,weather,3
64.68141,78.0,13.318588,177.3848,18.66899,disease,weather,3
65.19695,65.0,0.19695282,0.038790412,0.30254596,disease,weather,3
60.13693,59.0,1.1369286,1.2926066,1.9086082,disease,weather,3
67.72865,61.0,6.728653,45.27477,10.454009,disease,weather,3
65.89815,68.0,2.1018524,4.4177837,3.1394794,disease,weather,3
59.554615,84.0,24.445385,597.57684,34.057262,disease,weather,3
59.836735,46.0,13.836735,191.45523,26.147322,disease,weather,3
66.23014,67.0,0.7698593,0.5926834,1.1556835,disease,weather,3
74.53031,41.0,33.53031,1124.2817,58.045914,disease,weather,3
62.5368,46.0,16.5368,273.46576,30.472246,disease,weather,3
64.07195,70.0,5.928047,35.141743,8.843083,disease,weather,3
54.65791,74.0,19.34209,374.11646,30.06747,disease,weather,3
51.976585,90.0,38.023415,1445.78,53.562935,disease,weather,3
57.42061,100.0,42.57939,1813.0046,54.096336,disease,weather,3
65.37244,114.0,48.627563,2364.64,54.21966,disease,weather,3
71.0283,142.0,70.9717,5036.9824,66.63125,disease,weather,3
76.86119,108.0,31.13881,969.6254,33.688854,disease,weather,3
86.81162,126.0,39.188377,1535.7289,36.82917,disease,weather,3
100.16611,103.0,2.8338928,8.030949,2.7897298,disease,weather,3
99.459305,105.0,5.540695,30.699303,5.4198513,disease,weather,3
42.34733,45.0,2.6526718,7.036668,6.073848,disease,weather_lag3,1
41.83184,36.0,5.8318405,34.010365,14.985744,disease,weather_lag3,1
38.246613,39.0,0.75338745,0.5675927,1.9506031,disease,weather_lag3,1
40.08788,33.0,7.087879,50.23803,19.395498,disease,weather_lag3,1
36.020206,46.0,9.979794,99.59628,24.334965,disease,weather_lag3,1
39.08768,61.0,21.91232,480.14972,43.786247,disease,weather_lag3,1
52.09491,40.0,12.09491,146.28683,26.266184,disease,weather_lag3,1
44.700577,86.0,41.299423,1705.6423,63.197006,disease,weather_lag3,1
61.027893,85.0,23.972107,574.6619,32.83223,disease,weather_lag3,1
69.36672,89.0,19.633278,385.4656,24.7947,disease,weather_lag3,1
73.993195,75.0,1.0068054,1.0136572,1.3514785,disease,weather_lag3,1
73.50428,63.0,10.50428,110.3399,15.390405,disease,weather_lag3,1
65.96221,62.0,3.9622116,15.6991205,6.192784,disease,weather_lag3,1
61.48896,73.0,11.51104,132.50403,17.118193,disease,weather_lag3,1
68.72466,71.0,2.2753372,5.1771593,3.2568867,disease,weather_lag3,1
68.789505,72.0,3.210495,10.307278,4.5607023,disease,weather_lag3,1
69.11534,51.0,18.115341,328.1656,30.163244,disease,weather_lag3,1
62.81291,53.0,9.812908,96.29317,16.946138,disease,weather_lag3,1
55.86601,44.0,11.866009,140.80217,23.763857,disease,weather_lag3,1
52.006104,54.0,1.9938965,3.9756231,3.7618523,disease,weather_lag3,1
50.773136,56.0,5.226864,27.320107,9.790598,disease,weather_lag3,1
56.087612,25.0,31.087612,966.43964,76.6766,disease,weather_lag3,1
44.75759,42.0,2.7575912,7.6043096,6.357003,disease,weather_lag3,1
45.351517,21.999998,23.351519,545.2934,69.34222,disease,weather_lag3,1
35.926487,32.0,3.926487,15.4173,11.56099,disease,weather_lag3,1
34.070694,20.0,14.070694,197.98444,52.045547,disease,weather_lag3,1
30.558784,40.0,9.4412155,89.13655,26.761276,disease,weather_lag3,1
37.07455,25.0,12.074551,145.79477,38.903385,disease,weather_lag3,1
31.499882,34.0,2.5001183,6.2505913,7.633963,disease,weather_lag3,1
36.129803,43.0,6.8701973,47.19961,17.364372,disease,weather_lag3,1
37.779255,34.0,3.779255,14.282767,10.530215,disease,weather_lag3,1
35.048496,16.999998,18.048498,325.7483,69.35263,disease,weather_lag3,1
29.10087,35.0,5.89913,34.799732,18.405773,disease,weather_lag3,1
32.61343,41.0,8.38657,70.33456,22.785435,disease,weather_lag3,1
36.80893,42.0,5.1910706,26.947214,13.173813,disease,weather_lag3,1
37.27017,42.0,4.7298317,22.371307,11.933446,disease,weather_lag3,1
43.625866,35.0,8.625866,74.40556,21.941547,disease,weather_lag3,1
36.509693,30.0,6.509693,42.376106,19.575172,disease,weather_lag3,1
33.762016,26.999998,6.762018,45.72489,22.257385,disease,weather_lag3,1
31.38436,24.0,7.3843594,54.528763,26.665863,disease,weather_lag3,1
29.531662,34.0,4.468338,19.966045,14.066492,disease,weather_lag3,1
31.056847,40.0,8.943153,79.979996,25.17183,disease,weather_lag3,1
37.306515,21.0,16.306515,265.90244,55.93377,disease,weather_lag3,1
31.238657,11.000003,20.238655,409.60315,95.83,disease,weather_lag3,1
23.673574,24.0,0.32642555,0.106553644,1.3694192,disease,weather_lag3,1
23.013315,21.999998,1.0133171,1.0268116,4.5022993,disease,weather_lag3,1
22.781055,21.999998,0.78105736,0.6100506,3.4883387,disease,weather_lag3,1
25.129913,29.0,3.8700867,14.977571,14.2992525,disease,weather_lag3,1
29.30475,32.0,2.6952496,7.26437,8.792955,disease,weather_lag3,1
29.683245,32.0,2.3167553,5.367355,7.5117817,disease,weather_lag3,1
30.785461,31.0,0.21453857,0.0460268,0.69446295,disease,weather_lag3,1
31.916262,27.999998,3.9162636,15.33712,13.072456,disease,weather_lag3,1
28.812359,15.999999,12.81236,164.15657,57.18226,disease,weather_lag3,1
23.446547,26.0,2.5534534,6.5201244,10.328136,disease,weather_lag3,1
26.981325,35.0,8.018675,64.29915,25.874487,disease,weather_lag3,1
31.315779,33.0,1.6842213,2.8366013,5.23735,disease,weather_lag3,1
31.890522,21.999998,9.890524,97.822464,36.70599,disease,weather_lag3,1
28.44013,29.0,0.55986977,0.31345415,1.9494027,disease,weather_lag3,1
29.317354,34.0,4.682646,21.927172,14.791034,disease,weather_lag3,1
29.873972,25.0,4.873972,23.755602,17.76424,disease,weather_lag3,1
28.320286,30.0,1.6797142,2.8214397,5.7603087,disease,weather_lag3,1
30.831467,33.0,2.1685333,4.7025366,6.794559,disease,weather_lag3,1
31.62479,30.0,1.6247902,2.6399431,5.273171,disease,weather_lag3,1
31.11634,27.999998,3.1163425,9.711591,10.543083,disease,weather_lag3,1
31.29375,32.0,0.70624924,0.498788,2.2316554,disease,weather_lag3,1
31.971542,41.0,9.028458,81.51305,24.745148,disease,weather_lag3,1
33.740482,26.0,7.7404823,59.915066,25.913692,disease,weather_lag3,1
31.970781,26.999998,4.970783,24.708687,16.858461,disease,weather_lag3,1
31.282703,42.0,10.717297,114.86044,29.249186,disease,weather_lag3,1
35.38161,35.0,0.38161087,0.14562686,1.0844051,disease,weather_lag3,1
34.354282,34.0,0.35428238,0.125516,1.0366063,disease,weather_lag3,1
35.39456,33.0,2.3945618,5.7339263,7.0021996,disease,weather_lag3,1
35.821472,38.0,2.1785278,4.7459836,5.902152,disease,weather_lag3,1
34.6045,24.0,10.6045,112.455414,36.190052,disease,weather_lag3,1
30.961946,25.0,5.9619465,35.544807,21.307144,disease,weather_lag3,1
30.753515,46.0,15.246485,232.45529,39.72843,disease,weather_lag3,1
36.039204,40.0,3.9607964,15.687908,10.417775,disease,weather_lag3,1
37.673077,13.999999,23.673077,560.41455,91.62634,disease,weather_lag3,1
29.510853,-1.2389615e-06,29.510855,870.89056,200.0,disease,weather_lag3,1
19.148369,-1.2389615e-06,19.14837,366.6601,200.0,disease,weather_lag3,1
10.276534,2.9999988,7.276535,52.947964,109.61499,disease,weather_lag3,1
8.421515,3.9999988,4.4215164,19.549807,71.19126,disease,weather_lag3,1
12.355269,2.9999988,9.35527,87.52109,121.85095,disease,weather_lag3,1
10.390609,2.9999988,7.3906097,54.621113,110.38498,disease,weather_lag3,1
8.640971,-1.2389615e-06,8.640972,74.6664,200.0,disease,weather_lag3,1
6.8708024,44.0,37.129196,1378.5771,145.97449,disease,weather_lag3,1
22.983265,44.0,21.016735,441.70316,62.752197,disease,weather_lag3,1
30.172447,31.0,0.8275528,0.6848436,2.7056391,disease,weather_lag3,1
30.197956,26.999998,3.197958,10.226935,11.182072,disease,weather_lag3,1
31.084148,50.0,18.915852,357.80945,46.657333,disease,weather_lag3,1
37.171906,39.0,1.8280945,3.3419294,4.799918,disease,weather_lag3,1
35.002293,-1.2389615e-06,35.002293,1225.1605,200.0,disease,weather_lag3,1
22.978313,-1.2389615e-06,22.978315,528.003,200.0,disease,weather_lag3,1
14.932517,33.0,18.067482,326.4339,75.38716,disease,weather_lag3,1
21.342506,38.0,16.657494,277.4721,56.14017,disease,weather_lag3,1
30.312965,31.0,0.6870346,0.47201654,2.2410746,disease,weather_lag3,1
32.928654,34.0,1.0713463,1.1477828,3.201458,disease,weather_lag3,1
33.28468,20.0,13.284679,176.48271,49.863033,disease,weather_lag3,1
22.875637,21.0,1.875637,3.5180144,8.549788,disease,weather_lag3,1
24.797018,37.0,12.202982,148.91277,39.493755,disease,weather_lag3,1
31.741512,21.999998,9.741514,94.8971,36.253223,disease,weather_lag3,1
26.191156,46.0,19.808844,392.3903,54.87887,disease,weather_lag3,1
35.883915,26.0,9.883915,97.69177,31.943405,disease,weather_lag3,1
35.696095,31.0,4.6960945,22.053303,14.082068,disease,weather_lag3,1
31.977697,32.0,0.022302628,0.0004974072,0.06972001,disease,weather_lag3,1
30.49201,23.0,7.49201,56.130215,28.011698,disease,weather_lag3,1
26.895485,23.0,3.895485,15.174803,15.614579,disease,weather_lag3,1
25.878696,32.0,6.1213036,37.470356,21.152182,disease,weather_lag3,1
31.844929,30.0,1.8449287,3.403762,5.9663057,disease,weather_lag3,1
30.511454,26.999998,3.5114555,12.33032,12.211327,disease,weather_lag3,1
29.623713,26.999998,2.6237144,6.8838773,9.267194,disease,weather_lag3,1
30.42603,36.0,5.573971,31.06915,16.782492,disease,weather_lag3,1
29.937334,33.0,3.062666,9.379923,9.73243,disease,weather_lag3,1
33.235756,39.0,5.764244,33.22651,15.959531,disease,weather_lag3,1
35.33148,37.0,1.6685219,2.7839653,4.6135426,disease,weather_lag3,1
37.161602,44.0,6.838398,46.763687,16.851313,disease,weather_lag3,1
38.71368,27.999998,10.713682,114.78299,32.118397,disease,weather_lag3,1
34.879818,32.0,2.879818,8.293351,8.611919,disease,weather_lag3,1
34.13211,34.0,0.1321106,0.017453209,0.38780713,disease,weather_lag3,1
33.62444,26.999998,6.624441,43.88322,21.854029,disease,weather_lag3,1
30.999554,25.0,5.9995537,35.994644,21.427149,disease,weather_lag3,1
30.566652,59.0,28.433348,808.45526,63.49093,disease,weather_lag3,1
42.891705,56.0,13.108295,171.82741,26.510403,disease,weather_lag3,1
46.787693,39.0,7.787693,60.648163,18.155735,disease,weather_lag3,1
43.177464,40.0,3.1774635,10.096274,7.640203,disease,weather_lag3,1
43.23068,42.0,1.2306786,1.5145698,2.887877,disease,weather_lag3,1
39.053658,49.0,9.946342,98.929726,22.591549,disease,weather_lag3,1
43.083965,41.0,2.0839653,4.3429112,4.956867,disease,weather_lag3,1
44.90115,31.0,13.90115,193.24196,36.629616,disease,weather_lag3,1
39.732754,36.0,3.7327538,13.933451,9.857699,disease,weather_lag3,1
36.901928,48.0,11.098072,123.167206,26.143274,disease,weather_lag3,1
43.17394,48.0,4.8260612,23.290867,10.5864935,disease,weather_lag3,1
44.248962,65.0,20.751038,430.60556,37.988533,disease,weather_lag3,1
52.5534,68.0,15.446602,238.5975,25.62616,disease,weather_lag3,1
57.33852,8.999999,48.33852,2336.6125,145.7329,disease,weather_lag3,1
37.23402,7.9999986,29.234022,854.62805,129.25679,disease,weather_lag3,1
27.040821,11.999999,15.040822,226.22633,77.05177,disease,weather_lag3,1
20.656006,15.999999,4.656007,21.6784,25.403786,disease,weather_lag3,1
18.916033,30.0,11.083967,122.85433,45.31834,disease,weather_lag3,1
29.742708,18.0,11.742708,137.89119,49.19163,disease,weather_lag3,1
28.944054,8.999999,19.944054,397.7653,105.123474,disease,weather_lag3,1
17.936806,27.999998,10.063192,101.26784,43.8132,disease,weather_lag3,1
23.5565,30.0,6.4435005,41.5187,24.06244,disease,weather_lag3,1
25.625515,38.0,12.374485,153.12788,38.89787,disease,weather_lag3,1
29.195015,34.0,4.804985,23.087881,15.206848,disease,weather_lag3,1
35.00755,32.0,3.0075493,9.045353,8.9767475,disease,weather_lag3,1
33.867706,36.0,2.1322937,4.5466766,6.103803,disease,weather_lag3,1
35.85157,46.0,10.14843,102.99063,24.797153,disease,weather_lag3,1
38.6831,46.0,7.3168983,53.537003,17.280657,disease,weather_lag3,1
39.90804,19.0,20.90804,437.1461,70.98535,disease,weather_lag3,1
31.68484,53.0,21.31516,454.3361,50.339966,disease,weather_lag3,1
41.39517,23.0,18.395168,338.3822,57.132137,disease,weather_lag3,1
33.16036,25.0,8.160358,66.591446,28.061584,disease,weather_lag3,1
29.972288,35.0,5.027712,25.277887,15.4764805,disease,weather_lag3,1
33.419895,21.999998,11.419897,130.41405,41.212265,disease,weather_lag3,1
28.472818,21.0,7.4728184,55.843014,30.209795,disease,weather_lag3,1
25.54507,37.0,11.454929,131.21541,36.629356,disease,weather_lag3,1
34.812656,23.0,11.812656,139.53885,40.865295,disease,weather_lag3,1
27.35531,30.0,2.6446896,6.994383,9.222127,disease,weather_lag3,1
28.32464,18.0,10.32464,106.5982,44.575157,disease,weather_lag3,1
28.40921,43.0,14.59079,212.89114,40.865288,disease,weather_lag3,1
31.338793,25.0,6.338793,40.180294,22.50241,disease,weather_lag3,1
31.175516,15.000001,16.175514,261.64725,70.061,disease,weather_lag3,1
24.618385,16.999998,7.618387,58.039825,36.61068,disease,weather_lag3,1
23.452978,4.9999986,18.45298,340.51248,129.70862,disease,weather_lag3,1
15.35809,8.999999,6.3580914,40.425327,52.205173,disease,weather_lag3,1
14.324992,18.0,3.6750078,13.505683,22.737873,disease,weather_lag3,1
19.323778,9.999999,9.323779,86.93285,63.591938,disease,weather_lag3,1
15.832131,9.999999,5.8321323,34.013767,45.154095,disease,weather_lag3,1
13.623742,27.999998,14.376256,206.67674,69.077194,disease,weather_lag3,1
23.679544,21.0,2.6795444,7.1799583,11.994503,disease,weather_lag3,1
19.380404,33.0,13.6195965,185.49341,52.002644,disease,weather_lag3,1
26.697556,39.0,12.302444,151.35014,37.451756,disease,weather_lag3,1
32.184383,38.0,5.8156166,33.821396,16.572393,disease,weather_lag3,1
33.87647,52.0,18.123531,328.4624,42.208378,disease,weather_lag3,1
41.23023,45.0,3.7697716,14.211178,8.743504,disease,weather_lag3,1
42.566887,61.0,18.433113,339.77966,35.59654,disease,weather_lag3,1
47.849968,47.0,0.84996796,0.72244555,1.7922366,disease,weather_lag3,1
46.740795,46.0,0.74079514,0.54877746,1.5975604,disease,weather_lag3,1
45.971703,67.0,21.028297,442.1893,37.227547,disease,weather_lag3,1
53.459778,59.0,5.540222,30.694061,9.852806,disease,weather_lag3,1
54.976757,46.0,8.976757,80.58217,17.779848,disease,weather_lag3,1
49.606102,48.0,1.606102,2.5795636,3.290987,disease,weather_lag3,1
50.645077,63.0,12.354923,152.64413,21.742996,disease,weather_lag3,1
53.232235,88.0,34.767765,1208.7975,49.234886,disease,weather_lag3,1
65.83926,65.0,0.8392563,0.7043511,1.2828814,disease,weather_lag3,1
67.48356,60.0,7.4835587,56.00365,11.74043,disease,weather_lag3,1
61.618748,62.0,0.3812523,0.1453533,0.61681956,disease,weather_lag3,1
60.736877,83.0,22.263123,495.64664,30.977608,disease,weather_lag3,1
67.66164,84.0,16.338364,266.94214,21.545809,disease,weather_lag3,1
74.36564,94.0,19.634361,385.50815,23.323479,disease,weather_lag3,1
82.281075,93.0,10.718925,114.89536,12.230557,disease,weather_lag3,1
83.56418,83.0,0.56417847,0.31829736,0.67743075,disease,weather_lag3,1
81.92845,77.0,4.9284515,24.289635,6.2021008,disease,weather_lag3,1
78.633415,45.0,33.633415,1131.2067,54.408295,disease,weather_lag3,1
61.669914,54.0,7.6699142,58.827583,13.261726,disease,weather_lag3,1
58.25793,77.0,18.74207,351.26517,27.713078,disease,weather_lag3,1
67.45294,64.0,3.452942,11.922808,5.253503,disease,weather_lag3,1
68.67866,30.0,38.678658,1496.0386,78.39316,disease,weather_lag3,1
52.85494,90.0,37.14506,1379.7556,52.00389,disease,weather_lag3,1
68.98045,75.0,6.0195465,36.23494,8.361616,disease,weather_lag3,1
66.23587,44.0,22.23587,494.43393,40.34235,disease,weather_lag3,1
57.550625,58.0,0.44937515,0.20193803,0.7777979,disease,weather_lag3,1
61.968052,55.0,6.968052,48.55375,11.9144535,disease,weather_lag3,1
55.11455,60.0,4.8854485,23.867607,8.487978,disease,weather_lag3,1
56.239384,73.0,16.760616,280.91827,25.937323,disease,weather_lag3,1
69.7561,98.0,28.243896,797.7177,33.67257,disease,weather_lag3,1
78.64752,81.0,2.352478,5.534153,2.94709,disease,weather_lag3,1
73.20867,87.0,13.791328,190.20074,17.216705,disease,weather_lag3,1
82.20521,88.0,5.794792,33.579617,6.809183,disease,weather_lag3,1
80.62246,103.0,22.37754,500.75433,24.373423,disease,weather_lag3,1
85.56281,109.0,23.437187,549.30176,24.092155,disease,weather_lag3,1
92.80842,112.0,19.191582,368.3168,18.741009,disease,weather_lag3,1
102.270836,73.0,29.270836,856.78186,33.400692,disease,weather_lag3,1
87.354126,57.0,30.354126,921.373,42.055084,disease,weather_lag3,1
72.1393,48.0,24.139297,582.7057,40.185513,disease,weather_lag3,1
62.5046,59.0,3.5046005,12.282225,5.768671,disease,weather_lag3,1
59.48984,44.0,15.489841,239.9352,29.935,disease,weather_lag3,1
56.415653,78.0,21.584347,465.88403,32.11582,disease,weather_lag3,1
67.89984,65.0,2.8998413,8.40908,4.36395,disease,weather_lag3,1
67.63844,59.0,8.638443,74.622696,13.642687,disease,weather_lag3,1
61.881767,61.0,0.8817673,0.7775135,1.4351474,disease,weather_lag3,1
62.017014,68.0,5.9829865,35.796127,9.20339,disease,weather_lag3,1
61.22787,84.0,22.77213,518.5699,31.360548,disease,weather_lag3,1
70.262085,46.0,24.262085,588.64874,41.73688,disease,weather_lag3,1
63.25127,67.0,3.7487297,14.052975,5.7561507,disease,weather_lag3,1
66.43337,41.0,25.433372,646.85645,47.347248,disease,weather_lag3,1
53.00576,46.0,7.00576,49.080677,14.152227,disease,weather_lag3,1
50.93115,70.0,19.068851,363.6211,31.536707,disease,weather_lag3,1
58.649647,74.0,15.350353,235.63335,23.144207,disease,weather_lag3,1
65.92834,90.0,24.071663,579.44495,30.87529,disease,weather_lag3,1
72.38741,100.0,27.612587,762.45496,32.0355,disease,weather_lag3,1
86.3307,114.0,27.669296,765.58997,27.623621,disease,weather_lag3,1
92.665764,142.0,49.334236,2433.867,42.046383,disease,weather_lag3,1
106.85643,108.0,1.14357,1.3077523,1.0644969,disease,weather_lag3,1
106.346085,126.0,19.653915,386.2764,16.917793,disease,weather_lag3,1
108.69521,103.0,5.6952133,32.435455,5.380578,disease,weather_lag3,1
106.08644,105.0,1.086441,1.1803541,1.0293802,disease,weather_lag3,1
40.24857,39.0,1.2485695,1.5589257,3.1510212,disease,weather_lag3,3
41.75374,33.0,8.753738,76.62794,23.420202,disease,weather_lag3,3
37.84972,46.0,8.15028,66.42706,19.440208,disease,weather_lag3,3
38.380856,61.0,22.619144,511.6257,45.520123,disease,weather_lag3,3
39.78637,40.0,0.21363068,0.045638066,0.5355067,disease,weather_lag3,3
41.54995,86.0,44.45005,1975.807,69.698265,disease,weather_lag3,3
48.424587,85.0,36.575413,1337.7609,54.825592,disease,weather_lag3,3
43.933426,89.0,45.066574,2030.9961,67.80322,disease,weather_lag3,3
56.660088,75.0,18.339912,336.3524,27.859486,disease,weather_lag3,3
65.5481,63.0,2.5481033,6.4928308,3.9644356,disease,weather_lag3,3
68.98538,62.0,6.985382,48.795563,10.665895,disease,weather_lag3,3
66.19558,73.0,6.8044205,46.300137,9.776776,disease,weather_lag3,3
66.19451,71.0,4.8054886,23.09272,7.0053654,disease,weather_lag3,3
63.343338,72.0,8.656662,74.9378,12.7921505,disease,weather_lag3,3
66.56411,51.0,15.56411,242.24152,26.477655,disease,weather_lag3,3
68.118126,53.0,15.118126,228.55772,24.964268,disease,weather_lag3,3
66.16258,44.0,22.162582,491.18005,40.236134,disease,weather_lag3,3
59.710297,54.0,5.7102966,32.607487,10.043588,disease,weather_lag3,3
55.042397,56.0,0.95760345,0.91700435,1.7247528,disease,weather_lag3,3
52.664303,25.0,27.664303,765.31366,71.24071,disease,weather_lag3,3
56.63724,42.0,14.637241,214.24884,29.678934,disease,weather_lag3,3
58.72052,21.999998,36.72052,1348.3966,90.98187,disease,weather_lag3,3
47.319923,32.0,15.319923,234.70006,38.628185,disease,weather_lag3,3
45.062195,20.0,25.062195,628.1136,77.04073,disease,weather_lag3,3
38.34282,40.0,1.6571808,2.7462482,4.2305875,disease,weather_lag3,3
38.77647,25.0,13.77647,189.79114,43.202362,disease,weather_lag3,3
33.79904,34.0,0.20095825,0.040384218,0.59280556,disease,weather_lag3,3
40.644257,43.0,2.3557434,5.549527,5.6327677,disease,weather_lag3,3
34.620213,34.0,0.62021255,0.3846636,1.8076673,disease,weather_lag3,3
34.290577,16.999998,17.290579,298.9641,67.42206,disease,weather_lag3,3
38.10004,35.0,3.1000404,9.61025,8.481639,disease,weather_lag3,3
37.432064,41.0,3.567936,12.730166,9.098156,disease,weather_lag3,3
31.1415,42.0,10.8585,117.90701,29.69176,disease,weather_lag3,3
33.45779,42.0,8.54221,72.969345,22.641027,disease,weather_lag3,3
39.09027,35.0,4.090271,16.730316,11.041317,disease,weather_lag3,3
38.285397,30.0,8.285397,68.6478,24.266962,disease,weather_lag3,3
38.765377,26.999998,11.765379,138.42415,35.77986,disease,weather_lag3,3
36.954296,24.0,12.954296,167.81378,42.504948,disease,weather_lag3,3
34.311638,34.0,0.31163788,0.09711817,0.91240054,disease,weather_lag3,3
32.255863,40.0,7.744137,59.971657,21.435318,disease,weather_lag3,3
31.812128,21.0,10.812128,116.902115,40.94563,disease,weather_lag3,3
34.650963,11.000003,23.650959,559.36786,103.61646,disease,weather_lag3,3
37.844585,24.0,13.844585,191.67255,44.772182,disease,weather_lag3,3
30.121916,21.999998,8.121918,65.965546,31.16508,disease,weather_lag3,3
22.624676,21.999998,0.62467766,0.39022216,2.7996962,disease,weather_lag3,3
26.359125,29.0,2.6408749,6.9742203,9.540884,disease,weather_lag3,3
28.203716,32.0,3.7962837,14.41177,12.611459,disease,weather_lag3,3
27.115242,32.0,4.884758,23.86086,16.526222,disease,weather_lag3,3
29.262486,31.0,1.7375145,3.0189567,5.766488,disease,weather_lag3,3
31.1111,27.999998,3.1111012,9.67895,10.526284,disease,weather_lag3,3
29.898895,15.999999,13.898896,193.17932,60.5631,disease,weather_lag3,3
29.900812,26.0,3.9008121,15.216335,13.956192,disease,weather_lag3,3
30.741697,35.0,4.2583027,18.133142,12.954648,disease,weather_lag3,3
27.279737,33.0,5.7202625,32.721405,18.979055,disease,weather_lag3,3
28.491764,21.999998,6.491766,42.143024,25.714159,disease,weather_lag3,3
31.52416,29.0,2.5241604,6.3713856,8.341001,disease,weather_lag3,3
31.903429,34.0,2.096571,4.39561,6.362555,disease,weather_lag3,3
27.415009,25.0,2.4150085,5.8322663,9.214951,disease,weather_lag3,3
28.57859,30.0,1.4214096,2.0204053,4.8530006,disease,weather_lag3,3
31.690403,33.0,1.309597,1.7150444,4.0488143,disease,weather_lag3,3
29.819586,30.0,0.1804142,0.032549284,0.6031944,disease,weather_lag3,3
30.978476,27.999998,2.9784775,8.871328,10.100219,disease,weather_lag3,3
33.433296,32.0,1.4332962,2.054338,4.3809385,disease,weather_lag3,3
32.505054,41.0,8.494946,72.1641,23.113909,disease,weather_lag3,3
29.546223,26.0,3.5462227,12.575695,12.768547,disease,weather_lag3,3
31.41606,26.999998,4.4160614,19.501598,15.119341,disease,weather_lag3,3
36.06761,42.0,5.9323883,35.19323,15.198079,disease,weather_lag3,3
32.66088,35.0,2.339119,5.4714775,6.914243,disease,weather_lag3,3
30.537159,34.0,3.462841,11.991268,10.73131,disease,weather_lag3,3
35.633255,33.0,2.633255,6.934032,7.673409,disease,weather_lag3,3
36.524208,38.0,1.4757919,2.1779618,3.9605708,disease,weather_lag3,3
34.342453,24.0,10.342453,106.96633,35.454296,disease,weather_lag3,3
34.38408,25.0,9.384079,88.060936,31.604694,disease,weather_lag3,3
37.081944,46.0,8.9180565,79.53173,21.468098,disease,weather_lag3,3
31.774626,40.0,8.225374,67.656784,22.920006,disease,weather_lag3,3
30.309614,13.999999,16.309616,266.00357,73.61661,disease,weather_lag3,3
37.72468,-1.2389615e-06,37.72468,1423.1516,200.0,disease,weather_lag3,3
39.48314,-1.2389615e-06,39.48314,1558.9182,200.0,disease,weather_lag3,3
28.668888,2.9999988,25.66889,658.8919,162.10794,disease,weather_lag3,3
18.782087,3.9999988,14.782088,218.51013,129.76941,disease,weather_lag3,3
17.197622,2.9999988,14.197623,201.57251,140.5871,disease,weather_lag3,3
16.089577,2.9999988,13.089578,171.33704,137.1385,disease,weather_lag3,3
14.968596,-1.2389615e-06,14.968597,224.05891,200.0,disease,weather_lag3,3
13.462031,44.0,30.537968,932.56744,106.2892,disease,weather_lag3,3
11.4228735,44.0,32.577126,1061.2692,117.55841,disease,weather_lag3,3
8.044452,31.0,22.955547,526.95715,117.58673,disease,weather_lag3,3
22.152061,26.999998,4.8479366,23.50249,19.72628,disease,weather_lag3,3
31.831532,50.0,18.168468,330.09326,44.404568,disease,weather_lag3,3
30.95428,39.0,8.045719,64.7336,23.002792,disease,weather_lag3,3
27.73886,-1.2389615e-06,27.738861,769.4444,200.0,disease,weather_lag3,3
36.49411,-1.2389615e-06,36.49411,1331.8201,200.0,disease,weather_lag3,3
35.812454,33.0,2.8124542,7.9098988,8.174259,disease,weather_lag3,3
21.618807,38.0,16.381193,268.34348,54.95311,disease,weather_lag3,3
16.833506,31.0,14.166494,200.68956,59.232513,disease,weather_lag3,3
26.488953,34.0,7.5110474,56.415833,24.834444,disease,weather_lag3,3
30.7,20.0,10.700001,114.49001,42.209072,disease,weather_lag3,3
26.631416,21.0,5.6314163,31.71285,23.645805,disease,weather_lag3,3
30.0741,37.0,6.9258995,47.968082,20.651487,disease,weather_lag3,3
28.258732,21.999998,6.2587337,39.17175,24.906057,disease,weather_lag3,3
25.510609,46.0,20.489391,419.81516,57.304485,disease,weather_lag3,3
31.692663,26.0,5.692663,32.406414,19.734444,disease,weather_lag3,3
32.32547,31.0,1.32547,1.7568706,4.1862144,disease,weather_lag3,3
37.951664,32.0,5.951664,35.422302,17.016504,disease,weather_lag3,3
32.057735,23.0,9.057735,82.04257,32.902683,disease,weather_lag3,3
28.914957,23.0,5.914957,34.986717,22.787104,disease,weather_lag3,3
29.397036,32.0,2.6029644,6.7754235,8.479121,disease,weather_lag3,3
31.094715,30.0,1.0947151,1.1984012,3.5836656,disease,weather_lag3,3
29.011158,26.999998,2.01116,4.044764,7.181284,disease,weather_lag3,3
31.923689,26.999998,4.923691,24.242731,16.712093,disease,weather_lag3,3
32.466633,36.0,3.5333672,12.484683,10.321428,disease,weather_lag3,3
28.328215,33.0,4.6717854,21.825579,15.235354,disease,weather_lag3,3
29.405245,39.0,9.594755,92.059326,28.05269,disease,weather_lag3,3
32.44429,37.0,4.55571,20.754492,13.120474,disease,weather_lag3,3
33.608555,44.0,10.391445,107.98213,26.779123,disease,weather_lag3,3
35.747154,27.999998,7.747156,60.01843,24.30589,disease,weather_lag3,3
36.411823,32.0,4.4118233,19.464184,12.897839,disease,weather_lag3,3
39.20795,34.0,5.2079506,27.12275,14.227828,disease,weather_lag3,3
34.418602,26.999998,7.418604,55.035683,24.157515,disease,weather_lag3,3
33.57759,25.0,8.577591,73.575066,29.286253,disease,weather_lag3,3
35.20938,59.0,23.790619,565.9935,50.50584,disease,weather_lag3,3
33.565758,56.0,22.434242,503.29523,50.095577,disease,weather_lag3,3
30.540836,39.0,8.459164,71.55745,24.328623,disease,weather_lag3,3
41.569107,40.0,1.569107,2.462097,3.8473074,disease,weather_lag3,3
46.632664,42.0,4.6326637,21.461573,10.453627,disease,weather_lag3,3
40.344368,49.0,8.655632,74.91997,19.375887,disease,weather_lag3,3
39.58105,41.0,1.4189491,2.0134165,3.5217934,disease,weather_lag3,3
42.67832,31.0,11.678322,136.3832,31.700834,disease,weather_lag3,3
45.59222,36.0,9.59222,92.01069,23.512585,disease,weather_lag3,3
43.56993,48.0,4.430069,19.625511,9.675816,disease,weather_lag3,3
39.87535,48.0,8.124649,66.009926,18.491304,disease,weather_lag3,3
38.206017,65.0,26.793983,717.91754,51.923298,disease,weather_lag3,3
41.96222,68.0,26.03778,677.966,47.357685,disease,weather_lag3,3
42.78663,8.999999,33.78663,1141.5363,130.48398,disease,weather_lag3,3
50.56854,7.9999986,42.56854,1812.0804,145.36316,disease,weather_lag3,3
57.301773,11.999999,45.301773,2052.2507,130.7377,disease,weather_lag3,3
37.64182,15.999999,21.641819,468.36832,80.6901,disease,weather_lag3,3
26.72255,30.0,3.2774506,10.741682,11.556076,disease,weather_lag3,3
27.901493,18.0,9.901493,98.039566,43.142357,disease,weather_lag3,3
29.481667,8.999999,20.481667,419.49866,106.44896,disease,weather_lag3,3
30.15805,27.999998,2.1580524,4.6571903,7.421337,disease,weather_lag3,3
27.15998,30.0,2.8400192,8.065709,9.93709,disease,weather_lag3,3
19.103315,38.0,18.896685,357.0847,66.1842,disease,weather_lag3,3
22.010624,34.0,11.989376,143.74513,42.811077,disease,weather_lag3,3
28.831322,32.0,3.1686783,10.040522,10.417916,disease,weather_lag3,3
33.894417,36.0,2.1055832,4.4334807,6.0250397,disease,weather_lag3,3
36.854645,46.0,9.145355,83.63752,22.07566,disease,weather_lag3,3
34.941383,46.0,11.058617,122.293,27.325,disease,weather_lag3,3
32.204987,19.0,13.204987,174.37167,51.576954,disease,weather_lag3,3
36.67795,53.0,16.322048,266.40927,36.401474,disease,weather_lag3,3
39.94461,23.0,16.94461,287.11984,53.83975,disease,weather_lag3,3
32.123653,25.0,7.1236534,50.746437,24.941168,disease,weather_lag3,3
40.248936,35.0,5.2489357,27.551327,13.950857,disease,weather_lag3,3
33.852673,21.999998,11.8526745,140.48589,42.442642,disease,weather_lag3,3
30.182892,21.0,9.182892,84.3255,35.88266,disease,weather_lag3,3
32.95301,37.0,4.0469894,16.378124,11.570594,disease,weather_lag3,3
33.04413,23.0,10.044128,100.884514,35.843643,disease,weather_lag3,3
27.42732,30.0,2.5726795,6.61868,8.959775,disease,weather_lag3,3
32.00765,18.0,14.007648,196.21422,56.022026,disease,weather_lag3,3
31.27822,43.0,11.721781,137.40015,31.561825,disease,weather_lag3,3
29.481468,25.0,4.481468,20.083557,16.45135,disease,weather_lag3,3
28.374973,15.000001,13.374972,178.8899,61.671383,disease,weather_lag3,3
34.459293,16.999998,17.459295,304.827,67.85673,disease,weather_lag3,3
31.485546,4.9999986,26.485548,701.48425,145.18378,disease,weather_lag3,3
26.340681,8.999999,17.340683,300.69928,98.13441,disease,weather_lag3,3
23.713312,18.0,5.713312,32.641937,27.393234,disease,weather_lag3,3
20.344782,9.999999,10.344783,107.014534,68.181625,disease,weather_lag3,3
17.984777,9.999999,7.9847784,63.756687,57.06516,disease,weather_lag3,3
19.606014,27.999998,8.393984,70.45896,35.26439,disease,weather_lag3,3
19.579788,21.0,1.4202118,2.0170016,6.9996014,disease,weather_lag3,3
15.516753,33.0,17.483246,305.66388,72.07096,disease,weather_lag3,3
21.946878,39.0,17.053122,290.80896,55.96061,disease,weather_lag3,3
22.333706,38.0,15.666294,245.43277,51.932144,disease,weather_lag3,3
26.453972,52.0,25.546028,652.59955,65.123604,disease,weather_lag3,3
32.307873,45.0,12.692127,161.09009,32.835274,disease,weather_lag3,3
34.15889,61.0,26.84111,720.4452,56.413246,disease,weather_lag3,3
38.30473,47.0,8.695271,75.60773,20.386372,disease,weather_lag3,3
39.806908,46.0,6.1930923,38.354393,14.43495,disease,weather_lag3,3
45.773666,67.0,21.226334,450.55725,37.64413,disease,weather_lag3,3
44.425194,59.0,14.574806,212.42497,28.184246,disease,weather_lag3,3
44.34453,46.0,1.6554718,2.740587,3.664797,disease,weather_lag3,3
50.560017,48.0,2.5600166,6.553685,5.1948385,disease,weather_lag3,3
53.570324,63.0,9.429676,88.91879,16.178518,disease,weather_lag3,3
48.119194,88.0,39.880806,1590.4786,58.596886,disease,weather_lag3,3
46.987408,65.0,18.012592,324.4535,32.16896,disease,weather_lag3,3
54.701694,60.0,5.2983055,28.07204,9.238408,disease,weather_lag3,3
64.501755,62.0,2.5017548,6.2587767,3.9552886,disease,weather_lag3,3
62.366592,83.0,20.633408,425.73752,28.388102,disease,weather_lag3,3
58.95705,84.0,25.04295,627.14935,35.03563,disease,weather_lag3,3
59.677647,94.0,34.322353,1178.0239,44.667988,disease,weather_lag3,3
68.46657,93.0,24.533432,601.8893,30.38825,disease,weather_lag3,3
71.215744,83.0,11.784256,138.86868,15.282819,disease,weather_lag3,3
77.96006,77.0,0.9600601,0.92171544,1.2391067,disease,weather_lag3,3
81.06998,45.0,36.069977,1301.0432,57.222153,disease,weather_lag3,3
76.93011,54.0,22.930107,525.7898,35.02648,disease,weather_lag3,3
73.15802,77.0,3.84198,14.76081,5.117249,disease,weather_lag3,3
62.92686,64.0,1.0731392,1.1516278,1.6909567,disease,weather_lag3,3
63.50147,30.0,33.50147,1122.3484,71.659775,disease,weather_lag3,3
70.83389,90.0,19.166107,367.33966,23.833418,disease,weather_lag3,3
67.78042,75.0,7.2195816,52.12236,10.112845,disease,weather_lag3,3
49.702473,44.0,5.7024727,32.518196,12.171446,disease,weather_lag3,3
65.22979,58.0,7.2297897,52.26986,11.733834,disease,weather_lag3,3
70.54692,55.0,15.546921,241.70674,24.76671,disease,weather_lag3,3
57.68059,60.0,2.3194084,5.3796554,3.941871,disease,weather_lag3,3
58.43478,73.0,14.56522,212.14563,22.163418,disease,weather_lag3,3
63.32118,98.0,34.67882,1202.6206,42.99351,disease,weather_lag3,3
60.761597,81.0,20.238403,409.59296,28.552732,disease,weather_lag3,3
62.180412,87.0,24.819588,616.01196,33.27459,disease,weather_lag3,3
75.671875,88.0,12.328125,151.98267,15.064439,disease,weather_lag3,3
72.913,103.0,30.086998,905.2275,34.20668,disease,weather_lag3,3
74.32837,109.0,34.67163,1202.122,37.824623,disease,weather_lag3,3
75.683815,112.0,36.316185,1318.8652,38.699326,disease,weather_lag3,3
85.05207,73.0,12.052071,145.25241,15.25076,disease,weather_lag3,3
92.37241,57.0,35.372414,1251.2076,47.361378,disease,weather_lag3,3
95.57382,48.0,47.573822,2263.2686,66.27089,disease,weather_lag3,3
82.52798,59.0,23.527977,553.5657,33.248516,disease,weather_lag3,3
70.13598,44.0,26.135979,683.08936,45.797966,disease,weather_lag3,3
63.931587,78.0,14.068413,197.92024,19.824217,disease,weather_lag3,3
65.310486,65.0,0.31048584,0.09640145,0.47653237,disease,weather_lag3,3
60.540684,59.0,1.5406837,2.3737063,2.5776727,disease,weather_lag3,3
67.81774,61.0,6.8177414,46.481598,10.585096,disease,weather_lag3,3
65.61777,68.0,2.3822327,5.6750326,3.5657425,disease,weather_lag3,3
59.726425,84.0,24.273575,589.2064,33.77747,disease,weather_lag3,3
59.603863,46.0,13.603863,185.06508,25.763947,disease,weather_lag3,3
66.62637,67.0,0.3736267,0.13959692,0.559211,disease,weather_lag3,3
74.91167,41.0,33.911667,1150.0011,58.51295,disease,weather_lag3,3
63.267216,46.0,17.267216,298.15674,31.605486,disease,weather_lag3,3
63.70231,70.0,6.2976913,39.660915,9.420468,disease,weather_lag3,3
54.00965,74.0,19.990349,399.61404,31.232565,disease,weather_lag3,3
52.09989,90.0,37.90011,1436.4182,53.342915,disease,weather_lag3,3
57.379467,100.0,42.620533,1816.5099,54.162758,disease,weather_lag3,3
66.00581,114.0,47.994186,2303.442,53.325153,disease,weather_lag3,3
71.34405,142.0,70.65595,4992.2637,66.236626,disease,weather_lag3,3
76.91041,108.0,31.089592,966.56274,33.626656,disease,weather_lag3,3
87.174255,126.0,38.825745,1507.4385,36.426296,disease,weather_lag3,3
100.48858,103.0,2.5114212,6.3072367,2.4683657,disease,weather_lag3,3
100.413284,105.0,4.5867157,21.03796,4.4658413,disease,weather_lag3,3
215.63037,198.0,17.630371,310.83,8.524699,pest,weather,1
170.61795,232.0,61.38205,3767.756,30.491463,pest,weather,1
191.19183,210.0,18.808167,353.74713,9.376146,pest,weather,1
201.33167,131.0,70.331665,4946.543,42.326187,pest,weather,1
138.97586,103.0,35.97586,1294.2626,29.735083,pest,weather,1
131.84863,157.0,25.151367,632.59125,17.414911,pest,weather,1
179.77856,165.0,14.778564,218.40596,8.572786,pest,weather,1
169.96483,202.0,32.03517,1026.2522,17.224838,pest,weather,1
183.3557,218.0,34.644302,1200.2277,17.263641,pest,weather,1
200.50548,218.0,17.494522,306.0583,8.360475,pest,weather,1
183.41441,142.0,41.414413,1715.1537,25.453335,pest,weather,1
143.81642,161.0,17.183578,295.27536,11.274708,pest,weather,1
168.9073,170.0,1.0926971,1.193987,0.6448355,pest,weather,1
187.47166,172.0,15.471664,239.3724,8.608003,pest,weather,1
176.23782,222.0,45.762177,2094.1768,22.982334,pest,weather,1
209.34273,186.0,23.342728,544.88293,11.808857,pest,weather,1
183.5014,223.0,39.498596,1560.1392,19.433437,pest,weather,1
183.45181,163.0,20.451813,418.27664,11.80644,pest,weather,1
166.78427,109.0,57.78427,3339.022,41.905415,pest,weather,1
132.46104,199.0,66.538956,4427.4326,40.14888,pest,weather,1
192.28947,116.0,76.289474,5820.084,49.492104,pest,weather,1
153.42712,101.0,52.427124,2748.6033,41.2119,pest,weather,1
118.24695,119.0,0.75305176,0.56708694,0.6348252,pest,weather,1
144.30708,55.0,89.30708,7975.755,89.61757,pest,weather,1
85.08379,52.0,33.083794,1094.5374,48.267982,pest,weather,1
73.41616,61.0,12.416161,154.16104,18.474207,pest,weather,1
105.086105,93.0,12.086105,146.07394,12.202881,pest,weather,1
105.10043,98.0,7.1004333,50.416153,6.992041,pest,weather,1
104.554886,98.0,6.554886,42.96653,6.472207,pest,weather,1
107.76596,108.0,0.2340393,0.054774396,0.21693811,pest,weather,1
107.21609,46.999992,60.216095,3625.978,78.09315,pest,weather,1
67.07826,32.000008,35.078255,1230.484,70.80918,pest,weather,1
57.028694,48.0,9.028694,81.51732,17.192814,pest,weather,1
79.23537,114.0,34.764633,1208.5797,35.981647,pest,weather,1
108.31806,85.0,23.318062,543.732,24.12404,pest,weather,1
90.74981,105.0,14.250191,203.06793,14.559595,pest,weather,1
94.89195,97.0,2.1080475,4.4438643,2.1971192,pest,weather,1
87.45996,118.0,30.54004,932.694,29.728456,pest,weather,1
94.83562,67.0,27.835617,774.8216,34.399864,pest,weather,1
82.812004,46.999992,35.81201,1282.5002,55.175198,pest,weather,1
73.455925,90.0,16.544075,273.70642,20.242857,pest,weather,1
94.25642,129.0,34.743584,1207.1166,31.124378,pest,weather,1
115.22296,90.0,25.222961,636.19775,24.581034,pest,weather,1
93.40156,24.0,69.40156,4816.576,118.22936,pest,weather,1
48.894188,43.000008,5.8941803,34.74136,12.828189,pest,weather,1
51.18889,59.0,7.8111115,61.013462,14.177675,pest,weather,1
65.12401,54.0,11.124008,123.74356,18.67635,pest,weather,1
74.46413,42.0,32.464127,1053.9196,55.749573,pest,weather,1
70.697914,110.0,39.302086,1544.6539,43.50032,pest,weather,1
95.60065,102.0,6.399353,40.951717,6.4770565,pest,weather,1
84.65693,31.0,53.65693,2879.066,92.78637,pest,weather,1
46.550613,87.0,40.449387,1636.1528,60.575367,pest,weather,1
87.66385,20.0,67.66385,4578.3965,125.69464,pest,weather,1
49.98632,24.0,25.98632,675.2889,70.246284,pest,weather,1
34.958466,74.0,39.041534,1524.2415,71.663155,pest,weather,1
91.09264,88.99999,2.0926514,4.37919,2.3239722,pest,weather,1
87.708336,126.0,38.291664,1466.2516,35.83544,pest,weather,1
91.476814,84.0,7.4768143,55.902752,8.521712,pest,weather,1
84.29579,152.0,67.70421,4583.86,57.304626,pest,weather,1
114.769165,78.0,36.769165,1351.9716,38.148388,pest,weather,1
83.92231,52.0,31.92231,1019.0339,46.97141,pest,weather,1
64.33527,83.0,18.664726,348.372,25.3364,pest,weather,1
98.89992,103.0,4.1000824,16.810677,4.0615,pest,weather,1
103.93464,99.0,4.934639,24.350662,4.8632793,pest,weather,1
90.58603,128.0,37.41397,1399.8052,34.23272,pest,weather,1
119.29104,118.0,1.2910385,1.6667805,1.0881478,pest,weather,1
103.929344,52.0,51.929344,2696.6567,66.60625,pest,weather,1
55.947174,40.0,15.947174,254.31236,33.24157,pest,weather,1
63.78605,88.99999,25.213943,635.7429,33.005558,pest,weather,1
101.90989,81.0,20.90989,437.22348,22.863596,pest,weather,1
93.19834,75.0,18.198341,331.17963,21.639147,pest,weather,1
84.110214,100.0,15.889786,252.48529,17.261168,pest,weather,1
101.302986,64.0,37.302986,1391.5128,45.132866,pest,weather,1
64.16779,63.0,1.1677933,1.3637412,1.8366181,pest,weather,1
62.332214,57.0,5.3322144,28.43251,8.936756,pest,weather,1
80.90249,69.0,11.902489,141.66924,15.880307,pest,weather,1
80.66264,82.0,1.3373566,1.7885226,1.6443316,pest,weather,1
84.40881,34.000008,50.408806,2541.0476,85.14367,pest,weather,1
58.31556,34.000008,24.315552,591.24603,52.6792,pest,weather,1
47.327034,51.0,3.672966,13.490679,7.4709177,pest,weather,1
59.024597,8.000008,51.02459,2603.5088,152.2563,pest,weather,1
32.75164,6.0,26.75164,715.65027,138.06714,pest,weather,1
32.22316,10.000008,22.223152,493.8685,105.26521,pest,weather,1
37.92797,8.000008,29.927963,895.683,130.32562,pest,weather,1
22.140045,6.0,16.140045,260.50107,114.71229,pest,weather,1
23.611847,136.0,112.38815,12631.097,140.82683,pest,weather,1
106.405045,136.0,29.594955,875.8614,24.417772,pest,weather,1
109.91172,169.0,59.08828,3491.4248,42.370598,pest,weather,1
117.04653,71.0,46.04653,2120.283,48.97355,pest,weather,1
77.801605,132.0,54.198395,2937.466,51.666332,pest,weather,1
99.77452,116.0,16.22548,263.26617,15.03929,pest,weather,1
110.98967,2.9999998,107.98967,11661.769,189.47273,pest,weather,1
46.68106,16.0,30.68106,941.3275,97.8958,pest,weather,1
49.916092,106.0,56.083908,3145.4048,71.94115,pest,weather,1
99.20238,124.0,24.797623,614.9221,22.219856,pest,weather,1
95.3563,127.0,31.6437,1001.3237,28.462156,pest,weather,1
109.861885,225.0,115.138115,13256.785,68.767525,pest,weather,1
176.99194,197.0,20.008057,400.32233,10.699726,pest,weather,1
146.88501,191.0,44.11499,1946.1323,26.112429,pest,weather,1
150.64546,168.0,17.354538,301.18,10.892694,pest,weather,1
173.76547,214.0,40.234528,1618.8173,20.751991,pest,weather,1
192.24445,152.0,40.244446,1619.6155,23.381319,pest,weather,1
150.07831,136.0,14.078308,198.19876,9.842276,pest,weather,1
144.25107,225.99998,81.74892,6682.8853,44.15864,pest,weather,1
200.04857,241.0,40.95143,1677.0198,18.570032,pest,weather,1
199.82835,162.0,37.828354,1430.9844,20.909557,pest,weather,1
151.21182,216.0,64.78818,4197.508,35.28654,pest,weather,1
197.76146,190.0,7.7614594,60.24025,4.0032134,pest,weather,1
184.51566,158.0,26.515656,703.08,15.482886,pest,weather,1
151.30238,165.0,13.697617,187.6247,8.66109,pest,weather,1
188.04326,195.0,6.9567413,48.39625,3.6323528,pest,weather,1
199.95053,232.0,32.04947,1027.1685,14.8394165,pest,weather,1
201.03307,201.0,0.033065796,0.0010933469,0.016449291,pest,weather,1
193.47572,285.0,91.52428,8376.693,38.256603,pest,weather,1
244.36714,237.0,7.3671417,54.274776,3.0609243,pest,weather,1
217.81369,190.0,27.81369,773.6014,13.64039,pest,weather,1
179.46645,183.0,3.533554,12.486005,1.9497278,pest,weather,1
197.72331,233.0,35.276688,1244.4447,16.380207,pest,weather,1
227.01508,186.0,41.015076,1682.2365,19.861298,pest,weather,1
190.75993,205.0,14.240067,202.7795,7.1963153,pest,weather,1
205.48569,209.0,3.5143127,12.350394,1.6957462,pest,weather,1
207.58049,282.0,74.41951,5538.2637,30.401337,pest,weather,1
231.47499,189.0,42.47499,1804.1249,20.203339,pest,weather,1
194.54967,185.0,9.549667,91.196144,5.032104,pest,weather,1
190.50406,299.0,108.49594,11771.369,44.328926,pest,weather,1
266.67172,304.0,37.328278,1393.4003,13.082224,pest,weather,1
267.9744,288.0,20.025604,401.0248,7.203787,pest,weather,1
261.58063,266.0,4.4193726,19.530853,1.6753355,pest,weather,1
260.00668,222.0,38.006683,1444.5079,15.770189,pest,weather,1
209.27528,134.0,75.27528,5666.368,43.857098,pest,weather,1
155.70132,201.0,45.298676,2051.97,25.398659,pest,weather,1
222.02663,232.0,9.973373,99.46818,4.393299,pest,weather,1
244.85294,298.0,53.147064,2824.6104,19.58065,pest,weather,1
258.9614,248.0,10.961395,120.15218,4.3243513,pest,weather,1
235.66908,59.0,176.66908,31211.965,119.91017,pest,weather,1
108.674065,35.0,73.674065,5427.8677,102.55722,pest,weather,1
77.584274,32.000008,45.584267,2077.9253,83.1949,pest,weather,1
105.07577,25.0,80.07577,6412.1284,123.12173,pest,weather,1
102.33964,29.0,73.33964,5378.7026,111.679375,pest,weather,1
101.864914,75.0,26.864914,721.7236,30.37902,pest,weather,1
101.92708,49.0,52.92708,2801.2756,70.13596,pest,weather,1
52.22776,92.0,39.77224,1581.831,55.151993,pest,weather,1
81.63845,139.0,57.36155,3290.3474,51.995968,pest,weather,1
136.32759,119.0,17.32759,300.24542,13.572831,pest,weather,1
121.610695,82.0,39.610695,1569.0072,38.908268,pest,weather,1
95.25445,217.0,121.74555,14821.9795,77.978424,pest,weather,1
183.24611,205.0,21.753891,473.23178,11.206238,pest,weather,1
178.98862,155.0,23.988617,575.45374,14.364931,pest,weather,1
129.68561,244.0,114.31439,13067.78,61.182125,pest,weather,1
200.99129,140.0,60.991287,3719.937,35.77293,pest,weather,1
136.64885,211.0,74.35115,5528.0938,42.773705,pest,weather,1
156.9572,117.0,39.9572,1596.5778,29.170395,pest,weather,1
153.3701,270.0,116.6299,13602.533,55.09595,pest,weather,1
216.37383,282.0,65.626175,4306.795,26.336124,pest,weather,1
239.21588,251.99998,12.784103,163.4333,5.2050853,pest,weather,1
214.39328,166.0,48.39328,2341.9097,25.443813,pest,weather,1
168.20563,150.0,18.205627,331.4449,11.44268,pest,weather,1
154.58025,152.0,2.580246,6.657669,1.6832434,pest,weather,1
158.09909,160.0,1.9009094,3.6134567,1.1951681,pest,weather,1
186.97939,168.0,18.979385,360.21707,10.693233,pest,weather,1
192.74986,139.0,53.749863,2889.0479,32.403847,pest,weather,1
148.41728,165.0,16.582718,274.98654,10.581878,pest,weather,1
151.0054,87.0,64.0054,4096.6914,53.78483,pest,weather,1
112.84027,123.0,10.159729,103.22009,8.615771,pest,weather,1
136.671,46.0,90.671005,8221.231,99.27247,pest,weather,1
100.84923,42.0,58.849228,3463.2317,82.393486,pest,weather,1
82.3834,58.0,24.3834,594.5502,34.738297,pest,weather,1
96.55034,46.999992,49.550346,2455.2368,69.03551,pest,weather,1
81.068344,143.0,61.931656,3835.53,55.279255,pest,weather,1
124.51782,159.0,34.482178,1189.0206,24.324522,pest,weather,1
147.37025,133.0,14.3702545,206.50421,10.250913,pest,weather,1
115.42203,167.0,51.577972,2660.2874,36.52546,pest,weather,1
141.217,128.0,13.216995,174.68896,9.818842,pest,weather,1
130.32797,256.0,125.67203,15793.459,65.05976,pest,weather,1
198.89775,200.0,1.1022491,1.2149532,0.5526474,pest,weather,1
198.0795,288.0,89.9205,8085.697,36.99827,pest,weather,1
223.92152,211.0,12.921524,166.96579,5.942003,pest,weather,1
192.89343,190.0,2.8934326,8.371952,1.5113513,pest,weather,1
159.10861,101.0,58.108612,3376.6108,44.680267,pest,weather,1
125.04264,128.0,2.9573593,8.745975,2.3374395,pest,weather,1
145.58481,206.0,60.41519,3649.9954,34.36735,pest,weather,1
197.30728,198.0,0.6927185,0.47985893,0.3504709,pest,weather,1
195.04509,203.0,7.9549103,63.280598,3.9969895,pest,weather,1
184.44592,154.0,30.445923,926.9542,17.991602,pest,weather,1
151.6273,215.0,63.372696,4016.0986,34.570633,pest,weather,1
179.94522,143.0,36.94522,1364.9493,22.880178,pest,weather,1
161.71417,101.0,60.714172,3686.2107,46.220703,pest,weather,1
142.60327,148.0,5.3967285,29.12468,3.7141554,pest,weather,1
167.35466,240.0,72.64534,5277.345,35.666874,pest,weather,1
214.6336,242.0,27.366394,748.9195,11.98615,pest,weather,1
210.12982,214.0,3.8701782,14.978279,1.824997,pest,weather,1
199.35019,130.0,69.35019,4809.4487,42.113342,pest,weather,1
138.49373,122.0,16.493729,272.0431,12.663438,pest,weather,1
121.567215,163.0,41.432785,1716.6757,29.119862,pest,weather,1
175.15561,106.0,69.15561,4782.498,49.193832,pest,weather,1
153.67778,144.0,9.67778,93.65943,6.502185,pest,weather,1
156.34467,106.0,50.344666,2534.5854,38.38055,pest,weather,1
124.385414,96.0,28.385414,805.73175,25.759796,pest,weather,1
96.62315,51.0,45.623154,2081.4722,61.810295,pest,weather,1
84.01816,121.0,36.981842,1367.6566,36.07665,pest,weather,1
130.22958,127.0,3.2295837,10.430211,2.5110514,pest,weather,1
136.21428,141.0,4.785721,22.903124,3.452723,pest,weather,1
138.36925,117.0,21.369247,456.64474,16.73596,pest,weather,1
127.03888,120.0,7.0388794,49.545822,5.6986003,pest,weather,1
116.220436,108.0,8.220436,67.57557,7.33246,pest,weather,1
108.39674,76.0,32.396744,1049.549,35.138084,pest,weather,1
99.29471,98.0,1.2947083,1.6762694,1.3124613,pest,weather,1
114.61409,75.0,39.61409,1569.2761,41.783913,pest,weather,1
94.19248,44.0,50.192482,2519.2852,72.64141,pest,weather,1
64.42281,135.0,70.57719,4981.139,70.78145,pest,weather,1
120.90072,123.0,2.0992813,4.406982,1.7214228,pest,weather,1
121.32732,186.0,64.67268,4182.556,42.087166,pest,weather,1
142.9843,213.0,70.0157,4902.198,39.3364,pest,weather,1
183.4867,144.0,39.486694,1559.199,24.114992,pest,weather,1
131.80217,149.0,17.19783,295.76535,12.249071,pest,weather,1
130.85658,108.0,22.856583,522.42334,19.138332,pest,weather,1
129.77525,146.0,16.224747,263.2424,11.766644,pest,weather,1
141.4826,125.0,16.482605,271.67627,12.370493,pest,weather,1
140.04651,159.0,18.953491,359.23483,12.675948,pest,weather,1
149.31981,166.0,16.680191,278.22876,10.579856,pest,weather,1
148.26653,191.0,42.733475,1826.1499,25.191683,pest,weather,1
159.02286,134.0,25.022858,626.14343,17.079117,pest,weather,1
133.54906,190.0,56.450943,3186.709,34.89483,pest,weather,1
171.74582,127.0,44.74582,2002.1884,29.95578,pest,weather,1
144.86113,168.0,23.13887,535.4073,14.791782,pest,weather,1
157.75227,124.0,33.752274,1139.216,23.95883,pest,weather,1
149.64352,185.0,35.356476,1250.0803,21.130829,pest,weather,1
166.14104,95.0,71.14104,5061.0474,54.48476,pest,weather,1
118.69951,178.0,59.30049,3516.5483,39.97343,pest,weather,1
155.81706,143.0,12.817062,164.27708,8.578534,pest,weather,1
154.55794,142.0,12.557938,157.7018,8.4691305,pest,weather,1
134.84546,116.0,18.845459,355.15134,15.025553,pest,weather,1
133.17506,173.0,39.824936,1586.0255,26.014488,pest,weather,1
163.81471,147.0,16.814713,282.73456,10.819767,pest,weather,1
147.47942,106.0,41.479416,1720.542,32.728035,pest,weather,1
120.03091,130.0,9.969093,99.38282,7.9742885,pest,weather,1
140.07169,154.0,13.928314,193.99794,9.4727335,pest,weather,1
146.12473,84.0,62.124725,3859.4814,53.992226,pest,weather,1
165.56133,210.0,44.438675,1974.7958,23.665201,pest,weather,3
154.72136,131.0,23.72136,562.7029,16.60454,pest,weather,3
174.86223,103.0,71.86223,5164.1797,51.72508,pest,weather,3
195.00116,157.0,38.00116,1444.0881,21.591496,pest,weather,3
190.82106,165.0,25.82106,666.7272,14.513509,pest,weather,3
167.85529,202.0,34.144714,1165.8616,18.463823,pest,weather,3
166.22723,218.0,51.772766,2680.4192,26.949036,pest,weather,3
162.7613,218.0,55.238693,3051.3132,29.014868,pest,weather,3
156.4618,142.0,14.461807,209.14388,9.690893,pest,weather,3
161.50932,161.0,0.5093231,0.25941005,0.31585017,pest,weather,3
179.60587,170.0,9.6058655,92.27265,5.4952545,pest,weather,3
178.58385,172.0,6.583847,43.347042,3.7559326,pest,weather,3
186.83365,222.0,35.16635,1236.6722,17.203257,pest,weather,3
186.34174,186.0,0.34173584,0.11678338,0.18356031,pest,weather,3
176.62737,223.0,46.372635,2150.4214,23.207937,pest,weather,3
162.18689,163.0,0.81311035,0.6611484,0.50008804,pest,weather,3
156.63428,109.0,47.634277,2269.0244,35.864555,pest,weather,3
175.89333,199.0,23.106674,533.9184,12.327066,pest,weather,3
184.51361,116.0,68.51361,4694.1147,45.597675,pest,weather,3
171.4534,101.0,70.4534,4963.6816,51.717766,pest,weather,3
186.42006,119.0,67.42006,4545.4644,44.149075,pest,weather,3
170.96048,55.0,115.96048,13446.833,102.63784,pest,weather,3
129.84428,52.0,77.844284,6059.7324,85.616425,pest,weather,3
123.47638,61.0,62.47638,3903.298,67.73375,pest,weather,3
131.32127,93.0,38.321274,1468.52,34.16642,pest,weather,3
108.94796,98.0,10.94796,119.85783,10.580399,pest,weather,3
111.273476,98.0,13.273476,176.18515,12.685293,pest,weather,3
118.06442,108.0,10.064423,101.2926,8.90403,pest,weather,3
97.31909,46.999992,50.3191,2532.0117,69.733116,pest,weather,3
97.36008,32.000008,65.36007,4271.9385,101.05138,pest,weather,3
95.91821,48.0,47.918213,2296.155,66.5909,pest,weather,3
93.44701,114.0,20.552994,422.42557,19.815176,pest,weather,3
90.62187,85.0,5.621872,31.605444,6.402246,pest,weather,3
78.756775,105.0,26.243225,688.70685,28.563002,pest,weather,3
97.28315,97.0,0.28314972,0.08017376,0.29148152,pest,weather,3
79.7492,118.0,38.2508,1463.1238,38.686172,pest,weather,3
68.637535,67.0,1.6375351,2.6815212,2.414575,pest,weather,3
88.405266,46.999992,41.405273,1714.3967,61.157555,pest,weather,3
110.56001,90.0,20.560013,422.71414,20.502605,pest,weather,3
105.307434,129.0,23.692566,561.3377,20.223486,pest,weather,3
88.92337,90.0,1.0766296,1.1591314,1.2034533,pest,weather,3
93.41647,24.0,69.41647,4818.647,118.239746,pest,weather,3
102.51487,43.000008,59.514862,3542.0188,81.799,pest,weather,3
83.6259,59.0,24.6259,606.43494,34.532158,pest,weather,3
64.87814,54.0,10.878143,118.334,18.301334,pest,weather,3
81.008644,42.0,39.008644,1521.6743,63.42423,pest,weather,3
100.03799,110.0,9.962013,99.24171,9.485915,pest,weather,3
84.42762,102.0,17.57238,308.78854,18.851692,pest,weather,3
66.10484,31.0,35.104843,1232.35,72.30297,pest,weather,3
75.312645,87.0,11.687355,136.59427,14.401039,pest,weather,3
85.62561,20.0,65.62561,4306.7207,124.260796,pest,weather,3
64.26835,24.0,40.26835,1621.5399,91.240746,pest,weather,3
83.013,74.0,9.0130005,81.23418,11.480578,pest,weather,3
89.68577,88.99999,0.68577576,0.4702884,0.7675774,pest,weather,3
66.803154,126.0,59.196846,3504.2666,61.40651,pest,weather,3
61.80136,84.0,22.198639,492.77957,30.450523,pest,weather,3
74.524284,152.0,77.475716,6002.4863,68.40389,pest,weather,3
79.50517,78.0,1.5051727,2.265545,1.9112676,pest,weather,3
77.025444,52.0,25.025444,626.2728,38.791485,pest,weather,3
104.48849,83.0,21.488487,461.7551,22.922459,pest,weather,3
106.875175,103.0,3.8751755,15.016985,3.6928382,pest,weather,3
97.827225,99.0,1.1727753,1.3754019,1.19168,pest,weather,3
90.69312,128.0,37.306877,1391.8031,34.11802,pest,weather,3
99.7441,118.0,18.255898,333.2778,16.768213,pest,weather,3
92.3917,52.0,40.3917,1631.4895,55.947407,pest,weather,3
84.97669,40.0,44.976692,2022.9028,71.97613,pest,weather,3
107.73906,88.99999,18.739067,351.15265,19.049667,pest,weather,3
98.70356,81.0,17.70356,313.41605,19.703072,pest,weather,3
93.249,75.0,18.249,333.02603,21.69285,pest,weather,3
110.765785,100.0,10.765785,115.90213,10.215877,pest,weather,3
100.191666,64.0,36.191666,1309.8367,44.084656,pest,weather,3
80.028366,63.0,17.028366,289.96524,23.811172,pest,weather,3
72.68521,57.0,15.685211,246.02585,24.189669,pest,weather,3
85.19939,69.0,16.199387,262.42014,21.010962,pest,weather,3
89.824036,82.0,7.8240356,61.215534,9.107033,pest,weather,3
92.10127,34.000008,58.101265,3375.757,92.150154,pest,weather,3
91.72946,34.000008,57.729454,3332.69,91.83122,pest,weather,3
84.46476,51.0,33.46476,1119.8901,49.407333,pest,weather,3
63.008034,8.000008,55.008026,3025.883,154.93463,pest,weather,3
54.725586,6.0,48.725586,2374.1826,160.47795,pest,weather,3
72.87591,10.000008,62.8759,3953.379,151.73503,pest,weather,3
69.23653,8.000008,61.23652,3749.9111,158.56879,pest,weather,3
47.000473,6.0,41.000473,1681.0388,154.71739,pest,weather,3
46.916336,136.0,89.083664,7935.8994,97.40373,pest,weather,3
45.063614,136.0,90.936386,8269.427,100.44689,pest,weather,3
31.645676,169.0,137.35432,18866.21,136.91232,pest,weather,3
68.264,71.0,2.736,7.4856963,3.929228,pest,weather,3
85.54758,132.0,46.452423,2157.8276,42.70553,pest,weather,3
88.573326,116.0,27.426674,752.2224,26.813538,pest,weather,3
77.41288,2.9999998,74.41288,5537.277,185.07701,pest,weather,3
102.77977,16.0,86.77977,7530.7285,146.11877,pest,weather,3
124.91042,106.0,18.910423,357.6041,16.379013,pest,weather,3
86.50753,124.0,37.49247,1405.6853,35.621025,pest,weather,3
53.573982,127.0,73.42602,5391.38,81.325134,pest,weather,3
86.28911,225.0,138.71089,19240.71,89.12029,pest,weather,3
99.44003,197.0,97.55997,9517.947,65.821045,pest,weather,3
84.36076,191.0,106.63924,11371.927,77.45419,pest,weather,3
128.03516,168.0,39.964844,1597.1887,27.000067,pest,weather,3
161.39435,214.0,52.60565,2767.3545,28.026876,pest,weather,3
152.94179,152.0,0.9417877,0.8869641,0.61768365,pest,weather,3
159.50363,136.0,23.503632,552.4207,15.907508,pest,weather,3
173.9716,225.99998,52.02838,2706.9524,26.016039,pest,weather,3
164.71071,241.0,76.28929,5820.056,37.60773,pest,weather,3
132.98492,162.0,29.015076,841.87463,19.672243,pest,weather,3
155.69794,216.0,60.302063,3636.3389,32.44681,pest,weather,3
192.68167,190.0,2.6816711,7.19136,1.4015152,pest,weather,3
171.73407,158.0,13.73407,188.62468,8.330391,pest,weather,3
174.3518,165.0,9.351807,87.45629,5.5115705,pest,weather,3
202.48793,195.0,7.4879303,56.0691,3.7676268,pest,weather,3
193.05322,232.0,38.946777,1516.8514,18.3256,pest,weather,3
171.02274,201.0,29.977264,898.63635,16.115824,pest,weather,3
183.90256,285.0,101.09744,10220.693,43.120876,pest,weather,3
186.22768,237.0,50.772324,2577.8289,23.992914,pest,weather,3
178.12167,190.0,11.878326,141.09464,6.4534783,pest,weather,3
196.5362,183.0,13.536194,183.22855,7.133019,pest,weather,3
215.43428,233.0,17.56572,308.5545,7.834245,pest,weather,3
208.55855,186.0,22.558548,508.8881,11.43483,pest,weather,3
194.9287,205.0,10.071304,101.43117,5.0365496,pest,weather,3
213.88843,209.0,4.8884277,23.896727,2.3119233,pest,weather,3
204.19682,282.0,77.80318,6053.3345,32.004807,pest,weather,3
177.81258,189.0,11.187424,125.15845,6.099804,pest,weather,3
187.38599,185.0,2.3859863,5.6929307,1.2814587,pest,weather,3
217.9638,299.0,81.036194,6566.8647,31.350819,pest,weather,3
207.80913,304.0,96.19087,9252.684,37.588573,pest,weather,3
195.69266,288.0,92.30734,8520.6455,38.167767,pest,weather,3
231.64433,266.0,34.355667,1180.3119,13.807318,pest,weather,3
255.82616,222.0,33.826157,1144.2089,14.158352,pest,weather,3
220.8796,134.0,86.87959,7548.0635,48.96286,pest,weather,3
217.02072,201.0,16.020721,256.6635,7.6650367,pest,weather,3
233.19566,232.0,1.1956635,1.4296111,0.51404756,pest,weather,3
213.88757,298.0,84.11243,7074.9004,32.863632,pest,weather,3
216.55421,248.0,31.445786,988.8374,13.538048,pest,weather,3
230.46274,59.0,171.46274,29399.47,118.46964,pest,weather,3
222.49666,35.0,187.49666,35154.996,145.63037,pest,weather,3
203.03905,32.000008,171.03903,29254.35,145.54094,pest,weather,3
154.15569,25.0,129.15569,16681.191,144.18262,pest,weather,3
162.31007,29.0,133.31007,17771.576,139.36545,pest,weather,3
186.26097,75.0,111.26097,12379.004,85.17229,pest,weather,3
146.52863,49.0,97.528625,9511.833,99.75893,pest,weather,3
83.355286,92.0,8.644714,74.73109,9.859656,pest,weather,3
67.50935,139.0,71.49065,5110.9126,69.2372,pest,weather,3
62.331505,119.0,56.668495,3211.3184,62.502647,pest,weather,3
84.00083,82.0,2.0008316,4.003327,2.4106286,pest,weather,3
133.56006,217.0,83.43994,6962.2236,47.60379,pest,weather,3
130.26024,205.0,74.73976,5586.0317,44.586117,pest,weather,3
99.4321,155.0,55.5679,3087.7917,43.679947,pest,weather,3
114.80851,244.0,129.1915,16690.443,72.01139,pest,weather,3
131.88437,140.0,8.115631,65.86347,5.9699135,pest,weather,3
122.572426,211.0,88.427574,7819.436,53.018517,pest,weather,3
145.90265,117.0,28.902649,835.3631,21.987339,pest,weather,3
158.8096,270.0,111.1904,12363.305,51.860035,pest,weather,3
166.22992,282.0,115.77008,13402.712,51.656563,pest,weather,3
158.02304,251.99998,93.976944,8831.666,45.83984,pest,weather,3
187.6577,166.0,21.6577,469.05594,12.24783,pest,weather,3
205.01501,150.0,55.015015,3026.6519,30.993063,pest,weather,3
196.02612,152.0,44.026123,1938.2996,25.30047,pest,weather,3
168.74004,160.0,8.740036,76.38823,5.317293,pest,weather,3
188.87006,168.0,20.870056,435.55923,11.696166,pest,weather,3
215.64777,139.0,76.647766,5874.88,43.224728,pest,weather,3
186.83238,165.0,21.832382,476.65292,12.410672,pest,weather,3
167.8944,87.0,80.894394,6543.903,63.472874,pest,weather,3
147.69728,123.0,24.69728,609.9557,18.247158,pest,weather,3
142.70541,46.0,96.705414,9351.9375,102.49352,pest,weather,3
152.00027,42.0,110.000275,12100.061,113.40219,pest,weather,3
153.01262,58.0,95.01262,9027.397,90.05397,pest,weather,3
150.52718,46.999992,103.52718,10717.878,104.82324,pest,weather,3
110.385765,143.0,32.614235,1063.6884,25.742752,pest,weather,3
92.48447,159.0,66.51553,4424.3164,52.898323,pest,weather,3
84.20732,133.0,48.79268,2380.7256,44.927288,pest,weather,3
101.301765,167.0,65.698235,4316.258,48.97339,pest,weather,3
116.08531,128.0,11.914688,141.9598,9.762725,pest,weather,3
113.434906,256.0,142.5651,20324.807,77.180084,pest,weather,3
121.64913,200.0,78.35087,6138.8584,48.71822,pest,weather,3
137.84991,288.0,150.15009,22545.049,70.517845,pest,weather,3
169.04988,211.0,41.95012,1759.8125,22.076113,pest,weather,3
160.0904,190.0,29.909607,894.5846,17.08679,pest,weather,3
174.8187,101.0,73.818695,5449.1997,53.526966,pest,weather,3
162.06773,128.0,34.067734,1160.6105,23.4895,pest,weather,3
176.35957,206.0,29.640427,878.5549,15.503955,pest,weather,3
166.7819,198.0,31.218094,974.5694,17.116032,pest,weather,3
175.63516,203.0,27.364838,748.83435,14.454462,pest,weather,3
196.31992,154.0,42.319916,1790.9752,24.160725,pest,weather,3
171.39482,215.0,43.60518,1901.4116,22.57027,pest,weather,3
153.7958,143.0,10.795807,116.549446,7.2749057,pest,weather,3
155.91025,101.0,54.910248,3015.1353,42.74664,pest,weather,3
193.13054,148.0,45.13054,2036.7655,26.459393,pest,weather,3
201.42192,240.0,38.57808,1488.2682,17.479004,pest,weather,3
161.88814,242.0,80.11186,6417.9106,39.670326,pest,weather,3
161.05627,214.0,52.943726,2803.038,28.232416,pest,weather,3
172.75262,130.0,42.752625,1827.7869,28.24261,pest,weather,3
173.41965,122.0,51.419647,2643.9802,34.811256,pest,weather,3
158.02068,163.0,4.9793243,24.79367,3.1021829,pest,weather,3
165.8488,106.0,59.8488,3581.879,44.030945,pest,weather,3
176.8023,144.0,32.802307,1075.9913,20.450169,pest,weather,3
189.0395,106.0,83.039505,6895.5596,56.290436,pest,weather,3
163.93924,96.0,67.93924,4615.74,52.27317,pest,weather,3
132.74976,51.0,81.749756,6683.0225,88.97945,pest,weather,3
124.08975,121.0,3.0897522,9.546569,2.521323,pest,weather,3
114.01697,127.0,12.983032,168.55913,10.773541,pest,weather,3
114.5369,141.0,26.463097,700.2955,20.711761,pest,weather,3
144.6778,117.0,27.677795,766.06036,21.154102,pest,weather,3
145.16513,120.0,25.16513,633.2838,18.980724,pest,weather,3
119.87936,108.0,11.879356,141.11911,10.426004,pest,weather,3
105.0661,76.0,29.066101,844.83826,32.105515,pest,weather,3
111.64714,98.0,13.6471405,186.24445,13.019152,pest,weather,3
127.950806,75.0,52.950806,2803.7878,52.180927,pest,weather,3
119.90523,44.0,75.90523,5761.6035,92.62087,pest,weather,3
109.808044,135.0,25.191956,634.63464,20.580986,pest,weather,3
104.24209,123.0,18.757912,351.85925,16.509188,pest,weather,3
79.73954,186.0,106.26046,11291.285,79.9734,pest,weather,3
98.78953,213.0,114.21047,13044.032,73.26127,pest,weather,3
115.67435,144.0,28.325653,802.34265,21.81629,pest,weather,3
130.31094,149.0,18.689056,349.28082,13.382259,pest,weather,3
140.45029,108.0,32.450287,1053.0211,26.122156,pest,weather,3
140.05466,146.0,5.945343,35.347103,4.156788,pest,weather,3
135.48553,125.0,10.485535,109.946434,8.050761,pest,weather,3
144.91975,159.0,14.080246,198.25333,9.265766,pest,weather,3
148.9296,166.0,17.070404,291.39868,10.8407755,pest,weather,3
130.69447,191.0,60.305527,3636.7566,37.492424,pest,weather,3
131.28609,134.0,2.713913,7.3653235,2.0460274,pest,weather,3
130.47664,190.0,59.52336,3543.0305,37.146774,pest,weather,3
151.26503,127.0,24.26503,588.7917,17.440231,pest,weather,3
157.62068,168.0,10.379318,107.73025,6.375098,pest,weather,3
165.42717,124.0,41.42717,1716.2104,28.627005,pest,weather,3
168.07906,185.0,16.920944,286.31836,9.584791,pest,weather,3
156.11232,95.0,61.11232,3734.7156,48.673294,pest,weather,3
138.73247,178.0,39.267532,1541.9391,24.795393,pest,weather,3
153.4604,143.0,10.460403,109.420044,7.0568643,pest,weather,3
133.17441,142.0,8.825592,77.891075,6.4145446,pest,weather,3
148.72784,116.0,32.727844,1071.1118,24.725653,pest,weather,3
153.58076,173.0,19.419235,377.1067,11.892456,pest,weather,3
150.87459,147.0,3.874588,15.012432,2.6014895,pest,weather,3
136.58408,106.0,30.584076,935.3857,25.215239,pest,weather,3
153.1571,130.0,23.157104,536.25146,16.356365,pest,weather,3
149.7039,154.0,4.296097,18.456448,2.829135,pest,weather,3
132.40378,84.0,48.403778,2342.9258,44.734688,pest,weather,3
209.8677,198.0,11.867706,140.84245,5.81939,pest,weather_lag3,1
173.26556,232.0,58.734436,3449.734,28.985653,pest,weather_lag3,1
192.87204,210.0,17.12796,293.36703,8.502928,pest,weather_lag3,1
197.25684,131.0,66.256836,4389.9683,40.3689,pest,weather_lag3,1
140.12909,103.0,37.12909,1378.5693,30.542696,pest,weather_lag3,1
135.96104,157.0,21.038956,442.63766,14.362971,pest,weather_lag3,1
175.79997,165.0,10.799973,116.639404,6.338012,pest,weather_lag3,1
168.30716,202.0,33.69284,1135.2075,18.19724,pest,weather_lag3,1
187.5267,218.0,30.473297,928.6218,15.028996,pest,weather_lag3,1
199.55742,218.0,18.442581,340.1288,8.833554,pest,weather_lag3,1
180.84598,142.0,38.845978,1509.01,24.064713,pest,weather_lag3,1
148.6669,161.0,12.333099,152.10535,7.965397,pest,weather_lag3,1
166.16766,170.0,3.8323364,14.686803,2.280015,pest,weather_lag3,1
186.17017,172.0,14.170166,200.79361,7.912533,pest,weather_lag3,1
177.88782,222.0,44.112183,1945.8846,22.062279,pest,weather_lag3,1
210.03609,186.0,24.036087,577.73346,12.138332,pest,weather_lag3,1
180.773,223.0,42.227005,1783.12,20.91621,pest,weather_lag3,1
184.83122,163.0,21.831223,476.60226,12.552767,pest,weather_lag3,1
167.74132,109.0,58.741318,3450.5425,42.45215,pest,weather_lag3,1
130.12488,199.0,68.87512,4743.782,41.85349,pest,weather_lag3,1
194.14583,116.0,78.14583,6106.7705,50.39296,pest,weather_lag3,1
153.6484,101.0,52.648407,2771.8547,41.34988,pest,weather_lag3,1
116.00993,119.0,2.9900665,8.940497,2.54463,pest,weather_lag3,1
148.53749,55.0,93.53749,8749.262,91.911804,pest,weather_lag3,1
80.66021,52.0,28.66021,821.4076,43.208447,pest,weather_lag3,1
75.08572,61.0,14.085716,198.40741,20.70124,pest,weather_lag3,1
108.70193,93.0,15.701927,246.55052,15.569437,pest,weather_lag3,1
98.59998,98.0,0.5999832,0.35997987,0.6103594,pest,weather_lag3,1
111.008965,98.0,13.008965,169.23315,12.4482355,pest,weather_lag3,1
107.99209,108.0,0.007911682,6.2594714e-05,0.0073259,pest,weather_lag3,1
102.026,46.999992,55.02601,3027.8616,73.84753,pest,weather_lag3,1
72.37527,32.000008,40.37526,1630.1616,77.36556,pest,weather_lag3,1
55.29634,48.0,7.296341,53.23659,14.1270075,pest,weather_lag3,1
78.00804,114.0,35.99196,1295.4211,37.49005,pest,weather_lag3,1
109.36768,85.0,24.367683,593.784,25.073803,pest,weather_lag3,1
90.6031,105.0,14.396896,207.27063,14.720519,pest,weather_lag3,1
96.08073,97.0,0.9192734,0.84506357,0.9522166,pest,weather_lag3,1
86.88224,118.0,31.11776,968.31494,30.37624,pest,weather_lag3,1
95.288795,67.0,28.288795,800.2559,34.862293,pest,weather_lag3,1
83.0703,46.999992,36.070305,1301.0669,55.46279,pest,weather_lag3,1
72.81736,90.0,17.18264,295.24313,21.106646,pest,weather_lag3,1
95.97676,129.0,33.02324,1090.5343,29.357021,pest,weather_lag3,1
114.88786,90.0,24.887863,619.40576,24.29413,pest,weather_lag3,1
92.52252,24.0,68.52252,4695.336,117.612495,pest,weather_lag3,1
49.336617,43.000008,6.336609,40.15261,13.725017,pest,weather_lag3,1
53.46244,59.0,5.5375595,30.664566,9.847838,pest,weather_lag3,1
63.584335,54.0,9.584335,91.85948,16.302061,pest,weather_lag3,1
74.82683,42.0,32.826828,1077.6006,56.19742,pest,weather_lag3,1
70.722015,110.0,39.277985,1542.7601,43.467846,pest,weather_lag3,1
97.815445,102.0,4.184555,17.510502,4.18842,pest,weather_lag3,1
84.595245,31.0,53.595245,2872.4504,92.72915,pest,weather_lag3,1
45.71894,87.0,41.28106,1704.1259,62.20825,pest,weather_lag3,1
88.01206,20.0,68.01206,4625.6406,125.9342,pest,weather_lag3,1
49.864082,24.0,25.864082,668.95074,70.031555,pest,weather_lag3,1
36.481377,74.0,37.518623,1407.6471,67.91846,pest,weather_lag3,1
91.89795,88.99999,2.8979568,8.398154,3.2039688,pest,weather_lag3,1
83.93211,126.0,42.067886,1769.707,40.07761,pest,weather_lag3,1
94.701965,84.0,10.701965,114.53206,11.977446,pest,weather_lag3,1
87.19337,152.0,64.80663,4199.9,54.18765,pest,weather_lag3,1
109.745125,78.0,31.745125,1007.7529,33.817257,pest,weather_lag3,1
87.21275,52.0,35.212753,1239.938,50.588398,pest,weather_lag3,1
65.3959,83.0,17.604103,309.90445,23.72586,pest,weather_lag3,1
96.41242,103.0,6.587578,43.396183,6.6069884,pest,weather_lag3,1
105.561295,99.0,6.5612946,43.050587,6.414991,pest,weather_lag3,1
89.82907,128.0,38.17093,1457.0198,35.04668,pest,weather_lag3,1
121.0935,118.0,3.0934982,9.569732,2.5876892,pest,weather_lag3,1
102.20189,52.0,50.20189,2520.2297,65.1119,pest,weather_lag3,1
57.172134,40.0,17.172134,294.8822,35.343742,pest,weather_lag3,1
66.8781,88.99999,22.121895,489.37823,28.383585,pest,weather_lag3,1
97.06561,81.0,16.065613,258.1039,18.044598,pest,weather_lag3,1
95.94433,75.0,20.944328,438.6649,24.504267,pest,weather_lag3,1
85.67051,100.0,14.329491,205.3343,15.435398,pest,weather_lag3,1
100.3753,64.0,36.375298,1323.1622,44.258835,pest,weather_lag3,1
63.36463,63.0,0.36463165,0.13295624,0.5771103,pest,weather_lag3,1
64.70218,57.0,7.702179,59.32356,12.657422,pest,weather_lag3,1
79.8709,69.0,10.870903,118.17653,14.604468,pest,weather_lag3,1
79.40558,82.0,2.5944214,6.7310224,3.2147856,pest,weather_lag3,1
88.00747,34.000008,54.00746,2916.806,88.5314,pest,weather_lag3,1
57.518852,34.000008,23.518845,553.13605,51.396717,pest,weather_lag3,1
45.52468,51.0,5.475319,29.979116,11.34491,pest,weather_lag3,1
61.62449,8.000008,53.62448,2875.585,154.03912,pest,weather_lag3,1
31.415741,6.0,25.415741,645.9599,135.85588,pest,weather_lag3,1
32.870308,10.000008,22.8703,523.05066,106.69527,pest,weather_lag3,1
39.915848,8.000008,31.91584,1018.62085,133.2162,pest,weather_lag3,1
20.353249,6.0,14.353249,206.01575,108.929634,pest,weather_lag3,1
26.018074,136.0,109.981926,12096.024,135.76501,pest,weather_lag3,1
106.02847,136.0,29.971527,898.2924,24.766943,pest,weather_lag3,1
108.156296,169.0,60.843704,3701.9563,43.905697,pest,weather_lag3,1
120.71523,71.0,49.715233,2471.6045,51.863625,pest,weather_lag3,1
77.91833,132.0,54.081673,2924.8274,51.52639,pest,weather_lag3,1
97.40093,116.0,18.599068,345.92532,17.4311,pest,weather_lag3,1
112.583084,2.9999998,109.583084,12008.452,189.61786,pest,weather_lag3,1
44.704193,16.0,28.704193,823.9307,94.57071,pest,weather_lag3,1
51.233887,106.0,54.766113,2999.3271,69.66197,pest,weather_lag3,1
100.60753,124.0,23.392471,547.2077,20.829641,pest,weather_lag3,1
93.153305,127.0,33.846695,1145.5988,30.748295,pest,weather_lag3,1
111.475365,225.0,113.524635,12887.843,67.478714,pest,weather_lag3,1
179.16183,197.0,17.838165,318.20013,9.484303,pest,weather_lag3,1
144.18161,191.0,46.81839,2191.9617,27.936134,pest,weather_lag3,1
156.77682,168.0,11.223175,125.959656,6.911315,pest,weather_lag3,1
169.2314,214.0,44.7686,2004.2275,23.363743,pest,weather_lag3,1
189.94891,152.0,37.948914,1440.12,22.195663,pest,weather_lag3,1
154.54936,136.0,18.549362,344.07883,12.768475,pest,weather_lag3,1
142.94579,225.99998,83.0542,6898.0,45.02244,pest,weather_lag3,1
196.9572,241.0,44.0428,1939.7683,20.112833,pest,weather_lag3,1
201.30267,162.0,39.302673,1544.7001,21.636326,pest,weather_lag3,1
152.82823,216.0,63.17177,3990.6724,34.255386,pest,weather_lag3,1
197.87991,190.0,7.8799133,62.093033,4.063069,pest,weather_lag3,1
183.81725,158.0,25.817245,666.53015,15.105876,pest,weather_lag3,1
151.37895,165.0,13.621048,185.53294,8.61059,pest,weather_lag3,1
191.05171,195.0,3.948288,15.588978,2.045471,pest,weather_lag3,1
194.32478,232.0,37.675217,1419.422,17.674421,pest,weather_lag3,1
204.5738,201.0,3.5738068,12.772095,1.762346,pest,weather_lag3,1
195.6057,285.0,89.3943,7991.3413,37.200684,pest,weather_lag3,1
239.49779,237.0,2.4977875,6.238942,1.0483941,pest,weather_lag3,1
219.30775,190.0,29.307755,858.94446,14.320644,pest,weather_lag3,1
182.13496,183.0,0.865036,0.7482873,0.47381717,pest,weather_lag3,1
195.47339,233.0,37.52661,1408.2466,17.516426,pest,weather_lag3,1
226.06377,186.0,40.063766,1605.1053,19.44542,pest,weather_lag3,1
190.51578,205.0,14.484222,209.7927,7.3242197,pest,weather_lag3,1
207.71663,209.0,1.283371,1.6470411,0.61594427,pest,weather_lag3,1
205.23967,282.0,76.76033,5892.1484,31.508244,pest,weather_lag3,1
231.41774,189.0,42.41774,1799.2646,20.178854,pest,weather_lag3,1
197.22285,185.0,12.222855,149.39818,6.3956695,pest,weather_lag3,1
187.15627,299.0,111.843735,12509.021,46.011436,pest,weather_lag3,1
269.3782,304.0,34.621796,1198.6687,12.0764265,pest,weather_lag3,1
266.39993,288.0,21.600067,466.5629,7.7922335,pest,weather_lag3,1
261.46808,266.0,4.5319214,20.538311,1.718368,pest,weather_lag3,1
260.52045,222.0,38.520447,1483.8248,15.966349,pest,weather_lag3,1
207.84923,134.0,73.84923,5453.7085,43.20573,pest,weather_lag3,1
156.48523,201.0,44.51477,1981.5648,24.904398,pest,weather_lag3,1
222.2688,232.0,9.731201,94.69627,4.284336,pest,weather_lag3,1
239.11162,298.0,58.888382,3467.8416,21.9278,pest,weather_lag3,1
265.0,248.0,17.0,289.0,6.6276803,pest,weather_lag3,1
236.84636,59.0,177.84636,31629.328,120.22887,pest,weather_lag3,1
103.93155,35.0,68.93155,4751.5586,99.23095,pest,weather_lag3,1
81.35821,32.000008,49.3582,2436.232,87.08359,pest,weather_lag3,1
104.412964,25.0,79.412964,6306.419,122.72799,pest,weather_lag3,1
97.72065,29.0,68.72065,4722.528,108.46007,pest,weather_lag3,1
106.75126,75.0,31.751259,1008.14246,34.939247,pest,weather_lag3,1
103.78606,49.0,54.786057,3001.512,71.71604,pest,weather_lag3,1
48.74256,92.0,43.25744,1871.206,61.470306,pest,weather_lag3,1
85.58344,139.0,53.416557,2853.3286,47.569454,pest,weather_lag3,1
132.47865,119.0,13.478653,181.67409,10.719521,pest,weather_lag3,1
121.82244,82.0,39.82244,1585.8268,39.07562,pest,weather_lag3,1
101.404976,217.0,115.595024,13362.21,72.6088,pest,weather_lag3,1
179.88857,205.0,25.111435,630.58417,13.048678,pest,weather_lag3,1
174.71234,155.0,19.712341,388.5764,11.957296,pest,weather_lag3,1
131.70662,244.0,112.29338,12609.804,59.777164,pest,weather_lag3,1
203.60454,140.0,63.604538,4045.5374,37.021942,pest,weather_lag3,1
131.20526,211.0,79.79474,6367.2,46.6356,pest,weather_lag3,1
160.75182,117.0,43.751816,1914.2214,31.50425,pest,weather_lag3,1
154.35707,270.0,115.64293,13373.287,54.502655,pest,weather_lag3,1
210.71927,282.0,71.28073,5080.943,28.933609,pest,weather_lag3,1
244.8625,251.99998,7.1374817,50.943645,2.873021,pest,weather_lag3,1
214.77075,166.0,48.770752,2378.5862,25.616858,pest,weather_lag3,1
164.13885,150.0,14.138855,199.90723,9.001659,pest,weather_lag3,1
159.44232,152.0,7.442322,55.388153,4.7792616,pest,weather_lag3,1
155.41893,160.0,4.58107,20.986202,2.9047527,pest,weather_lag3,1
185.43848,168.0,17.438477,304.10046,9.867899,pest,weather_lag3,1
195.47818,139.0,56.47818,3189.785,33.770924,pest,weather_lag3,1
146.12758,165.0,18.872421,356.16827,12.131629,pest,weather_lag3,1
156.83551,87.0,69.83551,4876.9985,57.280838,pest,weather_lag3,1
106.546616,123.0,16.453384,270.71387,14.335548,pest,weather_lag3,1
138.47755,46.0,92.477554,8552.098,100.258865,pest,weather_lag3,1
101.99924,42.0,59.999237,3599.9084,83.33272,pest,weather_lag3,1
83.20346,58.0,25.20346,635.2144,35.69808,pest,weather_lag3,1
96.67767,46.999992,49.67768,2467.872,69.151566,pest,weather_lag3,1
79.42686,143.0,63.573143,4041.5444,57.163193,pest,weather_lag3,1
124.82824,159.0,34.17176,1167.7092,24.079184,pest,weather_lag3,1
149.11507,133.0,16.115067,259.69537,11.424464,pest,weather_lag3,1
113.955154,167.0,53.044846,2813.7556,37.76037,pest,weather_lag3,1
143.41154,128.0,15.411545,237.51572,11.356587,pest,weather_lag3,1
130.28201,256.0,125.71799,15805.013,65.0913,pest,weather_lag3,1
195.06474,200.0,4.935257,24.356762,2.4984546,pest,weather_lag3,1
202.03035,288.0,85.96965,7390.781,35.087482,pest,weather_lag3,1
220.43861,211.0,9.438614,89.08743,4.3754144,pest,weather_lag3,1
195.04053,190.0,5.0405273,25.406916,2.6181803,pest,weather_lag3,1
158.84296,101.0,57.842957,3345.8076,44.521477,pest,weather_lag3,1
122.72279,128.0,5.2772064,27.848907,4.2095942,pest,weather_lag3,1
147.18181,206.0,58.81819,3459.5796,33.3076,pest,weather_lag3,1
196.46797,198.0,1.5320282,2.3471105,0.77675676,pest,weather_lag3,1
195.66553,203.0,7.3344727,53.79449,3.6795118,pest,weather_lag3,1
186.65773,154.0,32.65773,1066.5273,19.17334,pest,weather_lag3,1
149.96005,215.0,65.03995,4230.195,35.642227,pest,weather_lag3,1
182.3998,143.0,39.399796,1552.3439,24.21624,pest,weather_lag3,1
158.25743,101.0,57.25743,3278.4133,44.170326,pest,weather_lag3,1
144.94586,148.0,3.0541382,9.32776,2.0851212,pest,weather_lag3,1
166.98383,240.0,73.016174,5331.362,35.881607,pest,weather_lag3,1
215.81256,242.0,26.187439,685.782,11.440245,pest,weather_lag3,1
207.19046,214.0,6.80954,46.36983,3.233473,pest,weather_lag3,1
200.5547,130.0,70.5547,4977.9663,42.68867,pest,weather_lag3,1
138.88776,122.0,16.887756,285.19632,12.946378,pest,weather_lag3,1
121.89392,163.0,41.10608,1689.7097,28.857113,pest,weather_lag3,1
176.12204,106.0,70.12204,4917.1006,49.71043,pest,weather_lag3,1
147.98627,144.0,3.986267,15.890326,2.7304482,pest,weather_lag3,1
161.13364,106.0,55.133636,3039.7178,41.277946,pest,weather_lag3,1
126.21036,96.0,30.210358,912.6657,27.190775,pest,weather_lag3,1
93.28581,51.0,42.285812,1788.09,58.613956,pest,weather_lag3,1
84.81644,121.0,36.183563,1309.2502,35.161003,pest,weather_lag3,1
130.56511,127.0,3.5651093,12.710004,2.7683167,pest,weather_lag3,1
135.63176,141.0,5.3682404,28.818005,3.8811452,pest,weather_lag3,1
142.04039,117.0,25.04039,627.0211,19.333193,pest,weather_lag3,1
125.423294,120.0,5.423294,29.412119,4.4195433,pest,weather_lag3,1
114.596756,108.0,6.596756,43.51719,5.9270906,pest,weather_lag3,1
110.5638,76.0,34.563797,1194.656,37.053062,pest,weather_lag3,1
97.206314,98.0,0.7936859,0.62993735,0.8131765,pest,weather_lag3,1
115.37971,75.0,40.379707,1630.5208,42.42018,pest,weather_lag3,1
94.28403,44.0,50.284027,2528.4834,72.725716,pest,weather_lag3,1
65.68057,135.0,69.31943,4805.183,69.08434,pest,weather_lag3,1
119.95347,123.0,3.0465317,9.281355,2.5079138,pest,weather_lag3,1
120.87732,186.0,65.12268,4240.9634,42.44216,pest,weather_lag3,1
143.5026,213.0,69.497406,4829.8896,38.988445,pest,weather_lag3,1
186.81972,144.0,42.819717,1833.5282,25.887043,pest,weather_lag3,1
127.97664,149.0,21.023361,441.98172,15.180603,pest,weather_lag3,1
133.45158,108.0,25.451584,647.78314,21.082144,pest,weather_lag3,1
130.22649,146.0,15.773514,248.80374,11.42071,pest,weather_lag3,1
136.4546,125.0,11.454605,131.20798,8.762214,pest,weather_lag3,1
144.3283,159.0,14.671707,215.25899,9.673813,pest,weather_lag3,1
149.00685,166.0,16.993149,288.76712,10.789066,pest,weather_lag3,1
146.04459,191.0,44.955414,2020.9893,26.67624,pest,weather_lag3,1
162.82257,134.0,28.82257,830.7406,19.42074,pest,weather_lag3,1
130.85283,190.0,59.14717,3498.388,36.86872,pest,weather_lag3,1
173.20537,127.0,46.205368,2134.936,30.782505,pest,weather_lag3,1
145.77238,168.0,22.227615,494.0669,14.167987,pest,weather_lag3,1
156.41145,124.0,32.411453,1050.5023,23.11707,pest,weather_lag3,1
151.51065,185.0,33.48935,1121.5365,19.903887,pest,weather_lag3,1
163.16737,95.0,68.16737,4646.791,52.808674,pest,weather_lag3,1
120.75703,178.0,57.242973,3276.758,38.320755,pest,weather_lag3,1
155.95618,143.0,12.956177,167.86252,8.667609,pest,weather_lag3,1
153.68843,142.0,11.688431,136.61942,7.90591,pest,weather_lag3,1
134.42967,116.0,18.429672,339.65283,14.718442,pest,weather_lag3,1
136.62637,173.0,36.373627,1323.0408,23.495174,pest,weather_lag3,1
160.616,147.0,13.615997,185.39539,8.852593,pest,weather_lag3,1
148.4749,106.0,42.4749,1804.1171,33.38239,pest,weather_lag3,1
120.37569,130.0,9.624313,92.62741,7.687898,pest,weather_lag3,1
141.05125,154.0,12.948746,167.67001,8.777286,pest,weather_lag3,1
143.21101,84.0,59.211014,3505.944,52.119846,pest,weather_lag3,1
163.15895,210.0,46.84105,2194.084,25.105146,pest,weather_lag3,3
154.40367,131.0,23.403671,547.7318,16.400398,pest,weather_lag3,3
175.60219,103.0,72.60219,5271.0776,52.118896,pest,weather_lag3,3
195.85599,157.0,38.855988,1509.7877,22.023708,pest,weather_lag3,3
188.903,165.0,23.903,571.3534,13.50822,pest,weather_lag3,3
170.51324,202.0,31.486755,991.4158,16.905039,pest,weather_lag3,3
164.9398,218.0,53.060196,2815.3843,27.712029,pest,weather_lag3,3
162.3744,218.0,55.625595,3094.2068,29.247814,pest,weather_lag3,3
154.99445,142.0,12.994446,168.85562,8.750632,pest,weather_lag3,3
164.06306,161.0,3.0630646,9.382364,1.8845972,pest,weather_lag3,3
175.53955,170.0,5.539551,30.686623,3.2063193,pest,weather_lag3,3
181.34746,172.0,9.347458,87.37497,5.290802,pest,weather_lag3,3
186.05779,222.0,35.942215,1291.8428,17.616238,pest,weather_lag3,3
187.12076,186.0,1.120758,1.2560986,0.6007482,pest,weather_lag3,3
175.89452,223.0,47.105484,2218.9265,23.618013,pest,weather_lag3,3
163.64894,163.0,0.64894104,0.4211245,0.39733243,pest,weather_lag3,3
154.81584,109.0,45.81584,2099.0913,34.733196,pest,weather_lag3,3
175.70355,199.0,23.296448,542.7245,12.434602,pest,weather_lag3,3
185.03868,116.0,69.03868,4766.3394,45.86698,pest,weather_lag3,3
171.11742,101.0,70.11742,4916.452,51.534676,pest,weather_lag3,3
185.71916,119.0,66.71916,4451.447,43.790592,pest,weather_lag3,3
173.01595,55.0,118.015945,13927.764,103.51552,pest,weather_lag3,3
126.40656,52.0,74.40656,5536.3364,83.41237,pest,weather_lag3,3
124.039116,61.0,63.039116,3973.9302,68.13599,pest,weather_lag3,3
130.88899,93.0,37.888992,1435.5757,33.84623,pest,weather_lag3,3
104.83276,98.0,6.8327637,46.68666,6.737337,pest,weather_lag3,3
114.57058,98.0,16.57058,274.5841,15.59066,pest,weather_lag3,3
115.21764,108.0,7.2176437,52.09438,6.466911,pest,weather_lag3,3
95.88292,46.999992,48.882927,2389.5405,68.42376,pest,weather_lag3,3
100.527725,32.000008,68.52772,4696.048,103.416405,pest,weather_lag3,3
91.68086,48.0,43.680862,1908.0177,62.543804,pest,weather_lag3,3
95.04143,114.0,18.958572,359.42746,18.138578,pest,weather_lag3,3
90.845406,85.0,5.8454056,34.168766,6.648346,pest,weather_lag3,3
77.44786,105.0,27.55214,759.12036,30.202755,pest,weather_lag3,3
98.39334,97.0,1.3933411,1.9413993,1.426191,pest,weather_lag3,3
79.14921,118.0,38.850792,1509.384,39.41258,pest,weather_lag3,3
68.24896,67.0,1.2489624,1.5599071,1.8469086,pest,weather_lag3,3
88.84226,46.999992,41.84227,1750.7755,61.604202,pest,weather_lag3,3
109.629395,90.0,19.629395,385.31314,19.665836,pest,weather_lag3,3
107.37102,129.0,21.628983,467.8129,18.300875,pest,weather_lag3,3
87.308624,90.0,2.6913757,7.2435036,3.035809,pest,weather_lag3,3
95.2458,24.0,71.2458,5075.9634,119.49402,pest,weather_lag3,3
101.34925,43.000008,58.349243,3404.6343,80.844536,pest,weather_lag3,3
84.71448,59.0,25.714478,661.2344,35.785507,pest,weather_lag3,3
62.330452,54.0,8.330452,69.39643,14.322048,pest,weather_lag3,3
82.72492,42.0,40.724922,1658.5193,65.30358,pest,weather_lag3,3
98.542465,110.0,11.457535,131.2751,10.988203,pest,weather_lag3,3
85.28012,102.0,16.71988,279.55435,17.855476,pest,weather_lag3,3
65.26178,31.0,34.26178,1173.8695,71.1846,pest,weather_lag3,3
75.51304,87.0,11.486961,131.95029,14.136664,pest,weather_lag3,3
85.750885,20.0,65.750885,4323.1787,124.35051,pest,weather_lag3,3
63.200157,24.0,39.200157,1536.6523,89.908455,pest,weather_lag3,3
83.64192,74.0,9.641922,92.96666,12.232687,pest,weather_lag3,3
90.0566,88.99999,1.0566101,1.1164249,1.1801969,pest,weather_lag3,3
66.01824,126.0,59.98176,3597.8113,62.47506,pest,weather_lag3,3
62.94742,84.0,21.052582,443.2112,28.653217,pest,weather_lag3,3
73.86351,152.0,78.13649,6105.311,69.18912,pest,weather_lag3,3
78.31514,78.0,0.31513977,0.09931307,0.4032108,pest,weather_lag3,3
79.413124,52.0,27.413124,751.4794,41.72053,pest,weather_lag3,3
103.492096,83.0,20.492096,419.926,21.97637,pest,weather_lag3,3
106.73558,103.0,3.7355804,13.954561,3.562181,pest,weather_lag3,3
100.20306,99.0,1.2030563,1.4473445,1.2078693,pest,weather_lag3,3
89.31469,128.0,38.68531,1496.5532,35.60303,pest,weather_lag3,3
100.67418,118.0,17.32582,300.18408,15.846244,pest,weather_lag3,3
92.364235,52.0,40.364235,1629.2715,55.919994,pest,weather_lag3,3
83.92848,40.0,43.928482,1929.7115,70.89327,pest,weather_lag3,3
109.76152,88.99999,20.761528,431.04105,20.890894,pest,weather_lag3,3
95.08928,81.0,14.089279,198.50778,16.002426,pest,weather_lag3,3
97.03903,75.0,22.039032,485.71893,25.620968,pest,weather_lag3,3
108.29136,100.0,8.291359,68.746635,7.961309,pest,weather_lag3,3
101.18467,64.0,37.18467,1382.6996,45.02194,pest,weather_lag3,3
79.72398,63.0,16.723984,279.69162,23.435421,pest,weather_lag3,3
72.63618,57.0,15.636177,244.49004,24.12317,pest,weather_lag3,3
83.864815,69.0,14.864815,220.96272,19.448315,pest,weather_lag3,3
89.94588,82.0,7.945877,63.136963,9.2423,pest,weather_lag3,3
93.05305,34.000008,59.05304,3487.2615,92.958084,pest,weather_lag3,3
90.63625,34.000008,56.636246,3207.6643,90.882454,pest,weather_lag3,3
85.041756,51.0,34.041756,1158.8412,50.046043,pest,weather_lag3,3
63.34919,8.000008,55.349182,3063.532,155.15012,pest,weather_lag3,3
52.727875,6.0,46.727875,2183.4944,159.13354,pest,weather_lag3,3
73.285545,10.000008,63.285538,4005.0593,151.97243,pest,weather_lag3,3
69.60106,8.000008,61.60105,3794.6895,158.76341,pest,weather_lag3,3
45.082237,6.0,39.082237,1527.4213,153.01694,pest,weather_lag3,3
48.3808,136.0,87.6192,7677.1245,95.041565,pest,weather_lag3,3
43.338913,136.0,92.66109,8586.077,103.33629,pest,weather_lag3,3
31.28952,169.0,137.71048,18964.176,137.51141,pest,weather_lag3,3
69.28468,71.0,1.7153168,2.9423115,2.4454799,pest,weather_lag3,3
85.56849,132.0,46.43151,2155.8853,42.682205,pest,weather_lag3,3
88.70198,116.0,27.29802,745.1819,26.670986,pest,weather_lag3,3
80.20795,2.9999998,77.20795,5961.067,185.5783,pest,weather_lag3,3
100.64235,16.0,84.64235,7164.327,145.13142,pest,weather_lag3,3
128.5926,106.0,22.592606,510.42584,19.26114,pest,weather_lag3,3
84.94062,124.0,39.05938,1525.6351,37.38802,pest,weather_lag3,3
54.50055,127.0,72.49945,5256.1704,79.888954,pest,weather_lag3,3
85.03295,225.0,139.96704,19590.773,90.29172,pest,weather_lag3,3
101.01642,197.0,95.98358,9212.848,64.41496,pest,weather_lag3,3
80.58996,191.0,110.41004,12190.377,81.30642,pest,weather_lag3,3
133.12878,168.0,34.871216,1216.0017,23.160334,pest,weather_lag3,3
158.2463,214.0,55.753693,3108.474,29.95527,pest,weather_lag3,3
156.02145,152.0,4.021454,16.17209,2.6111517,pest,weather_lag3,3
161.20128,136.0,25.201279,635.10443,16.959064,pest,weather_lag3,3
172.81706,225.99998,53.182922,2828.4233,26.670338,pest,weather_lag3,3
167.23047,241.0,73.76953,5441.944,36.141117,pest,weather_lag3,3
132.44768,162.0,29.552322,873.3398,20.073055,pest,weather_lag3,3
155.81995,216.0,60.180054,3621.639,32.370533,pest,weather_lag3,3
191.75072,190.0,1.7507172,3.0650105,0.9172044,pest,weather_lag3,3
173.5866,158.0,15.586594,242.9419,9.40122,pest,weather_lag3,3
172.3634,165.0,7.3634033,54.219707,4.365265,pest,weather_lag3,3
205.29391,195.0,10.293915,105.96468,5.1431785,pest,weather_lag3,3
189.68105,232.0,42.318954,1790.8939,20.071548,pest,weather_lag3,3
174.63638,201.0,26.363617,695.0403,14.036775,pest,weather_lag3,3
181.7494,285.0,103.250595,10660.686,44.242413,pest,weather_lag3,3
185.92184,237.0,51.078156,2608.978,24.154892,pest,weather_lag3,3
179.37404,190.0,10.625961,112.91106,5.7534966,pest,weather_lag3,3
195.95084,183.0,12.950836,167.72415,6.8351007,pest,weather_lag3,3
214.71803,233.0,18.281967,334.23032,8.166733,pest,weather_lag3,3
210.383,186.0,24.382996,594.53046,12.302746,pest,weather_lag3,3
194.36412,205.0,10.6358795,113.12193,5.326407,pest,weather_lag3,3
214.08939,209.0,5.089386,25.90185,2.4058206,pest,weather_lag3,3
204.4096,282.0,77.59039,6020.269,31.903315,pest,weather_lag3,3
176.58531,189.0,12.414688,154.12448,6.7916775,pest,weather_lag3,3
189.09723,185.0,4.097229,16.787285,2.190462,pest,weather_lag3,3
214.1325,299.0,84.86749,7202.491,33.078197,pest,weather_lag3,3
211.89645,304.0,92.103546,8483.063,35.706215,pest,weather_lag3,3
191.84926,288.0,96.15074,9244.965,40.075394,pest,weather_lag3,3
234.78621,266.0,31.21379,974.3007,12.465915,pest,weather_lag3,3
255.1145,222.0,33.114502,1096.5702,13.881154,pest,weather_lag3,3
221.92783,134.0,87.927826,7731.3027,49.407673,pest,weather_lag3,3
216.25708,201.0,15.25708,232.77849,7.313036,pest,weather_lag3,3
234.60027,232.0,2.6002655,6.7613807,1.1145581,pest,weather_lag3,3
210.92175,298.0,87.07825,7582.621,34.22068,pest,weather_lag3,3
219.50253,248.0,28.497467,812.10565,12.191363,pest,weather_lag3,3
228.2861,59.0,169.2861,28657.785,117.85193,pest,weather_lag3,3
221.93983,35.0,186.93983,34946.5,145.51254,pest,weather_lag3,3
205.20488,32.000008,173.20486,29999.926,146.0382,pest,weather_lag3,3
149.43504,25.0,124.43504,15484.08,142.67207,pest,weather_lag3,3
161.68536,29.0,132.68536,17605.406,139.16681,pest,weather_lag3,3
186.77794,75.0,111.77794,12494.308,85.39905,pest,weather_lag3,3
144.81374,49.0,95.813736,9180.272,98.87198,pest,weather_lag3,3
80.73672,92.0,11.263283,126.86154,13.040982,pest,weather_lag3,3
68.52886,139.0,70.47114,4966.181,67.91454,pest,weather_lag3,3
57.127625,119.0,61.872375,3828.191,70.25857,pest,weather_lag3,3
83.7648,82.0,1.764801,3.1145227,2.1292832,pest,weather_lag3,3
135.39056,217.0,81.609436,6660.1,46.317608,pest,weather_lag3,3
128.11104,205.0,76.88896,5911.9126,46.164165,pest,weather_lag3,3
102.90539,155.0,52.094612,2713.8486,40.398235,pest,weather_lag3,3
114.44066,244.0,129.55934,16785.623,72.290535,pest,weather_lag3,3
132.99983,140.0,7.000168,49.00235,5.1283317,pest,weather_lag3,3
121.03614,211.0,89.96386,8093.496,54.189198,pest,weather_lag3,3
150.01921,117.0,33.01921,1090.2683,24.73171,pest,weather_lag3,3
157.54437,270.0,112.45563,12646.269,52.605362,pest,weather_lag3,3
165.7978,282.0,116.202194,13502.95,51.899403,pest,weather_lag3,3
161.59526,251.99998,90.404724,8173.014,43.71652,pest,weather_lag3,3
185.32544,166.0,19.32544,373.4726,11.001446,pest,weather_lag3,3
206.77261,150.0,56.772614,3223.1296,31.825655,pest,weather_lag3,3
197.19055,152.0,45.19055,2042.1859,25.88303,pest,weather_lag3,3
167.77953,160.0,7.7795258,60.521023,4.7468038,pest,weather_lag3,3
186.95045,168.0,18.950455,359.11972,10.677803,pest,weather_lag3,3
220.54376,139.0,81.54376,6649.3853,45.359577,pest,weather_lag3,3
180.34654,165.0,15.346542,235.51636,8.887619,pest,weather_lag3,3
174.67557,87.0,87.67557,7687.0054,67.010895,pest,weather_lag3,3
139.9983,123.0,16.998306,288.9424,12.926553,pest,weather_lag3,3
146.98889,46.0,100.98889,10198.756,104.65772,pest,weather_lag3,3
147.69789,42.0,105.69789,11172.044,111.43813,pest,weather_lag3,3
153.30649,58.0,95.30649,9083.327,90.20687,pest,weather_lag3,3
150.85684,46.999992,103.85685,10786.245,104.98182,pest,weather_lag3,3
108.8662,143.0,34.133797,1165.1161,27.104706,pest,weather_lag3,3
92.40202,159.0,66.59798,4435.2905,52.98126,pest,weather_lag3,3
82.05742,133.0,50.94258,2595.1465,47.375793,pest,weather_lag3,3
101.26628,167.0,65.73372,4320.922,49.006317,pest,weather_lag3,3
115.60089,128.0,12.399109,153.7379,10.179855,pest,weather_lag3,3
114.69094,256.0,141.30905,19968.248,76.2409,pest,weather_lag3,3
119.409744,200.0,80.590256,6494.7896,50.46199,pest,weather_lag3,3
142.43242,288.0,145.56758,21189.92,67.63783,pest,weather_lag3,3
165.99138,211.0,45.00862,2025.776,23.877798,pest,weather_lag3,3
164.71616,190.0,25.283844,639.27277,14.255817,pest,weather_lag3,3
173.85817,101.0,72.85817,5308.313,53.015106,pest,weather_lag3,3
163.33128,128.0,35.331284,1248.2996,24.255054,pest,weather_lag3,3
176.30318,206.0,29.696823,881.9013,15.535745,pest,weather_lag3,3
167.35793,198.0,30.642075,938.9367,16.773731,pest,weather_lag3,3
173.82024,203.0,29.179764,851.4586,15.487366,pest,weather_lag3,3
200.14085,154.0,46.140854,2128.9785,26.05791,pest,weather_lag3,3
166.67845,215.0,48.32155,2334.972,25.320553,pest,weather_lag3,3
158.11873,143.0,15.118729,228.57596,10.041706,pest,weather_lag3,3
150.08325,101.0,49.083252,2409.1655,39.097195,pest,weather_lag3,3
197.35837,148.0,49.358368,2436.2485,28.583855,pest,weather_lag3,3
198.4291,240.0,41.570908,1728.1404,18.963572,pest,weather_lag3,3
163.88718,242.0,78.11282,6101.6133,38.48992,pest,weather_lag3,3
160.02013,214.0,53.979874,2913.8267,28.864687,pest,weather_lag3,3
173.20099,130.0,43.20099,1866.3254,28.496603,pest,weather_lag3,3
173.42491,122.0,51.42491,2644.5215,34.8142,pest,weather_lag3,3
156.12198,163.0,6.8780212,47.307175,4.3105907,pest,weather_lag3,3
168.22144,106.0,62.221436,3871.507,45.380432,pest,weather_lag3,3
173.35593,144.0,29.355927,861.77045,18.500319,pest,weather_lag3,3
193.07262,106.0,87.07262,7581.6406,58.22841,pest,weather_lag3,3
161.07123,96.0,65.07123,4234.2646,50.625057,pest,weather_lag3,3
132.85817,51.0,81.85817,6700.76,89.044914,pest,weather_lag3,3
124.30264,121.0,3.3026428,10.90745,2.6927087,pest,weather_lag3,3
111.48605,127.0,15.513947,240.68254,13.010361,pest,weather_lag3,3
113.31731,141.0,27.682693,766.33154,21.7702,pest,weather_lag3,3
145.36188,117.0,28.361877,804.3961,21.620426,pest,weather_lag3,3
144.99072,120.0,24.990723,624.5362,18.861584,pest,weather_lag3,3
119.09849,108.0,11.098488,123.17643,9.774163,pest,weather_lag3,3
106.879135,76.0,30.879135,953.521,33.769993,pest,weather_lag3,3
107.83692,98.0,9.836922,96.76503,9.557977,pest,weather_lag3,3
131.24843,75.0,56.24843,3163.8857,54.544346,pest,weather_lag3,3
117.45859,44.0,73.45859,5396.164,90.99372,pest,weather_lag3,3
111.85462,135.0,23.145378,535.70856,18.752235,pest,weather_lag3,3
102.23638,123.0,20.763618,431.12784,18.43718,pest,weather_lag3,3
80.70282,186.0,105.29718,11087.496,78.96217,pest,weather_lag3,3
96.82328,213.0,116.17672,13497.03,74.995476,pest,weather_lag3,3
117.32775,144.0,26.672249,711.4089,20.41287,pest,weather_lag3,3
128.42818,149.0,20.571823,423.19992,14.830378,pest,weather_lag3,3
143.59279,108.0,35.59279,1266.8466,28.293964,pest,weather_lag3,3
139.3091,146.0,6.6909027,44.76818,4.690284,pest,weather_lag3,3
135.05609,125.0,10.056091,101.12497,7.733786,pest,weather_lag3,3
147.62944,159.0,11.37056,129.28963,7.4164824,pest,weather_lag3,3
147.5587,166.0,18.4413,340.0815,11.762581,pest,weather_lag3,3
130.68341,191.0,60.31659,3638.091,37.50059,pest,weather_lag3,3
133.13077,134.0,0.8692322,0.7555646,0.6507915,pest,weather_lag3,3
127.657646,190.0,62.342354,3886.569,39.25128,pest,weather_lag3,3
152.35042,127.0,25.350418,642.6437,18.14955,pest,weather_lag3,3
158.27696,168.0,9.723038,94.53746,5.95999,pest,weather_lag3,3
163.43819,124.0,39.438187,1555.3706,27.441162,pest,weather_lag3,3
172.06627,185.0,12.933731,167.2814,7.2444425,pest,weather_lag3,3
152.16759,95.0,57.167587,3268.133,46.258156,pest,weather_lag3,3
142.61299,178.0,35.38701,1252.2404,22.074594,pest,weather_lag3,3
149.60332,143.0,6.6033173,43.603798,4.5134945,pest,weather_lag3,3
135.77496,142.0,6.2250366,38.75108,4.482072,pest,weather_lag3,3
145.47264,116.0,29.472641,868.6366,22.543573,pest,weather_lag3,3
157.43327,173.0,15.566727,242.32298,9.4220085,pest,weather_lag3,3
145.64662,147.0,1.3533783,1.8316329,0.9249233,pest,weather_lag3,3
141.81071,106.0,35.810715,1282.4073,28.901667,pest,weather_lag3,3
148.36285,130.0,18.362854,337.1944,13.193466,pest,weather_lag3,3
153.81705,154.0,0.18295288,0.033471756,0.11887118,pest,weather_lag3,3
127.64258,84.0,43.64258,1904.6747,41.241776,pest,weather_lag3,3
