y_pred,y_true,abs_error,squared_error,smape,dataset,scenario,horizon
42.679974,45.0,2.3200264,5.3825226,5.2920322,disease,weather,1
41.817795,36.0,5.817795,33.846737,14.952352,disease,weather,1
41.35793,39.0,2.3579292,5.55983,5.868567,disease,weather,1
46.558777,33.0,13.558777,183.84042,34.08493,disease,weather,1
43.983955,46.0,2.0160446,4.064436,4.480898,disease,weather,1
46.502125,61.0,14.497875,210.18839,26.972258,disease,weather,1
50.739742,40.0,10.739742,115.342064,23.671528,disease,weather,1
48.115353,86.0,37.884647,1435.2465,56.495613,disease,weather,1
48.947765,85.0,36.052235,1299.7637,53.83029,disease,weather,1
49.704647,89.0,39.295353,1544.1248,56.66047,disease,weather,1
49.549995,75.0,25.450005,647.70276,40.86713,disease,weather,1
47.022213,63.0,15.977787,255.28967,29.044655,disease,weather,1
42.17658,62.0,19.823421,392.96805,38.057346,disease,weather,1
40.499584,73.0,32.500416,1056.277,57.26966,disease,weather,1
42.018112,71.0,28.981888,839.9498,51.287155,disease,weather,1
39.413086,72.0,32.586914,1061.907,58.497463,disease,weather,1
42.76878,51.0,8.23122,67.75298,17.55642,disease,weather,1
40.959034,53.0,12.040966,144.98486,25.630247,disease,weather,1
41.402485,44.0,2.597515,6.7470846,6.082997,disease,weather,1
37.536606,54.0,16.463394,271.04333,35.971172,disease,weather,1
38.984257,56.0,17.015743,289.53552,35.828556,disease,weather,1
41.803783,25.0,16.803783,282.36713,50.307877,disease,weather,1
34.25872,42.0,7.7412796,59.92741,20.302673,disease,weather,1
31.779888,21.999998,9.77989,95.64625,36.370068,disease,weather,1
32.232143,32.0,0.2321434,0.05389056,0.72282624,disease,weather,1
31.114883,20.0,11.114883,123.540634,43.48981,disease,weather,1
30.497478,40.0,9.5025215,90.29791,26.958471,disease,weather,1
32.316093,25.0,7.3160934,53.525223,25.52893,disease,weather,1
31.387741,34.0,2.612259,6.8238964,7.990057,disease,weather,1
30.211966,43.0,12.788034,163.53383,34.934273,disease,weather,1
28.925428,34.0,5.0745716,25.751278,16.128843,disease,weather,1
25.870863,16.999998,8.870865,78.692245,41.38412,disease,weather,1
21.926306,35.0,13.073694,170.92148,45.931995,disease,weather,1
21.558582,41.0,19.441418,377.96872,62.15428,disease,weather,1
25.052633,42.0,16.947367,287.21323,50.549442,disease,weather,1
21.665928,42.0,20.334072,413.4745,63.87741,disease,weather,1
23.454094,35.0,11.545906,133.30795,39.50418,disease,weather,1
23.98036,30.0,6.01964,36.236065,22.303074,disease,weather,1
24.795008,26.999998,2.2049904,4.861983,8.5142975,disease,weather,1
21.537704,24.0,2.4622955,6.062899,10.814316,disease,weather,1
19.665627,34.0,14.334373,205.47426,53.421062,disease,weather,1
18.735228,40.0,21.264772,452.19055,72.40892,disease,weather,1
23.840797,21.0,2.8407974,8.07013,12.670593,disease,weather,1
23.496185,11.000003,12.496182,156.15457,72.449646,disease,weather,1
20.745722,24.0,3.2542782,10.590326,14.5456505,disease,weather,1
23.950249,21.999998,1.9502506,3.8034775,8.488531,disease,weather,1
22.699266,21.999998,0.69926834,0.4889762,3.128769,disease,weather,1
23.321098,29.0,5.6789017,32.249924,21.707884,disease,weather,1
21.76991,32.0,10.230089,104.654724,38.051353,disease,weather,1
20.13005,32.0,11.869949,140.89569,45.539757,disease,weather,1
22.302227,31.0,8.697773,75.65125,32.63568,disease,weather,1
23.578228,27.999998,4.42177,19.552052,17.14588,disease,weather,1
22.683226,15.999999,6.6832266,44.665516,34.553616,disease,weather,1
23.511488,26.0,2.488512,6.1926923,10.05226,disease,weather,1
25.943129,35.0,9.056871,82.02692,29.722368,disease,weather,1
24.635157,33.0,8.364843,69.970604,29.026878,disease,weather,1
24.582197,21.999998,2.582199,6.6677523,11.086636,disease,weather,1
21.597433,29.0,7.402567,54.797997,29.260641,disease,weather,1
21.573784,34.0,12.426216,154.41084,44.719704,disease,weather,1
23.34083,25.0,1.6591702,2.7528455,6.864467,disease,weather,1
21.67465,30.0,8.32535,69.31145,32.222183,disease,weather,1
23.576912,33.0,9.423088,88.794586,33.31072,disease,weather,1
22.639784,30.0,7.360216,54.172783,27.96446,disease,weather,1
23.39994,27.999998,4.6000576,21.16053,17.899078,disease,weather,1
21.642294,32.0,10.357706,107.282074,38.617683,disease,weather,1
21.567688,41.0,19.432312,377.61475,62.116127,disease,weather,1
22.901419,26.0,3.0985813,9.601206,12.672766,disease,weather,1
20.90358,26.999998,6.0964184,37.166317,25.452873,disease,weather,1
20.670296,42.0,21.329704,454.9563,68.06958,disease,weather,1
22.395758,35.0,12.604242,158.86693,43.920467,disease,weather,1
19.103909,34.0,14.896091,221.89354,56.101673,disease,weather,1
21.62545,33.0,11.37455,129.38039,41.645607,disease,weather,1
21.849504,38.0,16.150496,260.8385,53.97036,disease,weather,1
24.958298,24.0,0.9582977,0.91833454,3.914751,disease,weather,1
21.745466,25.0,3.2545338,10.59199,13.924488,disease,weather,1
20.133259,46.0,25.866741,669.0883,78.22613,disease,weather,1
23.980688,40.0,16.019312,256.61835,50.07546,disease,weather,1
24.731905,13.999999,10.731906,115.173805,55.416363,disease,weather,1
19.250565,-1.2389615e-06,19.250566,370.58432,200.0,disease,weather,1
18.741404,-1.2389615e-06,18.741405,351.24026,200.0,disease,weather,1
18.917645,2.9999988,15.917645,253.37143,145.24962,disease,weather,1
17.67863,3.9999988,13.678632,187.10497,126.19462,disease,weather,1
16.422136,2.9999988,13.422137,180.15376,138.21484,disease,weather,1
17.814835,2.9999988,14.814836,219.47935,142.34883,disease,weather,1
18.362726,-1.2389615e-06,18.362728,337.1898,200.0,disease,weather,1
18.234186,44.0,25.765814,663.87714,82.802765,disease,weather,1
22.587934,44.0,21.412066,458.47656,64.31215,disease,weather,1
24.95965,31.0,6.04035,36.48583,21.588234,disease,weather,1
22.287743,26.999998,4.7122555,22.20535,19.12141,disease,weather,1
16.573788,50.0,33.426212,1117.3116,100.41853,disease,weather,1
20.821526,39.0,18.178474,330.45694,60.775696,disease,weather,1
24.225817,-1.2389615e-06,24.225819,586.89026,200.0,disease,weather,1
21.369022,-1.2389615e-06,21.369024,456.6352,200.0,disease,weather,1
18.877802,33.0,14.122198,199.43648,54.44409,disease,weather,1
22.225504,38.0,15.774496,248.83473,52.38477,disease,weather,1
25.254978,31.0,5.745022,33.005276,20.424936,disease,weather,1
26.293224,34.0,7.7067757,59.39439,25.56432,disease,weather,1
26.037289,20.0,6.0372887,36.448853,26.22782,disease,weather,1
23.56439,21.0,2.5643902,6.576097,11.508696,disease,weather,1
22.842138,37.0,14.157862,200.44505,47.317364,disease,weather,1
24.684973,21.999998,2.6849747,7.209089,11.502523,disease,weather,1
22.356272,46.0,23.643728,559.0259,69.17794,disease,weather,1
26.487406,26.0,0.48740578,0.23756438,1.8572295,disease,weather,1
20.301159,31.0,10.698841,114.4652,41.709938,disease,weather,1
21.262934,32.0,10.737066,115.28459,40.31722,disease,weather,1
24.56075,23.0,1.560749,2.4359376,6.5631814,disease,weather,1
26.79042,23.0,3.7904205,14.367288,15.225501,disease,weather,1
26.49815,32.0,5.50185,30.270355,18.810339,disease,weather,1
28.044474,30.0,1.9555264,3.8240833,6.738028,disease,weather,1
28.329895,26.999998,1.3298969,1.7686259,4.807155,disease,weather,1
29.216017,26.999998,2.2160187,4.910739,7.8839407,disease,weather,1
30.918592,36.0,5.0814075,25.820704,15.186832,disease,weather,1
35.662685,33.0,2.6626854,7.0898933,7.7558436,disease,weather,1
35.243103,39.0,3.756897,14.114275,10.120528,disease,weather,1
35.554825,37.0,1.4451752,2.0885313,3.9836776,disease,weather,1
36.619877,44.0,7.380123,54.466217,18.308445,disease,weather,1
38.273087,27.999998,10.273088,105.53635,31.002295,disease,weather,1
31.051134,32.0,0.9488659,0.90034646,3.0098298,disease,weather,1
31.767105,34.0,2.232895,4.98582,6.7903094,disease,weather,1
37.784496,26.999998,10.784498,116.305405,33.293457,disease,weather,1
33.092346,25.0,8.092346,65.48607,27.860283,disease,weather,1
29.667051,59.0,29.332949,860.4219,66.16425,disease,weather,1
34.715218,56.0,21.284782,453.04196,46.926598,disease,weather,1
43.766235,39.0,4.7662354,22.717,11.517343,disease,weather,1
50.104588,40.0,10.104588,102.10269,22.428577,disease,weather,1
50.90978,42.0,8.909779,79.384155,19.179422,disease,weather,1
47.45417,49.0,1.5458298,2.3895898,3.2053146,disease,weather,1
44.042656,41.0,3.042656,9.257755,7.1555996,disease,weather,1
39.219078,31.0,8.219078,67.553246,23.409815,disease,weather,1
34.099545,36.0,1.9004555,3.611731,5.422162,disease,weather,1
29.080952,48.0,18.919048,357.9304,49.08878,disease,weather,1
38.913284,48.0,9.086716,82.568405,20.909843,disease,weather,1
45.752033,65.0,19.247967,370.48422,34.75867,disease,weather,1
47.88362,68.0,20.116379,404.6687,34.718243,disease,weather,1
48.388336,8.999999,39.388336,1551.441,137.26949,disease,weather,1
35.36114,7.9999986,27.361143,748.63214,126.20121,disease,weather,1
21.588215,11.999999,9.588216,91.93388,57.09274,disease,weather,1
19.724203,15.999999,3.724204,13.869696,20.849754,disease,weather,1
23.871506,30.0,6.1284943,37.55844,22.752268,disease,weather,1
28.370415,18.0,10.370415,107.5455,44.728584,disease,weather,1
27.614582,8.999999,18.614582,346.50266,101.67851,disease,weather,1
23.324505,27.999998,4.6754932,21.860237,18.219343,disease,weather,1
24.352987,30.0,5.6470127,31.888752,20.779034,disease,weather,1
25.016617,38.0,12.983383,168.56824,41.20622,disease,weather,1
25.856054,34.0,8.143946,66.32385,27.211767,disease,weather,1
24.685108,32.0,7.314892,53.50764,25.808865,disease,weather,1
21.138956,36.0,14.861044,220.85063,52.017204,disease,weather,1
22.880083,46.0,23.119917,534.5306,67.13092,disease,weather,1
27.59311,46.0,18.40689,338.81363,50.023407,disease,weather,1
27.951227,19.0,8.951227,80.124466,38.129898,disease,weather,1
26.48118,53.0,26.51882,703.2478,66.729805,disease,weather,1
29.263844,23.0,6.2638435,39.235737,23.970083,disease,weather,1
26.963549,25.0,1.9635487,3.8555233,7.5574083,disease,weather,1
23.183996,35.0,11.816004,139.61795,40.61599,disease,weather,1
22.146145,21.999998,0.14614677,0.02135888,0.6621044,disease,weather,1
21.273891,21.0,0.27389145,0.07501653,1.2957948,disease,weather,1
20.961557,37.0,16.038443,257.23163,55.341656,disease,weather,1
23.94679,23.0,0.9467907,0.8964126,4.0334625,disease,weather,1
24.076614,30.0,5.9233856,35.0865,21.907383,disease,weather,1
26.720047,18.0,8.720047,76.03922,38.99838,disease,weather,1
24.38607,43.0,18.61393,346.4784,55.245632,disease,weather,1
27.273108,25.0,2.2731075,5.167018,8.697043,disease,weather,1
26.016275,15.000001,11.016274,121.3583,53.7166,disease,weather,1
18.116688,16.999998,1.1166897,1.2469958,6.3598814,disease,weather,1
17.601002,4.9999986,12.601004,158.7853,111.50837,disease,weather,1
14.168481,8.999999,5.168482,26.713205,44.616493,disease,weather,1
12.987643,18.0,5.0123568,25.12372,32.35068,disease,weather,1
11.882785,9.999999,1.8827858,3.5448823,17.207918,disease,weather,1
8.826274,9.999999,1.1737251,1.3776307,12.469012,disease,weather,1
6.5256906,27.999998,21.474308,461.1459,124.39612,disease,weather,1
5.1957955,21.0,15.804205,249.77289,120.662155,disease,weather,1
4.190459,33.0,28.809542,829.9897,154.92975,disease,weather,1
4.4228425,39.0,34.577156,1195.5797,159.2579,disease,weather,1
8.614543,38.0,29.385456,863.505,126.07848,disease,weather,1
9.926898,52.0,42.0731,1770.1459,135.87988,disease,weather,1
13.330285,45.0,31.669716,1002.9709,108.58756,disease,weather,1
12.694541,61.0,48.305458,2333.4172,131.09644,disease,weather,1
23.5395,47.0,23.4605,550.3951,66.51735,disease,weather,1
25.988487,46.0,20.011513,400.46063,55.596424,disease,weather,1
25.499165,67.0,41.500835,1722.3193,89.732346,disease,weather,1
41.987293,59.0,17.012707,289.4322,33.69277,disease,weather,1
55.32499,46.0,9.324989,86.95543,18.4061,disease,weather,1
52.94227,48.0,4.9422684,24.426016,9.792268,disease,weather,1
48.63411,63.0,14.3658905,206.37881,25.73746,disease,weather,1
45.419178,88.0,42.580822,1813.1263,63.83014,disease,weather,1
53.1045,65.0,11.8955,141.50293,20.144026,disease,weather,1
56.493202,60.0,3.5067978,12.29763,6.020605,disease,weather,1
64.1058,62.0,2.1057968,4.43438,3.3397305,disease,weather,1
70.7174,83.0,12.2826,150.86227,15.980755,disease,weather,1
76.67196,84.0,7.328041,53.700188,9.121742,disease,weather,1
78.60429,94.0,15.395714,237.028,17.83932,disease,weather,1
81.55118,93.0,11.448822,131.07553,13.118012,disease,weather,1
82.63057,83.0,0.36943054,0.13647893,0.44608983,disease,weather,1
81.73793,77.0,4.7379303,22.447983,5.9694996,disease,weather,1
79.92965,45.0,34.92965,1220.0804,55.918907,disease,weather,1
75.691925,54.0,21.691925,470.5396,33.451466,disease,weather,1
72.84555,77.0,4.1544495,17.25945,5.5449753,disease,weather,1
74.264885,64.0,10.264885,105.36787,14.848145,disease,weather,1
76.11978,30.0,46.11978,2127.0342,86.920235,disease,weather,1
73.93339,90.0,16.066612,258.13602,19.601393,disease,weather,1
74.84998,75.0,0.15001678,0.022505036,0.20022264,disease,weather,1
72.98064,44.0,28.980637,839.8773,49.54775,disease,weather,1
66.938736,58.0,8.938736,79.901,14.3089905,disease,weather,1
61.629704,55.0,6.6297035,43.95297,11.368808,disease,weather,1
53.331886,60.0,6.6681137,44.46374,11.767409,disease,weather,1
46.452976,73.0,26.547024,704.74445,44.44766,disease,weather,1
52.210144,98.0,45.789856,2096.711,60.967724,disease,weather,1
64.179375,81.0,16.820625,282.93344,23.172195,disease,weather,1
68.693474,87.0,18.306526,335.1289,23.516111,disease,weather,1
71.22964,88.0,16.770363,281.24506,21.064373,disease,weather,1
74.48029,103.0,28.519707,813.37366,32.13845,disease,weather,1
80.12367,109.0,28.876328,833.8423,30.53698,disease,weather,1
84.5689,112.0,27.431099,752.4652,27.909904,disease,weather,1
86.704254,73.0,13.704254,187.80658,17.16204,disease,weather,1
89.27748,57.0,32.27748,1041.8358,44.13185,disease,weather,1
84.404785,48.0,36.404785,1325.3083,54.990135,disease,weather,1
78.266884,59.0,19.266884,371.2128,28.072155,disease,weather,1
73.706024,44.0,29.706024,882.4479,50.47494,disease,weather,1
68.2696,78.0,9.7304,94.68069,13.304748,disease,weather,1
67.066185,65.0,2.066185,4.26912,3.1290145,disease,weather,1
64.46838,59.0,5.468384,29.903221,8.85795,disease,weather,1
59.638706,61.0,1.3612938,1.8531208,2.2568111,disease,weather,1
52.596687,68.0,15.403313,237.26204,25.545168,disease,weather,1
50.737118,84.0,33.262882,1106.4193,49.37449,disease,weather,1
55.379456,46.0,9.379456,87.97419,18.503662,disease,weather,1
53.551723,67.0,13.4482765,180.85614,22.311214,disease,weather,1
53.28965,41.0,12.28965,151.03549,26.067865,disease,weather,1
51.20754,46.0,5.2075386,27.118458,10.71427,disease,weather,1
49.390694,70.0,20.609306,424.7435,34.524143,disease,weather,1
54.065372,74.0,19.934628,397.38937,31.131956,disease,weather,1
59.970665,90.0,30.029335,901.761,40.046944,disease,weather,1
63.25743,100.0,36.74257,1350.0164,45.011818,disease,weather,1
67.59858,114.0,46.40142,2153.0918,51.103287,disease,weather,1
74.53145,142.0,67.46855,4552.0054,62.317554,disease,weather,1
85.11286,108.0,22.887138,523.8211,23.70338,disease,weather,1
90.05053,126.0,35.94947,1292.3644,33.27876,disease,weather,1
94.56935,103.0,8.430649,71.075836,8.5343685,disease,weather,1
92.934425,105.0,12.065575,145.5781,12.191487,disease,weather,1
51.493603,39.0,12.493603,156.0901,27.612123,disease,weather,3
53.509827,33.0,20.509827,420.65298,47.416176,disease,weather,3
53.37202,46.0,7.3720207,54.34669,14.837215,disease,weather,3
53.258457,61.0,7.741543,59.931484,13.550933,disease,weather,3
50.549614,40.0,10.549614,111.29436,23.30129,disease,weather,3
48.694393,86.0,37.305607,1391.7083,55.392963,disease,weather,3
45.250977,85.0,39.749023,1579.9849,61.03451,disease,weather,3
41.932533,89.0,47.067467,2215.3464,71.89576,disease,weather,3
40.58981,75.0,34.41019,1184.0612,59.53845,disease,weather,3
39.55683,63.0,23.443169,549.58215,45.717422,disease,weather,3
40.41242,62.0,21.587582,466.02368,42.158134,disease,weather,3
38.04561,73.0,34.95439,1221.8094,62.955017,disease,weather,3
37.470554,71.0,33.529446,1124.2238,61.822212,disease,weather,3
35.427376,72.0,36.572624,1337.5569,68.08809,disease,weather,3
33.29041,51.0,17.70959,313.6296,42.02042,disease,weather,3
32.57432,53.0,20.425678,417.20834,47.737865,disease,weather,3
35.387356,44.0,8.612644,74.17764,21.697771,disease,weather,3
34.90159,54.0,19.098412,364.74933,42.965286,disease,weather,3
34.070152,56.0,21.929848,480.9182,48.695038,disease,weather,3
34.24634,25.0,9.246342,85.494835,31.213205,disease,weather,3
34.745544,42.0,7.2544556,52.627125,18.905216,disease,weather,3
32.36285,21.999998,10.362852,107.3887,38.12476,disease,weather,3
31.090542,32.0,0.90945816,0.82711416,2.8830254,disease,weather,3
30.219782,20.0,10.219782,104.44394,40.700226,disease,weather,3
28.485764,40.0,11.514236,132.57764,33.6252,disease,weather,3
28.390871,25.0,3.390871,11.498007,12.7020645,disease,weather,3
29.027182,34.0,4.9728184,24.728922,15.779917,disease,weather,3
27.726261,43.0,15.273739,233.2871,43.19114,disease,weather,3
25.008282,34.0,8.991718,80.851,30.476124,disease,weather,3
24.138992,16.999998,7.138994,50.965237,34.706707,disease,weather,3
22.97048,35.0,12.02952,144.70935,41.502224,disease,weather,3
22.43115,41.0,18.56885,344.8022,58.548046,disease,weather,3
20.865942,42.0,21.134058,446.6484,67.23531,disease,weather,3
20.227646,42.0,21.772354,474.0354,69.97646,disease,weather,3
19.744734,35.0,15.255266,232.72314,55.732357,disease,weather,3
19.318466,30.0,10.681534,114.09516,43.31657,disease,weather,3
19.56215,26.999998,7.437849,55.321598,31.948048,disease,weather,3
19.52282,24.0,4.4771805,20.045145,20.573946,disease,weather,3
18.729504,34.0,15.270496,233.18806,57.92012,disease,weather,3
18.660236,40.0,21.339764,455.3855,72.757164,disease,weather,3
18.61659,21.0,2.3834095,5.6806407,12.03238,disease,weather,3
19.435057,11.000003,8.435054,71.15013,55.42985,disease,weather,3
20.392372,24.0,3.6076279,13.014978,16.253368,disease,weather,3
21.444447,21.999998,0.5555515,0.3086375,2.5575264,disease,weather,3
22.251122,21.999998,0.25112343,0.06306297,1.1349924,disease,weather,3
22.83778,29.0,6.16222,37.972954,23.775015,disease,weather,3
23.112215,32.0,8.887785,78.99272,32.253414,disease,weather,3
23.57475,32.0,8.425249,70.984825,30.320421,disease,weather,3
23.646116,31.0,7.3538837,54.079605,26.91457,disease,weather,3
24.319262,27.999998,3.6807365,13.547821,14.070293,disease,weather,3
24.638092,15.999999,8.638093,74.61665,42.512295,disease,weather,3
26.761044,26.0,0.76104355,0.5791873,2.8848693,disease,weather,3
25.695751,35.0,9.304249,86.569046,30.65865,disease,weather,3
25.423122,33.0,7.5768776,57.409073,25.937943,disease,weather,3
24.43243,21.999998,2.4324322,5.916726,10.4773,disease,weather,3
24.73576,29.0,4.2642403,18.183744,15.871145,disease,weather,3
20.798285,34.0,13.201715,174.2853,48.18295,disease,weather,3
20.652937,25.0,4.347063,18.896957,19.043957,disease,weather,3
22.43561,30.0,7.56439,57.219997,28.852112,disease,weather,3
21.199982,33.0,11.800018,139.24043,43.542515,disease,weather,3
21.6246,30.0,8.375401,70.14733,32.447323,disease,weather,3
20.382801,27.999998,7.617197,58.02169,31.487211,disease,weather,3
20.269648,32.0,11.730352,137.60117,44.883995,disease,weather,3
19.679672,41.0,21.320328,454.55637,70.27173,disease,weather,3
18.421331,26.0,7.5786686,57.43622,34.12175,disease,weather,3
18.798063,26.999998,8.201935,67.271736,35.817825,disease,weather,3
18.510681,42.0,23.489319,551.7481,77.63693,disease,weather,3
18.597456,35.0,16.402544,269.04346,61.206425,disease,weather,3
18.737198,34.0,15.262802,232.95312,57.882492,disease,weather,3
19.043306,33.0,13.956694,194.78929,53.634922,disease,weather,3
19.609,38.0,18.391,338.2289,63.847668,disease,weather,3
19.941475,24.0,4.058525,16.471626,18.472412,disease,weather,3
19.896418,25.0,5.1035824,26.046553,22.73492,disease,weather,3
19.775133,46.0,26.224867,687.74365,79.740974,disease,weather,3
20.798605,40.0,19.201395,368.69357,63.16393,disease,weather,3
22.409098,13.999999,8.409099,70.71294,46.1923,disease,weather,3
26.884737,-1.2389615e-06,26.884739,722.7892,200.0,disease,weather,3
26.025507,-1.2389615e-06,26.025509,677.3271,200.0,disease,weather,3
24.831244,2.9999988,21.831245,476.60327,156.88301,disease,weather,3
24.673279,3.9999988,20.67328,427.38452,144.19894,disease,weather,3
22.754992,2.9999988,19.754993,390.25977,153.40712,disease,weather,3
21.336935,2.9999988,18.336937,336.24326,150.69226,disease,weather,3
19.83888,-1.2389615e-06,19.838882,393.58127,200.0,disease,weather,3
19.05194,44.0,24.94806,622.40564,79.13494,disease,weather,3
19.149485,44.0,24.850515,617.5481,78.70378,disease,weather,3
19.402573,31.0,11.597427,134.50032,46.019188,disease,weather,3
19.553356,26.999998,7.446642,55.452477,31.99186,disease,weather,3
19.427595,50.0,30.572405,934.67194,88.06989,disease,weather,3
19.803303,39.0,19.196697,368.51318,65.29122,disease,weather,3
20.41402,-1.2389615e-06,20.414022,416.7323,200.0,disease,weather,3
20.212236,-1.2389615e-06,20.212238,408.53458,200.0,disease,weather,3
21.031069,33.0,11.968931,143.25531,44.303886,disease,weather,3
21.457436,38.0,16.542564,273.65643,55.645065,disease,weather,3
21.893675,31.0,9.106325,82.925156,34.432568,disease,weather,3
22.539171,34.0,11.460829,131.3506,40.5412,disease,weather,3
23.472548,20.0,3.4725475,12.058586,15.975817,disease,weather,3
27.267166,21.0,6.267166,39.27737,25.968653,disease,weather,3
27.614664,37.0,9.385336,88.08453,29.050175,disease,weather,3
27.750507,21.999998,5.7505093,33.068356,23.117392,disease,weather,3
26.648691,46.0,19.351309,374.47314,53.27366,disease,weather,3
25.506824,26.0,0.4931755,0.24322209,1.9149909,disease,weather,3
24.985594,31.0,6.014406,36.17308,21.48555,disease,weather,3
22.66241,32.0,9.337589,87.190575,34.164574,disease,weather,3
25.07089,23.0,2.0708904,4.288587,8.615985,disease,weather,3
26.552599,23.0,3.552599,12.620959,14.338699,disease,weather,3
23.614325,32.0,8.385675,70.31955,30.156528,disease,weather,3
27.251472,30.0,2.7485275,7.554404,9.601596,disease,weather,3
31.784462,26.999998,4.784464,22.891094,16.277988,disease,weather,3
36.864517,26.999998,9.864519,97.30874,30.892017,disease,weather,3
37.56216,36.0,1.5621605,2.4403453,4.2471848,disease,weather,3
40.378143,33.0,7.3781433,54.437,20.109922,disease,weather,3
42.57429,39.0,3.5742912,12.7755575,8.763278,disease,weather,3
44.39267,37.0,7.3926697,54.651566,18.165443,disease,weather,3
44.854923,44.0,0.85492325,0.73089373,1.9243127,disease,weather,3
45.154095,27.999998,17.154097,294.26303,46.89853,disease,weather,3
45.909492,32.0,13.9094925,193.47398,35.7068,disease,weather,3
45.279385,34.0,11.279385,127.22452,28.454771,disease,weather,3
43.048454,26.999998,16.048456,257.55295,45.821014,disease,weather,3
47.47896,25.0,22.478958,505.30356,62.02892,disease,weather,3
46.79524,59.0,12.2047615,148.9562,23.07242,disease,weather,3
42.03694,56.0,13.963058,194.967,28.485302,disease,weather,3
39.18015,39.0,0.18014908,0.03245369,0.46085635,disease,weather,3
41.938007,40.0,1.9380074,3.7558725,4.7304235,disease,weather,3
48.596786,42.0,6.5967865,43.517593,14.562959,disease,weather,3
50.00737,49.0,1.00737,1.0147943,2.0349395,disease,weather,3
48.41856,41.0,7.41856,55.035034,16.592886,disease,weather,3
44.338562,31.0,13.338562,177.91724,35.409653,disease,weather,3
41.165047,36.0,5.1650467,26.677708,13.387011,disease,weather,3
37.39832,48.0,10.601681,112.39564,24.828781,disease,weather,3
35.356426,48.0,12.643574,159.85995,30.336168,disease,weather,3
34.58275,65.0,30.417252,925.20917,61.0894,disease,weather,3
36.603104,68.0,31.396896,985.7651,60.030525,disease,weather,3
37.45068,8.999999,28.45068,809.44116,122.49844,disease,weather,3
37.118607,7.9999986,29.118608,847.8934,129.07584,disease,weather,3
37.643147,11.999999,25.643147,657.571,103.30992,disease,weather,3
34.257126,15.999999,18.257126,333.32263,72.65488,disease,weather,3
31.703959,30.0,1.7039585,2.9034746,5.523012,disease,weather,3
30.416271,18.0,12.416271,154.16379,51.289665,disease,weather,3
30.543537,8.999999,21.543537,464.124,108.961105,disease,weather,3
29.843315,27.999998,1.843317,3.3978176,6.3734837,disease,weather,3
27.813374,30.0,2.1866264,4.7813354,7.564431,disease,weather,3
26.596878,38.0,11.403122,130.03119,35.30549,disease,weather,3
25.462679,34.0,8.537321,72.88585,28.71489,disease,weather,3
24.812334,32.0,7.187666,51.66254,25.303188,disease,weather,3
25.301727,36.0,10.698273,114.45304,34.903656,disease,weather,3
25.940384,46.0,20.059616,402.38818,55.767334,disease,weather,3
26.107225,46.0,19.892775,395.72247,55.175537,disease,weather,3
25.09084,19.0,6.0908394,37.098324,27.628595,disease,weather,3
23.847548,53.0,29.152452,849.8655,75.87087,disease,weather,3
22.621372,23.0,0.37862778,0.14335899,1.6598701,disease,weather,3
23.529287,25.0,1.4707127,2.1629958,6.0611343,disease,weather,3
26.395422,35.0,8.604578,74.038765,28.030031,disease,weather,3
25.947456,21.999998,3.9474583,15.582427,16.465767,disease,weather,3
23.39154,21.0,2.3915405,5.719466,10.774757,disease,weather,3
20.32599,37.0,16.67401,278.02258,58.1726,disease,weather,3
18.575356,23.0,4.4246445,19.577478,21.284939,disease,weather,3
19.429714,30.0,10.570286,111.73094,42.76895,disease,weather,3
21.473879,18.0,3.4738789,12.067834,17.6009,disease,weather,3
23.378485,43.0,19.621515,385.00388,59.120106,disease,weather,3
26.438192,25.0,1.4381924,2.0683973,5.591924,disease,weather,3
28.516607,15.000001,13.516606,182.69865,62.1216,disease,weather,3
30.426731,16.999998,13.426733,180.27716,56.620956,disease,weather,3
28.607834,4.9999986,23.607836,557.3299,140.49008,disease,weather,3
24.094156,8.999999,15.094157,227.83359,91.21948,disease,weather,3
23.270756,18.0,5.270756,27.780867,25.542328,disease,weather,3
20.182837,9.999999,10.1828375,103.69018,67.47436,disease,weather,3
16.258316,9.999999,6.258317,39.16653,47.667316,disease,weather,3
12.066516,27.999998,15.933482,253.87585,79.53516,disease,weather,3
8.0553465,21.0,12.9446535,167.56406,89.10342,disease,weather,3
4.6820855,33.0,28.317915,801.9043,150.29909,disease,weather,3
3.2258327,39.0,35.774166,1279.791,169.44208,disease,weather,3
3.8535106,38.0,34.14649,1165.9827,163.17143,disease,weather,3
5.7237916,52.0,46.276207,2141.4873,160.33669,disease,weather,3
7.797789,45.0,37.20221,1384.0044,140.92336,disease,weather,3
9.958766,61.0,51.041233,2605.2075,143.86168,disease,weather,3
10.839969,47.0,36.16003,1307.5479,125.03475,disease,weather,3
12.936408,46.0,33.06359,1093.201,112.200905,disease,weather,3
19.017206,67.0,47.982796,2302.3486,111.565575,disease,weather,3
26.396818,59.0,32.60318,1062.9673,76.356895,disease,weather,3
50.30446,46.0,4.3044586,18.528364,8.939271,disease,weather,3
62.02526,48.0,14.025261,196.70795,25.49462,disease,weather,3
48.572018,63.0,14.427982,208.16667,25.863085,disease,weather,3
38.81889,88.0,49.18111,2418.7817,77.56117,disease,weather,3
40.102665,65.0,24.897335,619.8773,47.37717,disease,weather,3
57.57586,60.0,2.424141,5.876459,4.123535,disease,weather,3
58.168964,62.0,3.8310356,14.676834,6.3760815,disease,weather,3
62.960304,83.0,20.039696,401.58942,27.459106,disease,weather,3
73.93662,84.0,10.063377,101.27156,12.743566,disease,weather,3
80.65093,94.0,13.349068,178.1976,15.286568,disease,weather,3
85.16725,93.0,7.8327484,61.351948,8.79258,disease,weather,3
86.92964,83.0,3.9296417,15.442084,4.625022,disease,weather,3
92.727646,77.0,15.727646,247.35884,18.532804,disease,weather,3
96.23149,45.0,51.23149,2624.6658,72.54967,disease,weather,3
100.72665,54.0,46.726646,2183.3794,60.39896,disease,weather,3
102.3089,77.0,25.308899,640.54034,28.229385,disease,weather,3
98.72981,64.0,34.729813,1206.1599,42.684017,disease,weather,3
86.801414,30.0,56.801414,3226.4006,97.26152,disease,weather,3
81.78698,90.0,8.21302,67.453705,9.561866,disease,weather,3
83.174355,75.0,8.174355,66.820076,10.335879,disease,weather,3
86.01599,44.0,42.01599,1765.3435,64.632034,disease,weather,3
82.659096,58.0,24.659096,608.071,35.062214,disease,weather,3
85.30018,55.0,30.300179,918.1008,43.19336,disease,weather,3
76.9281,60.0,16.9281,286.56058,24.725533,disease,weather,3
69.47759,73.0,3.5224075,12.407354,4.944507,disease,weather,3
43.81736,98.0,54.18264,2935.7585,76.41186,disease,weather,3
46.012383,81.0,34.987617,1224.1334,55.09324,disease,weather,3
56.223583,87.0,30.776417,947.1878,42.97674,disease,weather,3
55.578728,88.0,32.421272,1051.1389,45.161663,disease,weather,3
53.911087,103.0,49.088913,2409.7214,62.56908,disease,weather,3
47.254086,109.0,61.745914,3812.5579,79.0327,disease,weather,3
43.914196,112.0,68.0858,4635.6763,87.337524,disease,weather,3
49.852753,73.0,23.147247,535.79504,37.68291,disease,weather,3
79.14855,57.0,22.148552,490.55835,32.53586,disease,weather,3
93.24186,48.0,45.24186,2046.8258,64.062965,disease,weather,3
103.01882,59.0,44.01882,1937.6566,54.337906,disease,weather,3
105.614845,44.0,61.614845,3796.3892,82.36462,disease,weather,3
105.94347,78.0,27.943466,780.8373,30.38267,disease,weather,3
105.03032,65.0,40.03032,1602.4265,47.086098,disease,weather,3
101.6566,59.0,42.6566,1819.5856,53.102833,disease,weather,3
94.36613,61.0,33.366127,1113.2985,42.951614,disease,weather,3
87.0654,68.0,19.0654,363.48944,24.59014,disease,weather,3
71.638916,84.0,12.361084,152.7964,15.88431,disease,weather,3
54.0789,46.0,8.078899,65.268616,16.14506,disease,weather,3
43.054413,67.0,23.945587,573.3912,43.515907,disease,weather,3
38.535755,41.0,2.4642448,6.0725026,6.1965714,disease,weather,3
36.87879,46.0,9.121208,83.19644,22.010958,disease,weather,3
36.905678,70.0,33.094322,1095.2341,61.91312,disease,weather,3
51.5289,74.0,22.4711,504.95032,35.802273,disease,weather,3
69.66806,90.0,20.33194,413.3878,25.46776,disease,weather,3
66.020035,100.0,33.979965,1154.6381,40.934776,disease,weather,3
59.102943,114.0,54.897057,3013.6868,63.427067,disease,weather,3
55.81993,142.0,86.18007,7427.0044,87.129814,disease,weather,3
53.85351,108.0,54.14649,2931.8423,66.90801,disease,weather,3
57.63773,126.0,68.362274,4673.4004,74.45341,disease,weather,3
67.42133,103.0,35.578667,1265.8416,41.753773,disease,weather,3
73.03949,105.0,31.96051,1021.47424,35.90272,disease,weather,3
40.930233,45.0,4.069767,16.563004,9.472259,disease,weather_lag3,1
44.043297,36.0,8.043297,64.694626,20.097364,disease,weather_lag3,1
40.69073,39.0,1.690731,2.8585715,4.2432313,disease,weather_lag3,1
42.671272,33.0,9.671272,93.53351,25.56128,disease,weather_lag3,1
39.873264,46.0,6.1267357,37.536892,14.269251,disease,weather_lag3,1
41.683872,61.0,19.316128,373.1128,37.622517,disease,weather_lag3,1
43.530228,40.0,3.5302277,12.462507,8.452575,disease,weather_lag3,1
41.820923,86.0,44.179077,1951.7909,69.12652,disease,weather_lag3,1
41.627502,85.0,43.372498,1881.1736,68.504074,disease,weather_lag3,1
42.27656,89.0,46.72344,2183.0796,71.18321,disease,weather_lag3,1
43.106873,75.0,31.893127,1017.1716,54.007233,disease,weather_lag3,1
40.226685,63.0,22.773315,518.6239,44.12292,disease,weather_lag3,1
36.894085,62.0,25.105915,630.30695,50.773342,disease,weather_lag3,1
34.848915,73.0,38.151085,1455.5052,70.74913,disease,weather_lag3,1
33.549747,71.0,37.450253,1402.5214,71.64102,disease,weather_lag3,1
26.522772,72.0,45.477226,2068.1782,92.3182,disease,weather_lag3,1
30.77194,51.0,20.22806,409.1744,49.474327,disease,weather_lag3,1
31.915873,53.0,21.084127,444.54044,49.658863,disease,weather_lag3,1
32.080833,44.0,11.919167,142.06653,31.332901,disease,weather_lag3,1
33.245033,54.0,20.754967,430.76865,47.578564,disease,weather_lag3,1
35.87995,56.0,20.120049,404.81635,43.796383,disease,weather_lag3,1
36.766685,25.0,11.7666855,138.45488,38.100426,disease,weather_lag3,1
35.368156,42.0,6.6318436,43.98135,17.1436,disease,weather_lag3,1
35.33973,21.999998,13.339731,177.94843,46.528755,disease,weather_lag3,1
36.05898,32.0,4.058979,16.475311,11.927829,disease,weather_lag3,1
36.382435,20.0,16.382435,268.3842,58.11184,disease,weather_lag3,1
37.53062,40.0,2.4693794,6.0978346,6.370075,disease,weather_lag3,1
38.021175,25.0,13.021175,169.55101,41.323177,disease,weather_lag3,1
36.78778,34.0,2.7877808,7.7717214,7.8764462,disease,weather_lag3,1
35.10427,43.0,7.895729,62.342537,20.21843,disease,weather_lag3,1
32.604748,34.0,1.3952522,1.9467288,4.1896477,disease,weather_lag3,1
26.624842,16.999998,9.624844,92.63761,44.12552,disease,weather_lag3,1
22.210617,35.0,12.789383,163.56831,44.709824,disease,weather_lag3,1
18.768244,41.0,22.231756,494.25098,74.3932,disease,weather_lag3,1
19.300804,42.0,22.699196,515.2535,74.058395,disease,weather_lag3,1
17.681839,42.0,24.318161,591.3729,81.49267,disease,weather_lag3,1
18.752148,35.0,16.247852,263.9927,60.45471,disease,weather_lag3,1
19.452696,30.0,10.547304,111.24563,42.65613,disease,weather_lag3,1
18.625132,26.999998,8.3748665,70.13839,36.71164,disease,weather_lag3,1
17.583971,24.0,6.416029,41.16543,30.858187,disease,weather_lag3,1
16.617674,34.0,17.382326,302.14526,68.680855,disease,weather_lag3,1
16.678246,40.0,23.321754,543.90424,82.29526,disease,weather_lag3,1
19.46468,21.0,1.5353203,2.3572083,7.588446,disease,weather_lag3,1
21.67692,11.000003,10.676917,113.99656,65.348366,disease,weather_lag3,1
22.548481,24.0,1.451519,2.1069074,6.23659,disease,weather_lag3,1
24.5392,21.999998,2.5392017,6.4475455,10.912099,disease,weather_lag3,1
24.448309,21.999998,2.4483109,5.994226,10.5420885,disease,weather_lag3,1
25.430214,29.0,3.569786,12.743373,13.116929,disease,weather_lag3,1
25.335434,32.0,6.664566,44.41644,23.247633,disease,weather_lag3,1
27.556358,32.0,4.4436417,19.74595,14.922476,disease,weather_lag3,1
27.791082,31.0,3.2089176,10.2971525,10.916341,disease,weather_lag3,1
30.236403,27.999998,2.2364044,5.001505,7.6804347,disease,weather_lag3,1
32.978405,15.999999,16.978405,288.26624,69.33017,disease,weather_lag3,1
36.011692,26.0,10.011692,100.23398,32.289692,disease,weather_lag3,1
36.57973,35.0,1.579731,2.49555,4.413906,disease,weather_lag3,1
33.928444,33.0,0.9284439,0.8620081,2.7744374,disease,weather_lag3,1
22.791258,21.999998,0.79125977,0.626092,3.5330992,disease,weather_lag3,1
20.965347,29.0,8.034653,64.55564,32.1609,disease,weather_lag3,1
22.393091,34.0,11.606909,134.72034,41.164295,disease,weather_lag3,1
23.342829,25.0,1.6571712,2.7462165,6.855914,disease,weather_lag3,1
25.429781,30.0,4.570219,20.886902,16.490122,disease,weather_lag3,1
28.772137,33.0,4.2278633,17.874828,13.688578,disease,weather_lag3,1
26.570747,30.0,3.4292526,11.759773,12.123767,disease,weather_lag3,1
28.909517,27.999998,0.9095192,0.82722515,3.1963694,disease,weather_lag3,1
18.793503,32.0,13.206497,174.41158,52.000732,disease,weather_lag3,1
19.060055,41.0,21.939945,481.3612,73.06002,disease,weather_lag3,1
18.614979,26.0,7.385021,54.53854,33.10557,disease,weather_lag3,1
17.033075,26.999998,9.966923,99.33955,45.270164,disease,weather_lag3,1
16.633242,42.0,25.366758,643.4724,86.526886,disease,weather_lag3,1
17.704071,35.0,17.295929,299.14917,65.63413,disease,weather_lag3,1
16.227245,34.0,17.772755,315.87082,70.76938,disease,weather_lag3,1
17.267454,33.0,15.732546,247.513,62.595356,disease,weather_lag3,1
16.64703,38.0,21.35297,455.94934,78.14869,disease,weather_lag3,1
16.948158,24.0,7.0518417,49.728474,34.44278,disease,weather_lag3,1
16.439913,25.0,8.560087,73.27509,41.31325,disease,weather_lag3,1
16.986483,46.0,29.013517,841.7842,92.126175,disease,weather_lag3,1
18.348658,40.0,21.651342,468.78064,74.21368,disease,weather_lag3,1
18.044306,13.999999,4.0443068,16.356417,25.24197,disease,weather_lag3,1
16.720602,-1.2389615e-06,16.720604,279.57858,200.0,disease,weather_lag3,1
17.47474,-1.2389615e-06,17.474741,305.36658,200.0,disease,weather_lag3,1
18.54016,2.9999988,15.54016,241.49658,144.29013,disease,weather_lag3,1
19.513071,3.9999988,15.513072,240.65541,131.95276,disease,weather_lag3,1
19.519463,2.9999988,16.519464,272.8927,146.7128,disease,weather_lag3,1
20.3814,2.9999988,17.381401,302.1131,148.67719,disease,weather_lag3,1
21.469337,-1.2389615e-06,21.46934,460.93253,200.0,disease,weather_lag3,1
22.429407,44.0,21.570593,465.29047,64.94291,disease,weather_lag3,1
25.017614,44.0,18.982386,360.33096,55.007362,disease,weather_lag3,1
27.15461,31.0,3.8453903,14.787026,13.224713,disease,weather_lag3,1
25.959251,26.999998,1.0407467,1.0831537,3.930368,disease,weather_lag3,1
22.506649,50.0,27.493351,755.88434,75.83677,disease,weather_lag3,1
20.853863,39.0,18.146137,329.2823,60.63481,disease,weather_lag3,1
20.494385,-1.2389615e-06,20.494387,420.0199,200.0,disease,weather_lag3,1
19.090302,-1.2389615e-06,19.090303,364.4397,200.0,disease,weather_lag3,1
17.841072,33.0,15.158928,229.79309,59.632607,disease,weather_lag3,1
18.644932,38.0,19.355068,374.61865,68.33822,disease,weather_lag3,1
22.14714,31.0,8.8528595,78.37312,33.31453,disease,weather_lag3,1
24.778658,34.0,9.221342,85.03315,31.3765,disease,weather_lag3,1
25.619871,20.0,5.619871,31.582952,24.63782,disease,weather_lag3,1
25.40941,21.0,4.4094105,19.442902,19.002226,disease,weather_lag3,1
24.450865,37.0,12.549135,157.48079,40.842827,disease,weather_lag3,1
25.818966,21.999998,3.8189678,14.584516,15.972609,disease,weather_lag3,1
25.046867,46.0,20.953133,439.03375,58.983974,disease,weather_lag3,1
25.056604,26.0,0.9433956,0.8899953,3.6954892,disease,weather_lag3,1
24.171541,31.0,6.828459,46.62785,24.753555,disease,weather_lag3,1
23.353712,32.0,8.646288,74.75829,31.240135,disease,weather_lag3,1
21.394373,23.0,1.6056271,2.5780382,7.2334714,disease,weather_lag3,1
21.458746,23.0,1.541254,2.375464,6.933412,disease,weather_lag3,1
20.981754,32.0,11.018246,121.40174,41.592606,disease,weather_lag3,1
22.217861,30.0,7.782139,60.561684,29.806427,disease,weather_lag3,1
22.908253,26.999998,4.0917454,16.74238,16.397072,disease,weather_lag3,1
23.763666,26.999998,3.236332,10.473845,12.750584,disease,weather_lag3,1
24.52381,36.0,11.476191,131.70296,37.922894,disease,weather_lag3,1
25.82496,33.0,7.1750393,51.48119,24.39454,disease,weather_lag3,1
27.237226,39.0,11.7627735,138.36284,35.517105,disease,weather_lag3,1
29.584135,37.0,7.415865,54.995052,22.275171,disease,weather_lag3,1
31.45421,44.0,12.54579,157.39684,33.254047,disease,weather_lag3,1
32.135044,27.999998,4.135046,17.098606,13.752535,disease,weather_lag3,1
25.770758,32.0,6.2292423,38.80346,21.56538,disease,weather_lag3,1
26.347729,34.0,7.6522713,58.557255,25.360594,disease,weather_lag3,1
28.698364,26.999998,1.6983662,2.8844476,6.0984416,disease,weather_lag3,1
27.319641,25.0,2.319641,5.380735,8.86719,disease,weather_lag3,1
27.033197,59.0,31.966803,1021.87646,74.31271,disease,weather_lag3,1
31.111897,56.0,24.888103,619.4177,57.14054,disease,weather_lag3,1
37.938145,39.0,1.0618553,1.1275367,2.7602832,disease,weather_lag3,1
43.346268,40.0,3.3462677,11.197508,8.029797,disease,weather_lag3,1
46.635742,42.0,4.635742,21.490105,10.46021,disease,weather_lag3,1
46.003654,49.0,2.9963455,8.978086,6.307853,disease,weather_lag3,1
45.466267,41.0,4.4662666,19.947538,10.330657,disease,weather_lag3,1
43.52327,31.0,12.52327,156.83228,33.609016,disease,weather_lag3,1
38.345592,36.0,2.3455925,5.5018044,6.3099704,disease,weather_lag3,1
32.770798,48.0,15.229202,231.9286,37.709675,disease,weather_lag3,1
35.24561,48.0,12.754391,162.67448,30.642796,disease,weather_lag3,1
39.15623,65.0,25.84377,667.9004,49.625008,disease,weather_lag3,1
41.96481,68.0,26.03519,677.8312,47.351856,disease,weather_lag3,1
45.473415,8.999999,36.473415,1330.31,133.91272,disease,weather_lag3,1
37.94152,7.9999986,29.941523,896.49475,130.34624,disease,weather_lag3,1
25.356495,11.999999,13.356496,178.39598,71.50829,disease,weather_lag3,1
21.816391,15.999999,5.816392,33.830414,30.76122,disease,weather_lag3,1
22.689886,30.0,7.310114,53.437767,27.74769,disease,weather_lag3,1
25.250593,18.0,7.250593,52.571102,33.528294,disease,weather_lag3,1
25.11868,8.999999,16.11868,259.81183,94.48595,disease,weather_lag3,1
23.772797,27.999998,4.2272015,17.869232,16.329817,disease,weather_lag3,1
23.580065,30.0,6.419935,41.21557,23.963896,disease,weather_lag3,1
21.091473,38.0,16.908527,285.8983,57.228313,disease,weather_lag3,1
24.251219,34.0,9.748781,95.038734,33.471508,disease,weather_lag3,1
24.458427,32.0,7.5415726,56.875317,26.71549,disease,weather_lag3,1
21.29737,36.0,14.702629,216.1673,51.320435,disease,weather_lag3,1
20.660086,46.0,25.339914,642.11127,76.027245,disease,weather_lag3,1
21.731049,46.0,24.268951,588.982,71.662704,disease,weather_lag3,1
20.882143,19.0,1.882143,3.5424623,9.438525,disease,weather_lag3,1
22.030863,53.0,30.969137,959.08746,82.5504,disease,weather_lag3,1
23.784496,23.0,0.7844963,0.61543447,3.3536594,disease,weather_lag3,1
25.97629,25.0,0.97628975,0.9531417,3.830368,disease,weather_lag3,1
25.40254,35.0,9.59746,92.11124,31.77833,disease,weather_lag3,1
22.783112,21.999998,0.7831135,0.6132667,3.4973607,disease,weather_lag3,1
18.866959,21.0,2.1330414,4.5498657,10.700798,disease,weather_lag3,1
15.395921,37.0,21.60408,466.73627,82.464745,disease,weather_lag3,1
14.095876,23.0,8.904124,79.28343,48.00601,disease,weather_lag3,1
13.869655,30.0,16.130344,260.18802,73.5376,disease,weather_lag3,1
14.3402815,18.0,3.6597185,13.393539,22.63257,disease,weather_lag3,1
15.047973,43.0,27.952026,781.3158,96.30664,disease,weather_lag3,1
15.940949,25.0,9.059051,82.0664,44.254227,disease,weather_lag3,1
16.64567,15.000001,1.645669,2.7082264,10.400594,disease,weather_lag3,1
15.592761,16.999998,1.407237,1.9803162,8.635274,disease,weather_lag3,1
17.730316,4.9999986,12.730318,162.061,112.01181,disease,weather_lag3,1
17.966108,8.999999,8.966109,80.39111,66.4991,disease,weather_lag3,1
14.967139,18.0,3.0328608,9.198244,18.399296,disease,weather_lag3,1
12.174937,9.999999,2.1749382,4.730356,19.616184,disease,weather_lag3,1
9.279246,9.999999,0.7207527,0.51948446,7.47698,disease,weather_lag3,1
7.771357,27.999998,20.228642,409.19794,113.09967,disease,weather_lag3,1
6.459681,21.0,14.540319,211.42088,105.90305,disease,weather_lag3,1
7.0809426,33.0,25.919058,671.79755,129.33357,disease,weather_lag3,1
7.6542115,39.0,31.345789,982.5585,134.37495,disease,weather_lag3,1
9.017066,38.0,28.982933,840.01044,123.286865,disease,weather_lag3,1
8.980853,52.0,43.019146,1850.647,141.09067,disease,weather_lag3,1
11.276519,45.0,33.72348,1137.2731,119.849205,disease,weather_lag3,1
10.82767,61.0,50.17233,2517.2627,139.70197,disease,weather_lag3,1
14.983409,47.0,32.01659,1025.062,103.30696,disease,weather_lag3,1
15.78958,46.0,30.210419,912.6694,97.78483,disease,weather_lag3,1
15.405417,67.0,51.59458,2662.0007,125.22134,disease,weather_lag3,1
18.251797,59.0,40.748203,1660.416,105.494514,disease,weather_lag3,1
20.745415,46.0,25.254585,637.79407,75.67437,disease,weather_lag3,1
20.743649,48.0,27.256351,742.9087,79.29852,disease,weather_lag3,1
22.478674,63.0,40.521324,1641.9777,94.81036,disease,weather_lag3,1
31.76914,88.0,56.230858,3161.9094,93.898735,disease,weather_lag3,1
46.797,65.0,18.203,331.34918,32.56438,disease,weather_lag3,1
57.687107,60.0,2.312893,5.3494735,3.9305801,disease,weather_lag3,1
60.775494,62.0,1.2245064,1.4994159,1.994708,disease,weather_lag3,1
60.12567,83.0,22.874329,523.2349,31.963978,disease,weather_lag3,1
64.018456,84.0,19.981544,399.26212,26.99872,disease,weather_lag3,1
65.46806,94.0,28.531937,814.0714,35.783886,disease,weather_lag3,1
68.840866,93.0,24.159134,583.66376,29.85542,disease,weather_lag3,1
70.062355,83.0,12.937645,167.38266,16.905066,disease,weather_lag3,1
70.89301,77.0,6.106987,37.29529,8.258656,disease,weather_lag3,1
72.19447,45.0,27.194473,739.53937,46.409138,disease,weather_lag3,1
69.24003,54.0,15.240028,232.25847,24.732271,disease,weather_lag3,1
66.87581,77.0,10.124191,102.49925,14.073515,disease,weather_lag3,1
68.16382,64.0,4.1638184,17.337383,6.3009953,disease,weather_lag3,1
67.9544,30.0,37.9544,1440.5364,77.49402,disease,weather_lag3,1
57.39598,90.0,32.60402,1063.0221,44.24004,disease,weather_lag3,1
58.044308,75.0,16.955692,287.4955,25.48879,disease,weather_lag3,1
61.045017,44.0,17.045017,290.53262,32.452785,disease,weather_lag3,1
55.825718,58.0,2.174282,4.7275023,3.8203704,disease,weather_lag3,1
50.62313,55.0,4.376869,19.156984,8.28771,disease,weather_lag3,1
50.019215,60.0,9.980785,99.61607,18.143713,disease,weather_lag3,1
54.363052,73.0,18.636948,347.33582,29.265863,disease,weather_lag3,1
58.979458,98.0,39.020542,1522.6027,49.714203,disease,weather_lag3,1
65.74617,81.0,15.25383,232.67932,20.789408,disease,weather_lag3,1
67.57833,87.0,19.421669,377.20123,25.128578,disease,weather_lag3,1
70.90931,88.0,17.09069,292.0917,21.509995,disease,weather_lag3,1
74.58058,103.0,28.419418,807.6633,32.007347,disease,weather_lag3,1
80.58896,109.0,28.411041,807.18726,29.971197,disease,weather_lag3,1
82.880394,112.0,29.119606,847.9515,29.884592,disease,weather_lag3,1
82.53545,73.0,9.535454,90.92488,12.261454,disease,weather_lag3,1
77.70091,57.0,20.700912,428.52777,30.736113,disease,weather_lag3,1
73.24903,48.0,25.249031,637.51355,41.648216,disease,weather_lag3,1
67.10357,59.0,8.103569,65.66783,12.852244,disease,weather_lag3,1
65.20634,44.0,21.206337,449.70874,38.837193,disease,weather_lag3,1
62.71577,78.0,15.284229,233.60767,21.723547,disease,weather_lag3,1
66.650024,65.0,1.6500244,2.7225807,2.506683,disease,weather_lag3,1
65.653534,59.0,6.653534,44.269512,10.675243,disease,weather_lag3,1
61.43401,61.0,0.43400955,0.1883643,0.708969,disease,weather_lag3,1
58.040478,68.0,9.959522,99.192085,15.803689,disease,weather_lag3,1
56.563934,84.0,27.436066,752.7377,39.037136,disease,weather_lag3,1
60.97621,46.0,14.976212,224.28691,27.999146,disease,weather_lag3,1
57.13352,67.0,9.866482,97.347466,15.8965645,disease,weather_lag3,1
52.525513,41.0,11.525513,132.83745,24.646778,disease,weather_lag3,1
51.30545,46.0,5.3054504,28.147804,10.904735,disease,weather_lag3,1
52.911377,70.0,17.088623,292.02103,27.806414,disease,weather_lag3,1
57.70813,74.0,16.29187,265.42502,24.739353,disease,weather_lag3,1
64.91475,90.0,25.08525,629.26984,32.385876,disease,weather_lag3,1
66.298325,100.0,33.701675,1135.803,40.531586,disease,weather_lag3,1
69.48906,114.0,44.51094,1981.2239,48.51618,disease,weather_lag3,1
74.51976,142.0,67.48024,4553.583,62.33171,disease,weather_lag3,1
84.4696,108.0,23.530403,553.6799,24.451033,disease,weather_lag3,1
92.3894,126.0,33.610603,1129.6726,30.780434,disease,weather_lag3,1
101.79327,103.0,1.2067337,1.4562062,1.1784897,disease,weather_lag3,1
102.93319,105.0,2.0668106,4.271706,1.9879563,disease,weather_lag3,1
49.680786,39.0,10.680786,114.07919,24.088163,disease,weather_lag3,3
51.541786,33.0,18.541786,343.79782,43.864193,disease,weather_lag3,3
49.928207,46.0,3.9282074,15.430814,8.18989,disease,weather_lag3,3
45.261257,61.0,15.738743,247.70802,29.62273,disease,weather_lag3,3
41.930603,40.0,1.930603,3.7272282,4.7127767,disease,weather_lag3,3
39.3821,86.0,46.6179,2173.2288,74.361336,disease,weather_lag3,3
37.260372,85.0,47.739628,2279.072,78.09502,disease,weather_lag3,3
34.506485,89.0,54.493515,2969.5432,88.24397,disease,weather_lag3,3
33.27437,75.0,41.72563,1741.0283,77.07388,disease,weather_lag3,3
32.322235,63.0,30.677765,941.12524,64.36644,disease,weather_lag3,3
32.55338,62.0,29.44662,867.10345,62.28571,disease,weather_lag3,3
31.003109,73.0,41.99689,1763.7389,80.76083,disease,weather_lag3,3
30.914358,71.0,40.08564,1606.8585,78.66534,disease,weather_lag3,3
30.256346,72.0,41.743652,1742.5325,81.64511,disease,weather_lag3,3
30.135252,51.0,20.864748,435.3377,51.432014,disease,weather_lag3,3
31.336634,53.0,21.663366,469.30145,51.373566,disease,weather_lag3,3
32.263508,44.0,11.736492,137.74525,30.77879,disease,weather_lag3,3
32.260662,54.0,21.739338,472.59882,50.403828,disease,weather_lag3,3
31.288372,56.0,24.711628,610.66455,56.620663,disease,weather_lag3,3
32.10056,25.0,7.100559,50.417942,24.870367,disease,weather_lag3,3
32.339527,42.0,9.660473,93.32474,25.99014,disease,weather_lag3,3
31.129704,21.999998,9.129705,83.351524,34.367615,disease,weather_lag3,3
29.628952,32.0,2.371048,5.6218686,7.6945915,disease,weather_lag3,3
29.690884,20.0,9.690884,93.91322,39.004673,disease,weather_lag3,3
28.983002,40.0,11.016998,121.37425,31.941196,disease,weather_lag3,3
29.533813,25.0,4.5338135,20.555464,16.627531,disease,weather_lag3,3
30.015602,34.0,3.984398,15.875426,12.448209,disease,weather_lag3,3
29.626112,43.0,13.373888,178.86089,36.82942,disease,weather_lag3,3
28.277325,34.0,5.7226753,32.749012,18.378038,disease,weather_lag3,3
26.95494,16.999998,9.954943,99.10088,45.296127,disease,weather_lag3,3
25.838892,35.0,9.161108,83.9259,30.11596,disease,weather_lag3,3
24.66024,41.0,16.33976,266.98776,49.770634,disease,weather_lag3,3
22.819614,42.0,19.180386,367.88718,59.18081,disease,weather_lag3,3
22.31702,42.0,19.68298,387.41968,61.20613,disease,weather_lag3,3
21.759336,35.0,13.240664,175.31517,46.655457,disease,weather_lag3,3
22.176584,30.0,7.8234158,61.205833,29.988226,disease,weather_lag3,3
23.594244,26.999998,3.405754,11.599161,13.46301,disease,weather_lag3,3
24.40442,24.0,0.40442085,0.16355623,1.671008,disease,weather_lag3,3
23.303196,34.0,10.696804,114.421616,37.334057,disease,weather_lag3,3
22.66437,40.0,17.33563,300.52408,55.328514,disease,weather_lag3,3
22.456978,21.0,1.4569778,2.1227844,6.7053804,disease,weather_lag3,3
24.3192,11.000003,13.319198,177.40103,75.421844,disease,weather_lag3,3
26.81154,24.0,2.8115406,7.9047604,11.066544,disease,weather_lag3,3
27.966171,21.999998,5.966173,35.595222,23.88085,disease,weather_lag3,3
28.11517,21.999998,6.1151714,37.39532,24.404474,disease,weather_lag3,3
26.90728,29.0,2.09272,4.379477,7.4863954,disease,weather_lag3,3
25.847525,32.0,6.1524754,37.852955,21.27135,disease,weather_lag3,3
24.647034,32.0,7.3529663,54.066113,25.96064,disease,weather_lag3,3
24.563475,31.0,6.4365253,41.42886,23.168188,disease,weather_lag3,3
25.197277,27.999998,2.802721,7.855245,10.537085,disease,weather_lag3,3
26.613104,15.999999,10.613105,112.63799,49.811466,disease,weather_lag3,3
26.432432,26.0,0.43243217,0.18699759,1.6494834,disease,weather_lag3,3
26.311533,35.0,8.688467,75.489456,28.342033,disease,weather_lag3,3
26.41368,33.0,6.586321,43.379623,22.171059,disease,weather_lag3,3
26.321678,21.999998,4.32168,18.676918,17.887127,disease,weather_lag3,3
26.299358,29.0,2.7006416,7.293465,9.767353,disease,weather_lag3,3
24.85416,34.0,9.14584,83.646385,31.07967,disease,weather_lag3,3
24.12357,25.0,0.8764305,0.7681304,3.568269,disease,weather_lag3,3
24.12022,30.0,5.87978,34.57181,21.728588,disease,weather_lag3,3
23.291441,33.0,9.708559,94.25612,34.493908,disease,weather_lag3,3
23.769989,30.0,6.230011,38.813038,23.172817,disease,weather_lag3,3
23.249163,27.999998,4.7508354,22.570436,18.540148,disease,weather_lag3,3
23.22526,32.0,8.77474,76.99606,31.777996,disease,weather_lag3,3
22.28256,41.0,18.71744,350.34256,59.155125,disease,weather_lag3,3
21.071102,26.0,4.928898,24.294035,20.94235,disease,weather_lag3,3
20.658422,26.999998,6.3415756,40.21558,26.612612,disease,weather_lag3,3
20.081242,42.0,21.918758,480.43198,70.613144,disease,weather_lag3,3
19.587738,35.0,15.412262,237.53781,56.467854,disease,weather_lag3,3
19.48712,34.0,14.51288,210.62369,54.266823,disease,weather_lag3,3
20.057547,33.0,12.942453,167.5071,48.786472,disease,weather_lag3,3
21.998562,38.0,16.001438,256.04602,53.339405,disease,weather_lag3,3
23.87745,24.0,0.12254906,0.015018271,0.5119281,disease,weather_lag3,3
24.79985,25.0,0.20014954,0.04005984,0.80381584,disease,weather_lag3,3
24.17843,46.0,21.82157,476.1809,62.188824,disease,weather_lag3,3
23.912817,40.0,16.087183,258.79745,50.341022,disease,weather_lag3,3
23.627134,13.999999,9.627135,92.68173,51.17124,disease,weather_lag3,3
25.311167,-1.2389615e-06,25.311169,640.6553,200.0,disease,weather_lag3,3
25.271418,-1.2389615e-06,25.27142,638.64465,200.0,disease,weather_lag3,3
25.174114,2.9999988,22.174116,491.69144,157.40773,disease,weather_lag3,3
24.5103,3.9999988,20.510302,420.6725,143.87994,disease,weather_lag3,3
23.771461,2.9999988,20.771463,431.4537,155.17618,disease,weather_lag3,3
23.26268,2.9999988,20.262682,410.5763,154.3078,disease,weather_lag3,3
22.890902,-1.2389615e-06,22.890903,523.99347,200.0,disease,weather_lag3,3
21.94534,44.0,22.05466,486.40805,66.887695,disease,weather_lag3,3
21.190725,44.0,22.809275,520.263,69.97705,disease,weather_lag3,3
20.293293,31.0,10.706707,114.633575,41.747005,disease,weather_lag3,3
20.719131,26.999998,6.2808666,39.449287,26.324314,disease,weather_lag3,3
20.36076,50.0,29.63924,878.48456,84.249344,disease,weather_lag3,3
20.25404,39.0,18.74596,351.411,63.273193,disease,weather_lag3,3
19.908438,-1.2389615e-06,19.90844,396.34598,200.0,disease,weather_lag3,3
20.96369,-1.2389615e-06,20.963692,439.47638,200.0,disease,weather_lag3,3
23.564814,33.0,9.435186,89.02274,33.360622,disease,weather_lag3,3
24.045048,38.0,13.954952,194.74069,44.98329,disease,weather_lag3,3
23.525408,31.0,7.474592,55.86953,27.416914,disease,weather_lag3,3
23.991135,34.0,10.008865,100.17738,34.518604,disease,weather_lag3,3
24.732172,20.0,4.732172,22.393452,21.157803,disease,weather_lag3,3
25.149036,21.0,4.1490364,17.214502,17.981031,disease,weather_lag3,3
24.69668,37.0,12.30332,151.37169,39.88325,disease,weather_lag3,3
24.081509,21.999998,2.0815105,4.332686,9.0340395,disease,weather_lag3,3
23.617384,46.0,22.382616,500.9815,64.3018,disease,weather_lag3,3
23.71308,26.0,2.2869205,5.2300057,9.200478,disease,weather_lag3,3
23.819668,31.0,7.180332,51.55717,26.19619,disease,weather_lag3,3
23.745834,32.0,8.254166,68.13125,29.61357,disease,weather_lag3,3
24.877468,23.0,1.8774681,3.5248866,7.8428044,disease,weather_lag3,3
26.278965,23.0,3.278965,10.751612,13.307767,disease,weather_lag3,3
26.804667,32.0,5.1953335,26.99149,17.6698,disease,weather_lag3,3
27.97419,30.0,2.0258102,4.103907,6.9886627,disease,weather_lag3,3
29.496572,26.999998,2.4965744,6.232884,8.837968,disease,weather_lag3,3
32.26197,26.999998,5.2619724,27.688354,17.758345,disease,weather_lag3,3
33.06759,36.0,2.9324112,8.599035,8.491425,disease,weather_lag3,3
32.923855,33.0,0.07614517,0.0057980875,0.23100944,disease,weather_lag3,3
32.31151,39.0,6.688492,44.735924,18.75852,disease,weather_lag3,3
32.045414,37.0,4.954586,24.547922,14.351673,disease,weather_lag3,3
32.04877,44.0,11.951229,142.83188,31.430435,disease,weather_lag3,3
32.52297,27.999998,4.52297,20.45726,14.946294,disease,weather_lag3,3
33.48131,32.0,1.4813118,2.1942847,4.5243807,disease,weather_lag3,3
34.653095,34.0,0.65309525,0.4265334,1.9025954,disease,weather_lag3,3
36.598186,26.999998,9.598188,92.12522,30.183846,disease,weather_lag3,3
38.47017,25.0,13.470169,181.44545,42.445667,disease,weather_lag3,3
37.621796,59.0,21.378204,457.02762,44.25131,disease,weather_lag3,3
36.24207,56.0,19.75793,390.37582,42.839306,disease,weather_lag3,3
35.61422,39.0,3.3857803,11.463509,9.075429,disease,weather_lag3,3
36.608387,40.0,3.391613,11.503038,8.854418,disease,weather_lag3,3
39.585285,42.0,2.4147148,5.8308477,5.919486,disease,weather_lag3,3
40.419785,49.0,8.580215,73.620094,19.190866,disease,weather_lag3,3
39.46951,41.0,1.5304909,2.3424022,3.8039024,disease,weather_lag3,3
37.80294,31.0,6.8029404,46.28,19.775145,disease,weather_lag3,3
36.900063,36.0,0.90006256,0.8101126,2.4693053,disease,weather_lag3,3
35.79501,48.0,12.20499,148.96179,29.13059,disease,weather_lag3,3
35.344704,48.0,12.655296,160.15652,30.368567,disease,weather_lag3,3
37.300003,65.0,27.699997,767.28986,54.154438,disease,weather_lag3,3
39.39651,68.0,28.603489,818.1596,53.267075,disease,weather_lag3,3
39.670868,8.999999,30.670868,940.70215,126.03378,disease,weather_lag3,3
39.73191,7.9999986,31.731913,1006.9143,132.95891,disease,weather_lag3,3
40.8413,11.999999,28.841301,831.8206,109.161964,disease,weather_lag3,3
38.477215,15.999999,22.477215,505.2252,82.51969,disease,weather_lag3,3
37.797672,30.0,7.7976723,60.80369,23.002773,disease,weather_lag3,3
38.322044,18.0,20.322044,412.98547,72.163734,disease,weather_lag3,3
37.55589,8.999999,28.55589,815.4388,122.673584,disease,weather_lag3,3
36.068626,27.999998,8.068628,65.10276,25.187456,disease,weather_lag3,3
33.0611,30.0,3.0611,9.370334,9.708362,disease,weather_lag3,3
30.293425,38.0,7.7065754,59.391304,22.569012,disease,weather_lag3,3
27.929926,34.0,6.070074,36.8458,19.60304,disease,weather_lag3,3
25.103292,32.0,6.8967075,47.564575,24.1552,disease,weather_lag3,3
24.997334,36.0,11.002666,121.05867,36.075893,disease,weather_lag3,3
24.754398,46.0,21.245602,451.37558,60.054504,disease,weather_lag3,3
24.22393,46.0,21.77607,474.1972,62.018944,disease,weather_lag3,3
24.415136,19.0,5.4151363,29.323702,24.945845,disease,weather_lag3,3
24.308168,53.0,28.691832,823.2212,74.227165,disease,weather_lag3,3
24.967947,23.0,1.967947,3.8728154,8.205258,disease,weather_lag3,3
27.23617,25.0,2.2361698,5.0004554,8.561769,disease,weather_lag3,3
29.916548,35.0,5.083452,25.841486,15.661499,disease,weather_lag3,3
31.113346,21.999998,9.113348,83.05311,34.316605,disease,weather_lag3,3
30.406786,21.0,9.406786,88.487625,36.59745,disease,weather_lag3,3
28.98684,37.0,8.013161,64.21075,24.287148,disease,weather_lag3,3
26.84804,23.0,3.8480396,14.807409,15.439081,disease,weather_lag3,3
25.230846,30.0,4.7691536,22.744825,17.269892,disease,weather_lag3,3
25.080578,18.0,7.080578,50.134583,32.871323,disease,weather_lag3,3
24.495714,43.0,18.504286,342.4086,54.830997,disease,weather_lag3,3
24.720303,25.0,0.27969742,0.07823065,1.1250833,disease,weather_lag3,3
25.759632,15.000001,10.759631,115.76966,52.795525,disease,weather_lag3,3
26.695879,16.999998,9.695881,94.01011,44.37893,disease,weather_lag3,3
25.803133,4.9999986,20.803135,432.77042,135.07156,disease,weather_lag3,3
25.848017,8.999999,16.848019,283.85574,96.694275,disease,weather_lag3,3
25.571156,18.0,7.5711555,57.322395,34.753063,disease,weather_lag3,3
23.582678,9.999999,13.582679,184.48917,80.89098,disease,weather_lag3,3
19.03569,9.999999,9.035691,81.643715,62.238514,disease,weather_lag3,3
15.402173,27.999998,12.597825,158.7052,58.051586,disease,weather_lag3,3
12.880263,21.0,8.119737,65.93012,47.931957,disease,weather_lag3,3
10.606017,33.0,22.393982,501.49042,102.71051,disease,weather_lag3,3
9.83686,39.0,29.16314,850.4887,119.430855,disease,weather_lag3,3
11.95436,38.0,26.045639,678.3753,104.27774,disease,weather_lag3,3
13.709207,52.0,38.290794,1466.1849,116.54621,disease,weather_lag3,3
15.00529,45.0,29.994709,899.68256,99.97355,disease,weather_lag3,3
15.470605,61.0,45.529396,2072.926,119.07686,disease,weather_lag3,3
16.990673,47.0,30.009327,900.5597,93.792816,disease,weather_lag3,3
18.739372,46.0,27.260628,743.14185,84.21654,disease,weather_lag3,3
23.39301,67.0,43.60699,1901.5697,96.48311,disease,weather_lag3,3
29.981426,59.0,29.018574,842.07764,65.223885,disease,weather_lag3,3
42.700947,46.0,3.2990532,10.883752,7.4385977,disease,weather_lag3,3
57.2941,48.0,9.294102,86.380325,17.653605,disease,weather_lag3,3
65.89523,63.0,2.8952332,8.382375,4.492382,disease,weather_lag3,3
67.04944,88.0,20.950562,438.92603,27.02436,disease,weather_lag3,3
62.539948,65.0,2.4600525,6.0518584,3.8576972,disease,weather_lag3,3
68.140305,60.0,8.140305,66.26456,12.705299,disease,weather_lag3,3
68.27025,62.0,6.2702484,39.316013,9.626524,disease,weather_lag3,3
71.22108,83.0,11.778923,138.74303,15.275374,disease,weather_lag3,3
75.2427,84.0,8.757301,76.69032,10.998684,disease,weather_lag3,3
77.19403,94.0,16.80597,282.4406,19.633827,disease,weather_lag3,3
80.354385,93.0,12.645615,159.91158,14.589321,disease,weather_lag3,3
83.71077,83.0,0.71076965,0.5051935,0.8526979,disease,weather_lag3,3
75.95469,77.0,1.045311,1.0926751,1.3668245,disease,weather_lag3,3
74.50778,45.0,29.507782,870.70917,49.38219,disease,weather_lag3,3
77.69326,54.0,23.69326,561.3706,35.982494,disease,weather_lag3,3
75.67269,77.0,1.3273087,1.7617483,1.7387636,disease,weather_lag3,3
73.159454,64.0,9.159454,83.89561,13.355921,disease,weather_lag3,3
71.60911,30.0,41.609108,1731.3179,81.90035,disease,weather_lag3,3
70.99503,90.0,19.004967,361.18875,23.609383,disease,weather_lag3,3
70.801,75.0,4.1989975,17.63158,5.7599025,disease,weather_lag3,3
70.14395,44.0,26.143951,683.5062,45.80874,disease,weather_lag3,3
69.245346,58.0,11.245346,126.45781,17.67506,disease,weather_lag3,3
67.105705,55.0,12.105705,146.5481,19.82824,disease,weather_lag3,3
62.862568,60.0,2.862568,8.194295,4.6597886,disease,weather_lag3,3
57.90829,73.0,15.091709,227.75969,23.05692,disease,weather_lag3,3
51.175705,98.0,46.824295,2192.5146,62.777374,disease,weather_lag3,3
44.406406,81.0,36.593594,1339.0911,58.360012,disease,weather_lag3,3
44.302776,87.0,42.697224,1823.0529,65.036285,disease,weather_lag3,3
43.807392,88.0,44.192608,1952.9866,67.05634,disease,weather_lag3,3
41.48344,103.0,61.51656,3784.287,85.153786,disease,weather_lag3,3
41.575157,109.0,67.42484,4546.1094,89.55639,disease,weather_lag3,3
44.14899,112.0,67.85101,4603.76,86.90548,disease,weather_lag3,3
47.057606,73.0,25.942394,673.0078,43.21658,disease,weather_lag3,3
55.51593,57.0,1.4840698,2.2024632,2.6379728,disease,weather_lag3,3
85.14248,48.0,37.14248,1379.5637,55.79358,disease,weather_lag3,3
99.75773,59.0,40.75773,1661.1924,51.345825,disease,weather_lag3,3
100.72103,44.0,56.72103,3217.2754,78.38671,disease,weather_lag3,3
93.057144,78.0,15.057144,226.71759,17.60481,disease,weather_lag3,3
80.170616,65.0,15.170616,230.1476,20.900394,disease,weather_lag3,3
71.14881,59.0,12.148811,147.59361,18.66911,disease,weather_lag3,3
55.22444,61.0,5.7755585,33.357075,9.93863,disease,weather_lag3,3
55.32717,68.0,12.672829,160.60059,20.55156,disease,weather_lag3,3
55.876953,84.0,28.123047,790.90576,40.211124,disease,weather_lag3,3
49.804344,46.0,3.8043442,14.473035,7.941903,disease,weather_lag3,3
43.431545,67.0,23.568455,555.47205,42.684277,disease,weather_lag3,3
41.976234,41.0,0.97623444,0.9530337,2.353046,disease,weather_lag3,3
40.47556,46.0,5.524441,30.519445,12.776884,disease,weather_lag3,3
44.881996,70.0,25.118004,630.9141,43.728355,disease,weather_lag3,3
56.293415,74.0,17.706585,313.52316,27.179554,disease,weather_lag3,3
70.78814,90.0,19.21186,369.09558,23.89711,disease,weather_lag3,3
63.866177,100.0,36.133823,1305.6532,44.101624,disease,weather_lag3,3
64.53465,114.0,49.465347,2446.8206,55.4126,disease,weather_lag3,3
64.61616,142.0,77.38384,5988.2593,74.9059,disease,weather_lag3,3
61.26487,108.0,46.73513,2184.1724,55.221302,disease,weather_lag3,3
60.246693,126.0,65.75331,4323.498,70.60883,disease,weather_lag3,3
69.900314,103.0,33.099686,1095.5892,38.287594,disease,weather_lag3,3
60.525753,105.0,44.474247,1977.9586,53.73695,disease,weather_lag3,3
209.92616,198.0,11.926163,142.23335,5.8472166,pest,weather,1
185.83351,232.0,46.16649,2131.3447,22.098032,pest,weather,1
177.73593,210.0,32.26407,1040.9701,16.64229,pest,weather,1
171.92807,131.0,40.92807,1675.1069,27.021643,pest,weather,1
146.19179,103.0,43.191788,1865.5305,34.665497,pest,weather,1
170.28545,157.0,13.285446,176.50308,8.118567,pest,weather,1
196.69666,165.0,31.696655,1004.678,17.52665,pest,weather,1
189.54514,202.0,12.4548645,155.12366,6.3619046,pest,weather,1
181.36905,218.0,36.63095,1341.8265,18.344412,pest,weather,1
170.30981,218.0,47.690186,2274.3538,24.562956,pest,weather,1
178.53253,142.0,36.53253,1334.6259,22.794897,pest,weather,1
145.33725,161.0,15.66275,245.32175,10.2258215,pest,weather,1
164.55191,170.0,5.4480896,29.68168,3.2569473,pest,weather,1
171.74226,172.0,0.2577362,0.06642795,0.14995898,pest,weather,1
160.36412,222.0,61.63588,3798.9817,32.23936,pest,weather,1
175.86467,186.0,10.13533,102.724915,5.6017237,pest,weather,1
181.63483,223.0,41.365173,1711.0775,20.44568,pest,weather,1
192.36928,163.0,29.369278,862.5545,16.52888,pest,weather,1
159.5938,109.0,50.593796,2559.7322,37.67309,pest,weather,1
158.64923,199.0,40.35077,1628.1846,22.564438,pest,weather,1
188.77803,116.0,72.77803,5296.6416,47.758057,pest,weather,1
160.436,101.0,59.436005,3532.6387,45.468876,pest,weather,1
125.76088,119.0,6.7608795,45.70949,5.5244775,pest,weather,1
123.97234,55.0,68.97234,4757.184,77.07597,pest,weather,1
101.10663,52.0,49.10663,2411.461,64.146965,pest,weather,1
86.76328,61.0,25.763283,663.74677,34.871025,pest,weather,1
94.19953,93.0,1.1995316,1.4388759,1.2815541,pest,weather,1
94.59399,98.0,3.4060135,11.600928,3.5369885,pest,weather,1
81.13316,98.0,16.866837,284.49017,18.831617,pest,weather,1
66.45497,108.0,41.54503,1725.9894,47.62837,pest,weather,1
59.50782,46.999992,12.507828,156.44576,23.487156,pest,weather,1
38.52047,32.000008,6.520462,42.516426,18.492393,pest,weather,1
31.379433,48.0,16.620567,276.24326,41.876255,pest,weather,1
31.614723,114.0,82.38528,6787.334,113.15515,pest,weather,1
57.856476,85.0,27.143524,736.7709,38.00111,pest,weather,1
38.63127,105.0,66.36873,4404.808,92.41543,pest,weather,1
51.518295,97.0,45.481705,2068.5854,61.247276,pest,weather,1
54.811874,118.0,63.188126,3992.7393,73.12938,pest,weather,1
66.937965,67.0,0.062034607,0.0038482924,0.092631854,pest,weather,1
38.283615,46.999992,8.716377,75.975235,20.440922,pest,weather,1
32.834793,90.0,57.165207,3267.8608,93.07657,pest,weather,1
48.414932,129.0,80.58507,6493.953,90.84361,pest,weather,1
82.23569,90.0,7.7643127,60.284554,9.015916,pest,weather,1
85.93174,24.0,61.93174,3835.5403,112.67308,pest,weather,1
68.700554,43.000008,25.700546,660.51807,46.01686,pest,weather,1
51.318962,59.0,7.681038,58.998344,13.925145,pest,weather,1
42.723602,54.0,11.276398,127.15714,23.316744,pest,weather,1
37.97831,42.0,4.0216904,16.173994,10.056952,pest,weather,1
32.05311,110.0,77.94689,6075.718,109.743324,pest,weather,1
45.846596,102.0,56.153404,3153.2048,75.96172,pest,weather,1
71.60119,31.0,40.60119,1648.4565,79.1437,pest,weather,1
56.752518,87.0,30.247482,914.91016,42.082718,pest,weather,1
64.27989,20.0,44.279892,1960.7089,105.078186,pest,weather,1
59.607994,24.0,35.607994,1267.9292,85.178444,pest,weather,1
54.359047,74.0,19.640953,385.76703,30.603146,pest,weather,1
54.39322,88.99999,34.606773,1197.6288,48.268353,pest,weather,1
53.032402,126.0,72.9676,5324.2705,81.51328,pest,weather,1
64.19617,84.0,19.803833,392.1918,26.726511,pest,weather,1
48.44874,152.0,103.55126,10722.864,103.31946,pest,weather,1
70.73912,78.0,7.2608795,52.72037,9.763241,pest,weather,1
57.339493,52.0,5.339493,28.510183,9.766815,pest,weather,1
44.666046,83.0,38.333954,1469.4921,60.053486,pest,weather,1
47.158325,103.0,55.841675,3118.2927,74.37706,pest,weather,1
55.100586,99.0,43.899414,1927.1586,56.975014,pest,weather,1
47.81723,128.0,80.18277,6429.2764,91.2115,pest,weather,1
57.275063,118.0,60.724937,3687.518,69.291016,pest,weather,1
56.114494,52.0,4.1144943,16.929064,7.611365,pest,weather,1
38.53798,40.0,1.4620209,2.137505,3.7230928,pest,weather,1
37.602882,88.99999,51.39711,2641.6628,81.19422,pest,weather,1
51.622986,81.0,29.377014,863.009,44.301544,pest,weather,1
49.124542,75.0,25.875458,669.5393,41.692734,pest,weather,1
51.582962,100.0,48.417038,2344.2095,63.881897,pest,weather,1
60.73874,64.0,3.261261,10.635823,5.228946,pest,weather,1
45.18609,63.0,17.813911,317.33545,32.93198,pest,weather,1
37.663345,57.0,19.336655,373.90622,40.85352,pest,weather,1
34.87081,69.0,34.12919,1164.8015,65.71468,pest,weather,1
41.11689,82.0,40.88311,1671.4287,66.41348,pest,weather,1
43.52385,34.000008,9.523842,90.70357,24.570093,pest,weather,1
30.237091,34.000008,3.7629166,14.159541,11.715712,pest,weather,1
31.415253,51.0,19.584747,383.56232,47.526997,pest,weather,1
38.08924,8.000008,30.089233,905.36194,130.56943,pest,weather,1
21.549324,6.0,15.549324,241.78148,112.88352,pest,weather,1
16.50734,10.000008,6.507332,42.345367,49.098324,pest,weather,1
22.69484,8.000008,14.694832,215.93808,95.74788,pest,weather,1
29.790932,6.0,23.790932,566.0084,132.94391,pest,weather,1
35.65303,136.0,100.34697,10069.515,116.91837,pest,weather,1
92.20494,136.0,43.79506,1918.0072,38.382217,pest,weather,1
122.058365,169.0,46.941635,2203.517,32.255825,pest,weather,1
127.33102,71.0,56.331017,3173.1833,56.80505,pest,weather,1
46.713913,132.0,85.28609,7273.717,95.44426,pest,weather,1
75.79193,116.0,40.20807,1616.6888,41.928844,pest,weather,1
107.29389,2.9999998,104.29389,10877.216,189.11998,pest,weather,1
65.02248,16.0,49.022476,2403.2031,121.009575,pest,weather,1
51.45125,106.0,54.54875,2975.5664,69.2897,pest,weather,1
75.69162,124.0,48.30838,2333.6997,48.382984,pest,weather,1
95.563095,127.0,31.436905,988.279,28.24988,pest,weather,1
119.43649,225.0,105.56351,11143.654,61.296356,pest,weather,1
168.15071,197.0,28.849289,832.2815,15.801306,pest,weather,1
140.8459,191.0,50.1541,2515.4336,30.227345,pest,weather,1
107.86426,168.0,60.135742,3616.3074,43.59807,pest,weather,1
110.2296,214.0,103.7704,10768.296,64.010445,pest,weather,1
148.84036,152.0,3.1596375,9.983309,2.1005409,pest,weather,1
133.01353,136.0,2.9864655,8.918976,2.2203085,pest,weather,1
135.73584,225.99998,90.264145,8147.6157,49.906113,pest,weather,1
182.89314,241.0,58.106857,3376.407,27.415806,pest,weather,1
200.87903,162.0,38.87903,1511.5789,21.428093,pest,weather,1
151.17812,216.0,64.821884,4201.8765,35.308144,pest,weather,1
159.21243,190.0,30.787567,947.87427,17.632572,pest,weather,1
172.98215,158.0,14.982147,224.46474,9.053145,pest,weather,1
167.40915,165.0,2.4091492,5.804,1.4495083,pest,weather,1
164.87227,195.0,30.127731,907.6802,16.74357,pest,weather,1
176.96413,232.0,55.035873,3028.9473,26.91477,pest,weather,1
196.10753,201.0,4.8924713,23.936275,2.4640536,pest,weather,1
174.50888,285.0,110.49112,12208.287,48.09096,pest,weather,1
198.63849,237.0,38.36151,1471.6056,17.611626,pest,weather,1
186.37251,190.0,3.6274872,13.158663,1.9276049,pest,weather,1
159.07721,183.0,23.92279,572.2999,13.986778,pest,weather,1
160.88408,233.0,72.11592,5200.706,36.61784,pest,weather,1
218.7709,186.0,32.770905,1073.9321,16.192322,pest,weather,1
210.36786,205.0,5.367859,28.81391,2.584629,pest,weather,1
187.32364,209.0,21.676361,469.86462,10.938718,pest,weather,1
166.67282,282.0,115.32718,13300.358,51.408142,pest,weather,1
187.90443,189.0,1.0955658,1.2002645,0.5813494,pest,weather,1
204.01717,185.0,19.017166,361.65262,9.777033,pest,weather,1
202.9885,299.0,96.011505,9218.209,38.252472,pest,weather,1
219.52756,304.0,84.47244,7135.5938,32.270485,pest,weather,1
221.39175,288.0,66.608246,4436.658,26.152071,pest,weather,1
210.98366,266.0,55.016342,3026.7979,23.06844,pest,weather,1
194.57579,222.0,27.42421,752.0873,13.1664915,pest,weather,1
171.25722,134.0,37.257217,1388.1002,24.410378,pest,weather,1
145.68376,201.0,55.31624,3059.8862,31.911638,pest,weather,1
175.70383,232.0,56.296173,3169.259,27.61621,pest,weather,1
201.18376,298.0,96.81624,9373.384,38.789818,pest,weather,1
216.53221,248.0,31.467789,990.22174,13.5481615,pest,weather,1
198.15443,59.0,139.15443,19363.957,108.22636,pest,weather,1
130.98709,35.0,95.98709,9213.521,115.65609,pest,weather,1
92.347855,32.000008,60.347847,3641.8625,97.06294,pest,weather,1
78.513466,25.0,53.513466,2863.691,103.39421,pest,weather,1
61.28965,29.0,32.28965,1042.6215,71.52459,pest,weather,1
46.547157,75.0,28.452843,809.5643,46.817783,pest,weather,1
59.2381,49.0,10.238098,104.81866,18.917734,pest,weather,1
56.599083,92.0,35.400917,1253.225,47.64621,pest,weather,1
81.21222,139.0,57.78778,3339.4275,52.48372,pest,weather,1
132.25989,119.0,13.259888,175.82462,10.554719,pest,weather,1
126.670685,82.0,44.670685,1995.4701,42.81453,pest,weather,1
75.4218,217.0,141.5782,20044.387,96.83149,pest,weather,1
136.99907,205.0,68.00093,4624.1265,39.76673,pest,weather,1
144.13425,155.0,10.865753,118.06459,7.2648005,pest,weather,1
120.50007,244.0,123.49993,15252.233,67.764015,pest,weather,1
166.06342,140.0,26.063416,679.30164,17.031382,pest,weather,1
178.37802,211.0,32.62198,1064.1935,16.755943,pest,weather,1
193.51833,117.0,76.518326,5855.054,49.28426,pest,weather,1
177.27802,270.0,92.721985,8597.366,41.46056,pest,weather,1
200.28712,282.0,81.712875,6676.994,33.885574,pest,weather,1
212.87785,251.99998,39.12213,1530.5411,16.831144,pest,weather,1
198.56403,166.0,32.564026,1060.4158,17.86464,pest,weather,1
158.57504,150.0,8.575043,73.53136,5.5578327,pest,weather,1
138.0791,152.0,13.920898,193.79141,9.5980015,pest,weather,1
144.1149,160.0,15.885101,252.33644,10.446776,pest,weather,1
165.59279,168.0,2.4072113,5.7946663,1.4432036,pest,weather,1
191.41753,139.0,52.417526,2747.5972,31.728054,pest,weather,1
195.36925,165.0,30.369247,922.2912,16.854515,pest,weather,1
180.68419,87.0,93.68419,8776.728,69.996056,pest,weather,1
155.04828,123.0,32.04828,1027.0922,23.052313,pest,weather,1
150.30127,46.0,104.30127,10878.755,106.266525,pest,weather,1
141.70663,42.0,99.706635,9941.413,108.54984,pest,weather,1
114.41438,58.0,56.414383,3182.5825,65.44046,pest,weather,1
91.249084,46.999992,44.249092,1957.9822,64.01358,pest,weather,1
77.1744,143.0,65.8256,4333.01,59.794052,pest,weather,1
88.48256,159.0,70.51744,4972.7095,56.987804,pest,weather,1
110.27434,133.0,22.725662,516.45575,18.683157,pest,weather,1
126.59248,167.0,40.407516,1632.7673,27.526262,pest,weather,1
132.72519,128.0,4.725189,22.327414,3.6246512,pest,weather,1
119.64638,256.0,136.35362,18592.31,72.5968,pest,weather,1
147.33505,200.0,52.664948,2773.5967,30.325157,pest,weather,1
140.21451,288.0,147.78549,21840.55,69.02405,pest,weather,1
168.52797,211.0,42.47203,1803.8734,22.381504,pest,weather,1
164.70534,190.0,25.294662,639.81995,14.262353,pest,weather,1
158.64095,101.0,57.640945,3322.4785,44.40051,pest,weather,1
147.45453,128.0,19.454529,378.4787,14.125401,pest,weather,1
150.05682,206.0,55.943176,3129.639,31.423737,pest,weather,1
198.9252,198.0,0.9252014,0.8559977,0.46618426,pest,weather,1
214.47946,203.0,11.479462,131.77805,5.499414,pest,weather,1
194.24782,154.0,40.247818,1619.8868,23.114471,pest,weather,1
149.0315,215.0,65.968506,4351.8438,36.243294,pest,weather,1
168.3449,143.0,25.344894,642.36365,16.280912,pest,weather,1
164.55013,101.0,63.550125,4038.6184,47.863,pest,weather,1
168.25674,148.0,20.256744,410.3357,12.810317,pest,weather,1
184.67085,240.0,55.329147,3061.3145,26.057428,pest,weather,1
211.7911,242.0,30.208893,912.5772,13.314009,pest,weather,1
204.58177,214.0,9.418228,88.70302,4.500066,pest,weather,1
186.11975,130.0,56.11975,3149.4265,35.505375,pest,weather,1
164.3737,122.0,42.373703,1795.5308,29.593288,pest,weather,1
150.0994,163.0,12.900604,166.42558,8.240581,pest,weather,1
149.97906,106.0,43.979065,1934.1582,34.361454,pest,weather,1
133.4584,144.0,10.541595,111.12524,7.5986853,pest,weather,1
149.53032,106.0,43.53032,1894.8887,34.07057,pest,weather,1
143.30986,96.0,47.30986,2238.223,39.53858,pest,weather,1
131.34714,51.0,80.34714,6455.6626,88.12547,pest,weather,1
103.33636,121.0,17.663643,312.00427,15.747462,pest,weather,1
109.03446,127.0,17.965538,322.76056,15.22281,pest,weather,1
115.1273,141.0,25.872704,669.3968,20.203005,pest,weather,1
115.88663,117.0,1.1133728,1.239599,0.95615005,pest,weather,1
107.876305,120.0,12.123695,146.984,10.640593,pest,weather,1
113.74358,108.0,5.7435837,32.988754,5.180383,pest,weather,1
128.65906,76.0,52.659058,2772.9763,51.460278,pest,weather,1
126.89963,98.0,28.899628,835.1885,25.700024,pest,weather,1
133.99039,75.0,58.990387,3479.8657,56.45273,pest,weather,1
120.56965,44.0,76.56965,5862.911,93.054405,pest,weather,1
113.22651,135.0,21.77349,474.0849,17.543243,pest,weather,1
145.5199,123.0,22.519897,507.14578,16.773355,pest,weather,1
158.21765,186.0,27.782349,771.8589,16.142315,pest,weather,1
173.58574,213.0,39.41426,1553.484,20.390953,pest,weather,1
176.42877,144.0,32.428772,1051.6252,20.240862,pest,weather,1
150.23933,149.0,1.2393341,1.535949,0.82832307,pest,weather,1
140.6587,108.0,32.658707,1066.5911,26.267899,pest,weather,1
132.02016,146.0,13.979843,195.43602,10.056712,pest,weather,1
156.3724,125.0,31.372406,984.22784,22.29956,pest,weather,1
169.26274,159.0,10.262741,105.32385,6.25276,pest,weather,1
193.82639,166.0,27.826385,774.30774,15.466562,pest,weather,1
180.2302,191.0,10.769806,115.988716,5.802225,pest,weather,1
180.69489,134.0,46.694885,2180.4124,29.67629,pest,weather,1
163.81363,190.0,26.18637,685.726,14.802353,pest,weather,1
179.34483,127.0,52.344833,2739.9817,34.173794,pest,weather,1
163.55344,168.0,4.4465637,19.771929,2.6822605,pest,weather,1
168.89581,124.0,44.895813,2015.634,30.656507,pest,weather,1
146.99362,185.0,38.00638,1444.4847,22.89585,pest,weather,1
171.31924,95.0,76.319244,5824.627,57.314102,pest,weather,1
149.57767,178.0,28.422333,807.829,17.353035,pest,weather,1
161.019,143.0,18.018997,324.68427,11.853864,pest,weather,1
158.97354,142.0,16.973541,288.1011,11.279092,pest,weather,1
147.37253,116.0,31.372528,984.23553,23.82369,pest,weather,1
131.00139,173.0,41.99861,1763.8834,27.630537,pest,weather,1
145.05646,147.0,1.9435425,3.7773573,1.3309362,pest,weather,1
150.57507,106.0,44.575073,1986.9371,34.746223,pest,weather,1
138.33946,130.0,8.339462,69.54663,6.2156057,pest,weather,1
163.1787,154.0,9.178696,84.24845,5.787712,pest,weather,1
167.62074,84.0,83.62074,6992.4287,66.4657,pest,weather,1
209.34645,210.0,0.6535492,0.42712656,0.3116989,pest,weather,3
195.34071,131.0,64.34071,4139.7275,39.431618,pest,weather,3
196.43132,103.0,93.43132,8729.411,62.40584,pest,weather,3
197.75584,157.0,40.755844,1661.0388,22.976841,pest,weather,3
200.65703,165.0,35.65703,1271.4237,19.50299,pest,weather,3
189.58766,202.0,12.412338,154.06615,6.339494,pest,weather,3
179.6917,218.0,38.308304,1467.5261,19.265327,pest,weather,3
173.20558,218.0,44.79442,2006.5399,22.900707,pest,weather,3
161.45137,142.0,19.45137,378.3558,12.820092,pest,weather,3
149.91864,161.0,11.08136,122.79654,7.128141,pest,weather,3
132.48193,170.0,37.518066,1407.6053,24.806816,pest,weather,3
120.012856,172.0,51.987144,2702.663,35.606064,pest,weather,3
116.63288,222.0,105.36712,11102.2295,62.230885,pest,weather,3
110.90232,186.0,75.09768,5639.6616,50.58747,pest,weather,3
98.67843,223.0,124.32157,15455.854,77.29556,pest,weather,3
148.66957,163.0,14.330429,205.36119,9.195911,pest,weather,3
164.96231,109.0,55.96231,3131.7803,40.854023,pest,weather,3
153.0353,199.0,45.964706,2112.7542,26.113691,pest,weather,3
172.77446,116.0,56.77446,3223.3394,39.32097,pest,weather,3
158.48396,101.0,57.483963,3304.406,44.306374,pest,weather,3
148.43109,119.0,29.431091,866.18915,22.010223,pest,weather,3
139.33061,55.0,84.33061,7111.6523,86.79086,pest,weather,3
126.21872,52.0,74.21872,5508.4185,83.289474,pest,weather,3
93.733,61.0,32.733,1071.4493,42.30901,pest,weather,3
114.85998,93.0,21.859978,477.8586,21.033367,pest,weather,3
54.86557,98.0,43.13443,1860.5791,56.43446,pest,weather,3
48.704826,98.0,49.295174,2430.0142,67.20321,pest,weather,3
37.61181,108.0,70.38819,4954.4976,96.67923,pest,weather,3
43.796043,46.999992,3.203949,10.265289,7.057464,pest,weather,3
45.550125,32.000008,13.5501175,183.60568,34.945442,pest,weather,3
47.453575,48.0,0.54642487,0.29858014,1.1449019,pest,weather,3
46.072296,114.0,67.927704,4614.173,84.87128,pest,weather,3
45.979134,85.0,39.020866,1522.628,59.583336,pest,weather,3
44.96099,105.0,60.03901,3604.6826,80.07283,pest,weather,3
45.762398,97.0,51.237602,2625.292,71.78025,pest,weather,3
47.85034,118.0,70.14966,4920.9746,84.593925,pest,weather,3
51.574738,67.0,15.425262,237.93872,26.017788,pest,weather,3
50.507477,46.999992,3.5074844,12.302447,7.1942887,pest,weather,3
49.20646,90.0,40.79354,1664.113,58.608692,pest,weather,3
47.82067,129.0,81.17933,6590.0835,91.82108,pest,weather,3
45.471092,90.0,44.528908,1982.8236,65.73935,pest,weather,3
45.49372,24.0,21.493721,461.98004,61.85802,pest,weather,3
50.88228,43.000008,7.882271,62.13019,16.791817,pest,weather,3
52.19571,59.0,6.804291,46.298374,12.238405,pest,weather,3
49.60486,54.0,4.3951416,19.31727,8.484431,pest,weather,3
46.52281,42.0,4.522812,20.455828,10.2184105,pest,weather,3
47.92263,110.0,62.07737,3853.5999,78.61744,pest,weather,3
47.385765,102.0,54.614235,2982.7146,73.118385,pest,weather,3
48.898216,31.0,17.898216,320.34613,44.802544,pest,weather,3
51.63304,87.0,35.36696,1250.8218,51.02241,pest,weather,3
56.14486,20.0,36.14486,1306.4508,94.937096,pest,weather,3
52.002434,24.0,28.002434,784.1363,73.688255,pest,weather,3
54.457436,74.0,19.542564,381.91183,30.426523,pest,weather,3
54.301605,88.99999,34.698387,1203.978,48.427074,pest,weather,3
53.111717,126.0,72.88828,5312.7017,81.388626,pest,weather,3
52.86785,84.0,31.132149,969.2107,45.49227,pest,weather,3
50.720306,152.0,101.27969,10257.576,99.920616,pest,weather,3
52.27617,78.0,25.723831,661.7155,39.49123,pest,weather,3
51.726738,52.0,0.27326202,0.07467213,0.5268883,pest,weather,3
52.753998,83.0,30.246002,914.8207,44.560017,pest,weather,3
52.657402,103.0,50.342598,2534.3772,64.683846,pest,weather,3
49.962692,99.0,49.037308,2404.6575,65.83837,pest,weather,3
50.03557,128.0,77.96443,6078.4526,87.582985,pest,weather,3
49.12487,118.0,68.87513,4743.7837,82.42355,pest,weather,3
49.137123,52.0,2.862877,8.196064,5.661377,pest,weather,3
50.694237,40.0,10.694237,114.3667,23.583057,pest,weather,3
50.373566,88.99999,38.626427,1492.0009,55.428623,pest,weather,3
46.981064,81.0,34.018936,1157.288,53.16245,pest,weather,3
42.70321,75.0,32.29679,1043.0828,54.878353,pest,weather,3
39.335808,100.0,60.664192,3680.1443,87.07623,pest,weather,3
33.706833,64.0,30.293167,917.67596,62.008286,pest,weather,3
26.758133,63.0,36.241867,1313.4729,80.7545,pest,weather,3
24.76104,57.0,32.23896,1039.3506,78.86143,pest,weather,3
26.976044,69.0,42.023956,1766.013,87.57176,pest,weather,3
21.772232,82.0,60.227768,3627.384,116.07685,pest,weather,3
22.221123,34.000008,11.778885,138.74213,41.901985,pest,weather,3
22.38646,34.000008,11.613548,134.8745,41.19268,pest,weather,3
28.339783,51.0,22.660217,513.4855,57.121956,pest,weather,3
36.66857,8.000008,28.668564,821.88654,128.3612,pest,weather,3
41.19744,6.0,35.19744,1238.8599,149.14978,pest,weather,3
43.634514,10.000008,33.634506,1131.28,125.421104,pest,weather,3
41.599068,8.000008,33.59906,1128.8969,135.4826,pest,weather,3
40.013176,6.0,34.013176,1156.8961,147.84102,pest,weather,3
40.165787,136.0,95.83421,9184.196,108.80003,pest,weather,3
40.246834,136.0,95.75317,9168.669,108.65803,pest,weather,3
39.199028,169.0,129.80096,16848.291,124.68931,pest,weather,3
42.754044,71.0,28.245956,797.83405,49.661453,pest,weather,3
46.26149,132.0,85.73851,7351.0923,96.19409,pest,weather,3
50.72474,116.0,65.27526,4260.86,78.30303,pest,weather,3
47.905426,2.9999998,44.905426,2016.4973,176.42688,pest,weather,3
42.641792,16.0,26.641792,709.7851,90.862816,pest,weather,3
40.11512,106.0,65.88488,4340.8174,90.18215,pest,weather,3
26.222672,124.0,97.77733,9560.406,130.17653,pest,weather,3
24.998604,127.0,102.001396,10404.285,134.21361,pest,weather,3
28.509438,225.0,196.49057,38608.543,155.01637,pest,weather,3
29.588783,197.0,167.41122,28026.518,147.76657,pest,weather,3
52.114845,191.0,138.88516,19289.088,114.25478,pest,weather,3
94.255554,168.0,73.744446,5438.243,56.238617,pest,weather,3
132.97842,214.0,81.021576,6564.4956,46.70122,pest,weather,3
134.66325,152.0,17.336746,300.56277,12.095548,pest,weather,3
128.6804,136.0,7.3195953,53.576477,5.530893,pest,weather,3
133.04013,225.99998,92.959854,8641.534,51.782436,pest,weather,3
127.52116,241.0,113.47884,12877.448,61.58607,pest,weather,3
146.09001,162.0,15.909988,253.12773,10.328142,pest,weather,3
171.2309,216.0,44.769104,2004.2727,23.122692,pest,weather,3
202.82895,190.0,12.828949,164.58192,6.53157,pest,weather,3
233.2974,158.0,75.29739,5669.6978,38.48602,pest,weather,3
205.22676,165.0,40.22676,1618.1923,21.730877,pest,weather,3
201.5362,195.0,6.536194,42.72183,3.2966442,pest,weather,3
203.0245,232.0,28.975494,839.5793,13.321316,pest,weather,3
204.44034,201.0,3.4403381,11.835926,1.6970873,pest,weather,3
205.01631,285.0,79.98369,6397.3906,32.645317,pest,weather,3
204.25354,237.0,32.74646,1072.3307,14.842468,pest,weather,3
205.99113,190.0,15.991135,255.71638,8.076511,pest,weather,3
202.4976,183.0,19.497604,380.1566,10.115551,pest,weather,3
203.1172,233.0,29.882797,892.98157,13.704021,pest,weather,3
208.43668,186.0,22.436676,503.40442,11.376567,pest,weather,3
211.68048,205.0,6.680481,44.628826,3.2065246,pest,weather,3
196.22116,209.0,12.778839,163.29874,6.3070936,pest,weather,3
196.44383,282.0,85.55617,7319.858,35.76435,pest,weather,3
194.4751,189.0,5.4750977,29.976694,2.8555167,pest,weather,3
198.23952,185.0,13.239517,175.28482,6.9092655,pest,weather,3
190.15009,299.0,108.849915,11848.304,44.505733,pest,weather,3
170.61253,304.0,133.38747,17792.217,56.208992,pest,weather,3
156.66069,288.0,131.33931,17250.014,59.073944,pest,weather,3
146.86244,266.0,119.13756,14193.758,57.71296,pest,weather,3
144.32777,222.0,77.672226,6032.9746,42.405865,pest,weather,3
141.46597,134.0,7.465973,55.740753,5.420614,pest,weather,3
141.42227,201.0,59.57773,3549.5056,34.797813,pest,weather,3
148.07326,232.0,83.92674,7043.698,44.163456,pest,weather,3
144.14038,298.0,153.85962,23672.783,69.59763,pest,weather,3
135.39027,248.0,112.609726,12680.95,58.744175,pest,weather,3
134.11618,59.0,75.11618,5642.4404,77.79377,pest,weather,3
133.11159,35.0,98.11159,9625.884,116.72198,pest,weather,3
135.23744,32.000008,103.237434,10657.968,123.46209,pest,weather,3
140.61823,25.0,115.618225,13367.574,139.62018,pest,weather,3
142.33377,29.0,113.33377,12844.544,132.2959,pest,weather,3
129.25644,75.0,54.25644,2943.7612,53.125805,pest,weather,3
106.878426,49.0,57.878426,3349.912,74.26099,pest,weather,3
81.64125,92.0,10.358749,107.30369,11.931208,pest,weather,3
63.808434,139.0,75.19157,5653.7715,74.15033,pest,weather,3
54.485313,119.0,64.51469,4162.145,74.37481,pest,weather,3
55.86715,82.0,26.13285,682.9259,37.91019,pest,weather,3
70.016014,217.0,146.98398,21604.29,102.42214,pest,weather,3
91.51719,205.0,113.48281,12878.349,76.54384,pest,weather,3
115.69411,155.0,39.305893,1544.9532,29.04082,pest,weather,3
131.83228,244.0,112.167725,12581.599,59.690308,pest,weather,3
147.76569,140.0,7.765686,60.30588,5.3972287,pest,weather,3
147.00226,211.0,63.99774,4095.711,35.7527,pest,weather,3
175.60251,117.0,58.60251,3434.254,40.056053,pest,weather,3
207.49802,270.0,62.501984,3906.498,26.17895,pest,weather,3
234.83165,282.0,47.16835,2224.8533,18.252888,pest,weather,3
231.21863,251.99998,20.781357,431.86478,8.601224,pest,weather,3
203.4137,166.0,37.413696,1399.7847,20.255718,pest,weather,3
176.61098,150.0,26.610977,708.1441,16.295214,pest,weather,3
151.35002,152.0,0.64997864,0.42247224,0.42853373,pest,weather,3
154.58365,160.0,5.4163513,29.33686,3.4435046,pest,weather,3
159.51067,168.0,8.489334,72.068794,5.1841574,pest,weather,3
167.02884,139.0,28.02884,785.61584,18.317778,pest,weather,3
171.92377,165.0,6.923767,47.93855,4.10999,pest,weather,3
176.60927,87.0,89.60927,8029.821,67.986435,pest,weather,3
165.74187,123.0,42.741867,1826.8672,29.605589,pest,weather,3
155.06807,46.0,109.06807,11895.844,108.4887,pest,weather,3
148.1725,42.0,106.1725,11272.6,111.65916,pest,weather,3
142.7816,58.0,84.7816,7187.92,84.45156,pest,weather,3
136.39339,46.999992,89.393394,7991.179,97.488144,pest,weather,3
117.688934,143.0,25.311066,640.65,19.418596,pest,weather,3
98.77689,159.0,60.223106,3626.8225,46.724987,pest,weather,3
83.79381,133.0,49.206192,2421.2493,45.394463,pest,weather,3
82.56556,167.0,84.43444,7129.175,67.66514,pest,weather,3
99.14468,128.0,28.855324,832.6297,25.406998,pest,weather,3
127.11645,256.0,128.88354,16610.969,67.281654,pest,weather,3
153.12733,200.0,46.872665,2197.0469,26.547176,pest,weather,3
176.2728,288.0,111.7272,12482.968,48.129982,pest,weather,3
196.48177,211.0,14.518234,210.77913,7.125833,pest,weather,3
217.12302,190.0,27.123016,735.658,13.324237,pest,weather,3
224.42831,101.0,123.428314,15234.549,75.85592,pest,weather,3
241.23267,128.0,113.232666,12821.637,61.334045,pest,weather,3
244.58704,206.0,38.587036,1488.9594,17.12745,pest,weather,3
220.57414,198.0,22.574142,509.59192,10.786209,pest,weather,3
201.66103,203.0,1.338974,1.7928513,0.66177565,pest,weather,3
182.48431,154.0,28.484314,811.35614,16.930544,pest,weather,3
168.07657,215.0,46.92343,2201.8083,24.4982,pest,weather,3
156.61539,143.0,13.615387,185.37877,9.088576,pest,weather,3
157.12634,101.0,56.126343,3150.1663,43.4875,pest,weather,3
162.15518,148.0,14.155182,200.36917,9.127806,pest,weather,3
159.687,240.0,80.313,6450.1787,40.18795,pest,weather,3
155.78963,242.0,86.21037,7432.2285,43.344707,pest,weather,3
155.09103,214.0,58.908966,3470.2664,31.921104,pest,weather,3
159.85927,130.0,29.859268,891.57587,20.602598,pest,weather,3
168.005,122.0,46.005005,2116.4604,31.727043,pest,weather,3
164.16861,163.0,1.1686096,1.3656484,0.7143776,pest,weather,3
163.10527,106.0,57.10527,3261.012,42.440838,pest,weather,3
167.01097,144.0,23.010971,529.50476,14.797529,pest,weather,3
176.35526,106.0,70.355255,4949.862,49.834564,pest,weather,3
195.21904,96.0,99.21904,9844.418,68.14049,pest,weather,3
212.76833,51.0,161.76833,26168.992,122.65941,pest,weather,3
210.63626,121.0,89.63626,8034.659,54.056973,pest,weather,3
183.54556,127.0,56.545563,3197.4006,36.41692,pest,weather,3
157.85645,141.0,16.856445,284.13974,11.28063,pest,weather,3
140.98726,117.0,23.987259,575.3886,18.595694,pest,weather,3
132.57603,120.0,12.576035,158.15665,9.958217,pest,weather,3
139.14911,108.0,31.149109,970.26697,25.206734,pest,weather,3
160.61148,76.0,84.61148,7159.1025,71.51934,pest,weather,3
187.74753,98.0,89.74753,8054.6187,62.81596,pest,weather,3
215.04837,75.0,140.04837,19613.547,96.56898,pest,weather,3
226.58347,44.0,182.58347,33336.723,134.95537,pest,weather,3
221.60237,135.0,86.60237,7499.9707,48.570835,pest,weather,3
221.0772,123.0,98.077194,9619.136,57.008827,pest,weather,3
217.46405,186.0,31.46405,989.98645,15.596953,pest,weather,3
211.53441,213.0,1.4655914,2.1479583,0.6904465,pest,weather,3
190.5828,144.0,46.582794,2169.9568,27.845303,pest,weather,3
144.32661,149.0,4.6733856,21.840532,3.1864724,pest,weather,3
131.99712,108.0,23.997116,575.8616,19.997837,pest,weather,3
162.06589,146.0,16.065887,258.11273,10.430163,pest,weather,3
179.55728,125.0,54.55728,2976.497,35.82727,pest,weather,3
182.84634,159.0,23.846344,568.64813,13.951498,pest,weather,3
168.56784,166.0,2.5678406,6.5938053,1.5350194,pest,weather,3
177.19379,191.0,13.806213,190.61153,7.4994273,pest,weather,3
196.96465,134.0,62.964645,3964.5466,38.049164,pest,weather,3
232.93733,190.0,42.937332,1843.6145,20.304348,pest,weather,3
258.50806,127.0,131.50806,17294.37,68.225845,pest,weather,3
225.19276,168.0,57.192764,3271.0122,29.091465,pest,weather,3
170.60109,124.0,46.60109,2171.6616,31.636742,pest,weather,3
155.90366,185.0,29.096344,846.5972,17.070127,pest,weather,3
145.22748,95.0,50.227478,2522.7996,41.816597,pest,weather,3
124.60104,178.0,53.398956,2851.4485,35.293304,pest,weather,3
147.0455,143.0,4.0455017,16.366083,2.7895634,pest,weather,3
165.51378,142.0,23.513779,552.89777,15.2928295,pest,weather,3
171.93248,116.0,55.93248,3128.4424,38.851105,pest,weather,3
160.25269,173.0,12.747314,162.49402,7.65024,pest,weather,3
150.10167,147.0,3.1016693,9.620353,2.0879512,pest,weather,3
135.2106,106.0,29.210602,853.2593,24.22,pest,weather,3
124.4281,130.0,5.5718994,31.046062,4.3799405,pest,weather,3
122.59492,154.0,31.405083,986.27924,22.708359,pest,weather,3
119.09938,84.0,35.09938,1231.9666,34.56375,pest,weather,3
239.0582,198.0,41.058197,1685.7755,18.788435,pest,weather_lag3,1
220.24818,232.0,11.751816,138.10518,5.197065,pest,weather_lag3,1
204.49603,210.0,5.5039673,30.293655,2.6557393,pest,weather_lag3,1
191.27481,131.0,60.27481,3633.0527,37.405846,pest,weather_lag3,1
160.73187,103.0,57.731873,3332.969,43.78073,pest,weather_lag3,1
200.16096,157.0,43.160965,1862.8689,24.168917,pest,weather_lag3,1
247.94347,165.0,82.94347,6879.6187,40.171825,pest,weather_lag3,1
262.7535,202.0,60.75351,3690.989,26.1444,pest,weather_lag3,1
240.35873,218.0,22.358734,499.913,9.755998,pest,weather_lag3,1
211.10107,218.0,6.898926,47.595177,3.215525,pest,weather_lag3,1
200.51332,142.0,58.51332,3423.8088,34.167038,pest,weather_lag3,1
174.69868,161.0,13.698685,187.65396,8.161298,pest,weather_lag3,1
183.05054,170.0,13.050537,170.31651,7.3930135,pest,weather_lag3,1
205.5024,172.0,33.502396,1122.4105,17.749502,pest,weather_lag3,1
206.53795,222.0,15.462051,239.07503,7.2161875,pest,weather_lag3,1
215.43852,186.0,29.438522,866.6266,14.666515,pest,weather_lag3,1
213.01283,223.0,9.987167,99.743515,4.581135,pest,weather_lag3,1
220.53482,163.0,57.53482,3310.2556,30.002398,pest,weather_lag3,1
210.0173,109.0,101.0173,10204.495,63.3303,pest,weather_lag3,1
202.48798,199.0,3.487976,12.1659775,1.7375245,pest,weather_lag3,1
238.13234,116.0,122.13234,14916.309,68.97554,pest,weather_lag3,1
229.22299,101.0,128.22299,16441.135,77.658424,pest,weather_lag3,1
196.09062,119.0,77.09062,5942.964,48.932346,pest,weather_lag3,1
185.39795,55.0,130.39795,17003.625,108.48508,pest,weather_lag3,1
152.02902,52.0,100.02902,10005.806,98.05372,pest,weather_lag3,1
130.64482,61.0,69.64482,4850.401,72.68114,pest,weather_lag3,1
133.90778,93.0,40.907776,1673.4462,36.056744,pest,weather_lag3,1
139.64651,98.0,41.646515,1734.4323,35.04913,pest,weather_lag3,1
125.63761,98.0,27.637611,763.8376,24.716427,pest,weather_lag3,1
73.38151,108.0,34.618492,1198.44,38.17202,pest,weather_lag3,1
63.37545,46.999992,16.375458,268.1556,29.672285,pest,weather_lag3,1
53.75937,32.000008,21.759361,473.4698,50.745148,pest,weather_lag3,1
34.31727,48.0,13.682732,187.21715,33.243893,pest,weather_lag3,1
40.831963,114.0,73.16804,5353.5615,94.512825,pest,weather_lag3,1
66.68158,85.0,18.31842,335.5645,24.153784,pest,weather_lag3,1
34.54284,105.0,70.45716,4964.2114,100.982834,pest,weather_lag3,1
32.019783,97.0,64.98022,4222.4287,100.72908,pest,weather_lag3,1
33.145576,118.0,84.85442,7200.273,112.281715,pest,weather_lag3,1
40.577263,67.0,26.422737,698.161,49.123276,pest,weather_lag3,1
34.9448,46.999992,12.055191,145.32764,29.422712,pest,weather_lag3,1
28.985817,90.0,61.014183,3722.7305,102.55706,pest,weather_lag3,1
39.055115,129.0,89.944885,8090.0825,107.04212,pest,weather_lag3,1
63.495705,90.0,26.504295,702.47766,34.534252,pest,weather_lag3,1
52.67077,24.0,28.670769,822.013,74.78931,pest,weather_lag3,1
37.1821,43.000008,5.8179092,33.84807,14.51174,pest,weather_lag3,1
36.641563,59.0,22.358437,499.8997,46.754642,pest,weather_lag3,1
37.659683,54.0,16.340317,267.00595,35.654316,pest,weather_lag3,1
34.00438,42.0,7.9956207,63.92995,21.039894,pest,weather_lag3,1
32.14158,110.0,77.85842,6061.9336,109.55052,pest,weather_lag3,1
34.23951,102.0,67.76049,4591.484,99.4726,pest,weather_lag3,1
45.13375,31.0,14.133751,199.76291,37.128742,pest,weather_lag3,1
28.534584,87.0,58.465416,3418.2048,101.20851,pest,weather_lag3,1
33.812927,20.0,13.812927,190.79697,51.336838,pest,weather_lag3,1
39.03887,24.0,15.038872,226.16766,47.713013,pest,weather_lag3,1
109.024475,74.0,35.024475,1226.7139,38.272995,pest,weather_lag3,1
64.08921,88.99999,24.910782,620.54706,32.54414,pest,weather_lag3,1
33.83792,126.0,92.16208,8493.849,115.31942,pest,weather_lag3,1
40.567856,84.0,43.432144,1886.3512,69.732506,pest,weather_lag3,1
31.652596,152.0,120.347404,14483.498,131.05984,pest,weather_lag3,1
45.35573,78.0,32.64427,1065.6484,52.927048,pest,weather_lag3,1
39.67679,52.0,12.323212,151.86154,26.88404,pest,weather_lag3,1
116.287384,83.0,33.287384,1108.0499,33.406414,pest,weather_lag3,1
128.77664,103.0,25.776642,664.43524,22.242659,pest,weather_lag3,1
105.19156,99.0,6.191559,38.3354,6.064461,pest,weather_lag3,1
41.279594,128.0,86.720406,7520.4287,102.45819,pest,weather_lag3,1
45.92283,118.0,72.07717,5195.1187,87.94038,pest,weather_lag3,1
46.04238,52.0,5.9576187,35.49322,12.15315,pest,weather_lag3,1
33.333405,40.0,6.6665955,44.443497,18.181606,pest,weather_lag3,1
29.28572,88.99999,59.71427,3565.7942,100.966156,pest,weather_lag3,1
40.54595,81.0,40.45405,1636.53,66.56585,pest,weather_lag3,1
31.117325,75.0,43.882675,1925.6892,82.705956,pest,weather_lag3,1
36.563232,100.0,63.436768,4024.2234,92.90461,pest,weather_lag3,1
43.942436,64.0,20.057564,402.30588,37.163445,pest,weather_lag3,1
47.454567,63.0,15.545433,241.66049,28.148102,pest,weather_lag3,1
43.99401,57.0,13.005989,169.15575,25.75596,pest,weather_lag3,1
42.01255,69.0,26.98745,728.32245,48.620537,pest,weather_lag3,1
47.136284,82.0,34.863716,1215.4788,53.995228,pest,weather_lag3,1
45.611008,34.000008,11.611,134.81532,29.16933,pest,weather_lag3,1
32.731056,34.000008,1.2689514,1.6102377,3.8031805,pest,weather_lag3,1
30.554893,51.0,20.445107,418.00238,50.13827,pest,weather_lag3,1
33.15905,8.000008,25.159042,632.9774,122.25276,pest,weather_lag3,1
19.092117,6.0,13.092117,171.40353,104.352425,pest,weather_lag3,1
14.545441,10.000008,4.545433,20.660961,37.036873,pest,weather_lag3,1
17.480766,8.000008,9.480759,89.88479,74.415,pest,weather_lag3,1
26.085457,6.0,20.085457,403.42557,125.19976,pest,weather_lag3,1
35.909668,136.0,100.09033,10018.074,116.44527,pest,weather_lag3,1
68.30273,136.0,67.69727,4582.921,66.27153,pest,weather_lag3,1
82.89844,169.0,86.10156,7413.479,68.36212,pest,weather_lag3,1
80.900986,71.0,9.900986,98.02952,13.036105,pest,weather_lag3,1
40.422966,132.0,91.577034,8386.354,106.2237,pest,weather_lag3,1
54.356926,116.0,61.643074,3799.8687,72.369316,pest,weather_lag3,1
71.99786,2.9999998,68.99786,4760.705,183.99954,pest,weather_lag3,1
35.869873,16.0,19.869873,394.81186,76.61431,pest,weather_lag3,1
32.056152,106.0,73.94385,5467.6924,107.12141,pest,weather_lag3,1
46.621758,124.0,77.37824,5987.3926,90.70149,pest,weather_lag3,1
47.10147,127.0,79.89853,6383.775,91.78387,pest,weather_lag3,1
53.3675,225.0,171.6325,29457.717,123.313614,pest,weather_lag3,1
85.40997,197.0,111.59003,12452.334,79.02697,pest,weather_lag3,1
82.23186,191.0,108.76814,11830.509,79.616,pest,weather_lag3,1
63.979004,168.0,104.020996,10820.367,89.68139,pest,weather_lag3,1
64.18076,214.0,149.81924,22445.807,107.71359,pest,weather_lag3,1
82.57278,152.0,69.42722,4820.139,59.19461,pest,weather_lag3,1
87.46136,136.0,48.538643,2355.9998,43.442535,pest,weather_lag3,1
86.07492,225.99998,139.92506,19579.023,89.674034,pest,weather_lag3,1
147.62933,241.0,93.37067,8718.081,48.05127,pest,weather_lag3,1
182.51476,162.0,20.514755,420.8552,11.909362,pest,weather_lag3,1
151.8936,216.0,64.1064,4109.6304,34.85051,pest,weather_lag3,1
152.66826,190.0,37.33174,1393.6589,21.788853,pest,weather_lag3,1
173.85173,158.0,15.85173,251.27736,9.553501,pest,weather_lag3,1
187.19354,165.0,22.193542,492.5533,12.603037,pest,weather_lag3,1
196.66644,195.0,1.6664429,2.777032,0.85095,pest,weather_lag3,1
210.82771,232.0,21.172287,448.26575,9.562313,pest,weather_lag3,1
219.31233,201.0,18.312332,335.34152,8.713678,pest,weather_lag3,1
194.24243,285.0,90.75757,8236.937,37.87543,pest,weather_lag3,1
215.05101,237.0,21.94899,481.75815,9.710846,pest,weather_lag3,1
211.0519,190.0,21.051895,443.18228,10.498341,pest,weather_lag3,1
188.57376,183.0,5.573761,31.06681,3.0000832,pest,weather_lag3,1
194.13167,233.0,38.868332,1510.7472,18.199696,pest,weather_lag3,1
268.24237,186.0,82.24237,6763.8076,36.21079,pest,weather_lag3,1
246.30872,205.0,41.308716,1706.41,18.30619,pest,weather_lag3,1
190.80836,209.0,18.191635,330.93558,9.100178,pest,weather_lag3,1
167.04176,282.0,114.95824,13215.396,51.201584,pest,weather_lag3,1
176.03036,189.0,12.969635,168.21143,7.106058,pest,weather_lag3,1
207.06604,185.0,22.06604,486.91013,11.256288,pest,weather_lag3,1
211.40538,299.0,87.59462,7672.8174,34.323547,pest,weather_lag3,1
232.72052,304.0,71.27948,5080.764,26.561117,pest,weather_lag3,1
228.92175,288.0,59.078247,3490.2393,22.857714,pest,weather_lag3,1
202.58395,266.0,63.416046,4021.595,27.0671,pest,weather_lag3,1
175.49422,222.0,46.505783,2162.7878,23.399479,pest,weather_lag3,1
154.69676,134.0,20.696762,428.35596,14.338062,pest,weather_lag3,1
141.8291,201.0,59.1709,3501.1953,34.51918,pest,weather_lag3,1
166.80238,232.0,65.19762,4250.729,32.696705,pest,weather_lag3,1
177.93942,298.0,120.06058,14414.542,50.45204,pest,weather_lag3,1
181.75005,248.0,66.249954,4389.0566,30.831852,pest,weather_lag3,1
165.11058,59.0,106.11058,11259.455,94.69484,pest,weather_lag3,1
122.22266,35.0,87.22266,7607.792,110.95431,pest,weather_lag3,1
106.15671,32.000008,74.1567,5499.2163,107.35158,pest,weather_lag3,1
116.5568,25.0,91.5568,8382.647,129.357,pest,weather_lag3,1
116.782745,29.0,87.782745,7705.8105,120.42954,pest,weather_lag3,1
97.69741,75.0,22.69741,515.1724,26.285755,pest,weather_lag3,1
84.4939,49.0,35.493896,1259.8167,53.176807,pest,weather_lag3,1
65.107445,92.0,26.892555,723.20953,34.2346,pest,weather_lag3,1
65.42685,139.0,73.57315,5413.0083,71.97993,pest,weather_lag3,1
85.60163,119.0,33.39837,1115.451,32.647217,pest,weather_lag3,1
77.137825,82.0,4.862175,23.640745,6.1106467,pest,weather_lag3,1
57.85121,217.0,159.14879,25328.336,115.807236,pest,weather_lag3,1
102.770195,205.0,102.229805,10450.933,66.432556,pest,weather_lag3,1
121.84918,155.0,33.150818,1098.9767,23.948648,pest,weather_lag3,1
87.406044,244.0,156.59396,24521.67,94.502785,pest,weather_lag3,1
103.63857,140.0,36.361427,1322.1534,29.848661,pest,weather_lag3,1
105.05204,211.0,105.94796,11224.97,67.04463,pest,weather_lag3,1
118.09491,117.0,1.0949097,1.1988271,0.9314618,pest,weather_lag3,1
130.41032,270.0,139.58968,19485.277,69.72331,pest,weather_lag3,1
176.6977,282.0,105.30231,11088.576,45.913597,pest,weather_lag3,1
205.71037,251.99998,46.28961,2142.7283,20.226597,pest,weather_lag3,1
206.64365,166.0,40.643646,1651.906,21.81368,pest,weather_lag3,1
161.0449,150.0,11.044907,121.98996,7.1018076,pest,weather_lag3,1
144.70343,152.0,7.29657,53.239933,4.9184265,pest,weather_lag3,1
150.60327,160.0,9.3967285,88.29851,6.0506306,pest,weather_lag3,1
166.96057,168.0,1.0394287,1.080412,0.6206275,pest,weather_lag3,1
188.1323,139.0,49.132294,2413.9822,30.038181,pest,weather_lag3,1
191.98744,165.0,26.987442,728.322,15.119548,pest,weather_lag3,1
176.03674,87.0,89.03674,7927.5415,67.69909,pest,weather_lag3,1
146.8418,123.0,23.841797,568.4313,17.670944,pest,weather_lag3,1
134.24344,46.0,88.24344,7786.9043,97.91584,pest,weather_lag3,1
115.89507,42.0,73.89507,5460.482,93.60022,pest,weather_lag3,1
98.37375,58.0,40.37375,1630.0396,51.6375,pest,weather_lag3,1
80.44641,46.999992,33.44642,1118.663,52.487034,pest,weather_lag3,1
62.44285,143.0,80.55715,6489.4546,78.422935,pest,weather_lag3,1
66.817055,159.0,92.182945,8497.695,81.64392,pest,weather_lag3,1
74.56785,133.0,58.43215,3414.3164,56.301735,pest,weather_lag3,1
79.205284,167.0,87.794716,7707.912,71.3183,pest,weather_lag3,1
84.000786,128.0,43.999214,1935.9309,41.508537,pest,weather_lag3,1
93.585106,256.0,162.41489,26378.596,92.918655,pest,weather_lag3,1
138.02516,200.0,61.97484,3840.8806,36.668774,pest,weather_lag3,1
153.78183,288.0,134.21817,18014.518,60.762196,pest,weather_lag3,1
153.03017,211.0,57.969833,3360.5015,31.848919,pest,weather_lag3,1
141.015,190.0,48.985,2399.5303,29.596844,pest,weather_lag3,1
130.28662,101.0,29.286621,857.7062,25.324959,pest,weather_lag3,1
150.05864,128.0,22.05864,486.5836,15.866177,pest,weather_lag3,1
195.9106,206.0,10.089401,101.79602,5.0207195,pest,weather_lag3,1
215.89366,198.0,17.893661,320.18314,8.646502,pest,weather_lag3,1
197.862,203.0,5.1380005,26.39905,2.563476,pest,weather_lag3,1
175.38748,154.0,21.387482,457.42438,12.986215,pest,weather_lag3,1
149.20578,215.0,65.79422,4328.8794,36.130245,pest,weather_lag3,1
162.7744,143.0,19.774399,391.02686,12.933978,pest,weather_lag3,1
184.07074,101.0,83.07074,6900.7476,58.28079,pest,weather_lag3,1
181.99315,148.0,33.99315,1155.5342,20.602335,pest,weather_lag3,1
179.78395,240.0,60.21605,3625.9727,28.689068,pest,weather_lag3,1
192.39435,242.0,49.60565,2460.7207,22.838995,pest,weather_lag3,1
179.64085,214.0,34.359146,1180.5509,17.457104,pest,weather_lag3,1
168.75427,130.0,38.754272,1501.8937,25.94391,pest,weather_lag3,1
149.48871,122.0,27.488708,755.6291,20.25035,pest,weather_lag3,1
139.0185,163.0,23.981506,575.1127,15.88082,pest,weather_lag3,1
146.991,106.0,40.990997,1680.2618,32.4051,pest,weather_lag3,1
138.05565,144.0,5.944351,35.33531,4.21502,pest,weather_lag3,1
153.42111,106.0,47.421112,2248.762,36.559177,pest,weather_lag3,1
160.29086,96.0,64.29086,4133.315,50.17024,pest,weather_lag3,1
166.54861,51.0,115.548615,13351.482,106.22785,pest,weather_lag3,1
147.10637,121.0,26.106369,681.5425,19.474634,pest,weather_lag3,1
153.74287,127.0,26.742874,715.18134,19.051508,pest,weather_lag3,1
151.70079,141.0,10.70079,114.50691,7.31176,pest,weather_lag3,1
135.5163,117.0,18.516296,342.85324,14.665426,pest,weather_lag3,1
120.25317,120.0,0.2531662,0.06409313,0.21074952,pest,weather_lag3,1
130.5631,108.0,22.563095,509.09326,18.91583,pest,weather_lag3,1
168.6021,76.0,92.6021,8575.148,75.71652,pest,weather_lag3,1
184.22849,98.0,86.228485,7435.3516,61.105442,pest,weather_lag3,1
196.71951,75.0,121.71951,14815.64,89.592026,pest,weather_lag3,1
181.33966,44.0,137.33966,18862.182,121.89568,pest,weather_lag3,1
163.5442,135.0,28.544205,814.7716,19.122263,pest,weather_lag3,1
178.56119,123.0,55.561188,3087.0457,36.84903,pest,weather_lag3,1
172.73682,186.0,13.263184,175.91203,7.394381,pest,weather_lag3,1
178.77829,213.0,34.22171,1171.1255,17.469936,pest,weather_lag3,1
176.39476,144.0,32.39476,1049.4205,20.221779,pest,weather_lag3,1
145.76324,149.0,3.2367554,10.476585,2.196173,pest,weather_lag3,1
131.33018,108.0,23.330185,544.29755,19.496233,pest,weather_lag3,1
114.89212,146.0,31.10788,967.7002,23.847313,pest,weather_lag3,1
141.35258,125.0,16.352585,267.40704,12.2789,pest,weather_lag3,1
159.49951,159.0,0.49951172,0.24951196,0.3136656,pest,weather_lag3,1
181.77344,166.0,15.7734375,248.80133,9.0711,pest,weather_lag3,1
183.54364,191.0,7.45636,55.5973,3.9815705,pest,weather_lag3,1
199.65808,134.0,65.65808,4310.9834,39.356506,pest,weather_lag3,1
190.943,190.0,0.94299316,0.8892361,0.49508363,pest,weather_lag3,1
198.10974,127.0,71.10974,5056.595,43.74507,pest,weather_lag3,1
194.34464,168.0,26.344635,694.0398,14.541203,pest,weather_lag3,1
199.77452,124.0,75.77452,5741.778,46.80697,pest,weather_lag3,1
178.29053,185.0,6.7094727,45.017025,3.693723,pest,weather_lag3,1
174.61163,95.0,79.61163,6338.012,59.056526,pest,weather_lag3,1
151.82906,178.0,26.170944,684.91833,15.8694,pest,weather_lag3,1
152.79756,143.0,9.797562,95.99221,6.624505,pest,weather_lag3,1
160.01067,142.0,18.010666,324.3841,11.927172,pest,weather_lag3,1
152.21259,116.0,36.212585,1311.3513,27.002897,pest,weather_lag3,1
138.89865,173.0,34.10135,1162.902,21.866941,pest,weather_lag3,1
147.47762,147.0,0.47761536,0.22811642,0.32438144,pest,weather_lag3,1
153.29889,106.0,47.29889,2237.1848,36.482136,pest,weather_lag3,1
145.61504,130.0,15.615036,243.82935,11.331047,pest,weather_lag3,1
167.19371,154.0,13.19371,174.07399,8.215423,pest,weather_lag3,1
191.2637,84.0,107.2637,11505.502,77.935234,pest,weather_lag3,1
266.9611,210.0,56.96109,3244.5657,23.885006,pest,weather_lag3,3
221.50276,131.0,90.50276,8190.75,51.348686,pest,weather_lag3,3
194.85568,103.0,91.85568,8437.467,61.67798,pest,weather_lag3,3
192.9116,157.0,35.911606,1289.6434,20.5261,pest,weather_lag3,3
196.79721,165.0,31.79721,1011.0626,17.577366,pest,weather_lag3,3
184.82272,202.0,17.177277,295.05884,8.881213,pest,weather_lag3,3
161.61456,218.0,56.385437,3179.3176,29.706678,pest,weather_lag3,3
129.29918,218.0,88.70082,7867.8354,51.080353,pest,weather_lag3,3
115.47955,142.0,26.520447,703.3341,20.600042,pest,weather_lag3,3
117.50289,161.0,43.49711,1891.9984,31.236378,pest,weather_lag3,3
131.64822,170.0,38.351776,1470.8588,25.428146,pest,weather_lag3,3
134.92606,172.0,37.073944,1374.4773,24.158226,pest,weather_lag3,3
133.78938,222.0,88.21062,7781.113,49.585865,pest,weather_lag3,3
124.18064,186.0,61.81936,3821.633,39.86023,pest,weather_lag3,3
114.366394,223.0,108.633606,11801.261,64.40096,pest,weather_lag3,3
119.59916,163.0,43.40084,1883.6329,30.715477,pest,weather_lag3,3
127.29726,109.0,18.297256,334.78958,15.486643,pest,weather_lag3,3
134.3326,199.0,64.667404,4181.873,38.80053,pest,weather_lag3,3
146.22847,116.0,30.22847,913.7604,23.055065,pest,weather_lag3,3
167.03723,101.0,66.03723,4360.916,49.27467,pest,weather_lag3,3
158.62161,119.0,39.621613,1569.8722,28.54361,pest,weather_lag3,3
116.022125,55.0,61.022125,3723.6997,71.36167,pest,weather_lag3,3
96.69614,52.0,44.696136,1997.7446,60.117416,pest,weather_lag3,3
92.74082,61.0,31.740822,1007.4798,41.29134,pest,weather_lag3,3
86.42004,93.0,6.5799637,43.29592,7.3347034,pest,weather_lag3,3
81.944,98.0,16.056,257.79514,17.845552,pest,weather_lag3,3
75.24974,98.0,22.75026,517.5743,26.262966,pest,weather_lag3,3
57.776352,108.0,50.223648,2522.4148,60.592056,pest,weather_lag3,3
47.757942,46.999992,0.7579498,0.5744879,1.5997602,pest,weather_lag3,3
44.415695,32.000008,12.415688,154.14929,32.49512,pest,weather_lag3,3
41.567566,48.0,6.432434,41.37621,14.363311,pest,weather_lag3,3
35.24765,114.0,78.75235,6201.9326,105.53244,pest,weather_lag3,3
31.94271,85.0,53.05729,2815.076,90.740654,pest,weather_lag3,3
28.299515,105.0,76.700485,5882.9644,115.07992,pest,weather_lag3,3
29.805573,97.0,67.19443,4515.0913,105.98024,pest,weather_lag3,3
29.173721,118.0,88.82628,7890.108,120.709435,pest,weather_lag3,3
29.802254,67.0,37.197746,1383.6724,76.85306,pest,weather_lag3,3
29.359505,46.999992,17.640488,311.1868,46.203785,pest,weather_lag3,3
31.855362,90.0,58.144638,3380.7988,95.43222,pest,weather_lag3,3
32.5821,129.0,96.4179,9296.411,119.3423,pest,weather_lag3,3
32.05239,90.0,57.94761,3357.9253,94.9553,pest,weather_lag3,3
29.497482,24.0,5.4974823,30.222311,20.552303,pest,weather_lag3,3
29.279114,43.000008,13.720894,188.26292,37.966408,pest,weather_lag3,3
26.382057,59.0,32.617943,1063.9302,76.40468,pest,weather_lag3,3
21.996033,54.0,32.003967,1024.2539,84.225365,pest,weather_lag3,3
23.181862,42.0,18.818138,354.1223,57.740414,pest,weather_lag3,3
24.08525,110.0,85.91475,7381.344,128.14944,pest,weather_lag3,3
25.842415,102.0,76.157585,5799.9775,119.1429,pest,weather_lag3,3
24.523659,31.0,6.4763412,41.942997,23.328222,pest,weather_lag3,3
24.052109,87.0,62.94789,3962.437,113.3664,pest,weather_lag3,3
22.32518,20.0,2.32518,5.406462,10.987219,pest,weather_lag3,3
21.149872,24.0,2.8501282,8.123231,12.625188,pest,weather_lag3,3
20.756325,74.0,53.243675,2834.889,112.3802,pest,weather_lag3,3
20.568916,88.99999,68.431076,4682.812,124.90966,pest,weather_lag3,3
21.34858,126.0,104.65142,10951.92,142.04605,pest,weather_lag3,3
22.878372,84.0,61.121628,3735.8533,114.376045,pest,weather_lag3,3
29.450264,152.0,122.549736,15018.4375,135.07805,pest,weather_lag3,3
35.02311,78.0,42.97689,1847.0131,76.049736,pest,weather_lag3,3
38.995552,52.0,13.004448,169.11566,28.582603,pest,weather_lag3,3
40.549026,83.0,42.450974,1802.0852,68.71924,pest,weather_lag3,3
36.893555,103.0,66.106445,4370.062,94.509636,pest,weather_lag3,3
33.327362,99.0,65.67264,4312.8955,99.257835,pest,weather_lag3,3
29.86245,128.0,98.13755,9630.979,124.33298,pest,weather_lag3,3
31.545212,118.0,86.45479,7474.43,115.62362,pest,weather_lag3,3
32.811813,52.0,19.188187,368.1865,45.248856,pest,weather_lag3,3
34.351562,40.0,5.6484375,31.904846,15.193863,pest,weather_lag3,3
35.887352,88.99999,53.11264,2820.9526,85.056885,pest,weather_lag3,3
35.153473,81.0,45.846527,2101.904,78.94129,pest,weather_lag3,3
34.00949,75.0,40.99051,1680.2218,75.2054,pest,weather_lag3,3
34.133263,100.0,65.86674,4338.4272,98.21089,pest,weather_lag3,3
30.694138,64.0,33.305862,1109.2805,70.344086,pest,weather_lag3,3
29.616661,63.0,33.38334,1114.4473,72.08927,pest,weather_lag3,3
26.92414,57.0,30.07586,904.5573,71.67392,pest,weather_lag3,3
27.32177,69.0,41.67823,1737.0748,86.53958,pest,weather_lag3,3
27.541275,82.0,54.458725,2965.7527,99.43051,pest,weather_lag3,3
28.888664,34.000008,5.1113434,26.125832,16.25521,pest,weather_lag3,3
27.149658,34.000008,6.8503494,46.927288,22.405191,pest,weather_lag3,3
26.561897,51.0,24.438103,597.2209,63.01574,pest,weather_lag3,3
24.573746,8.000008,16.573738,274.68878,101.76131,pest,weather_lag3,3
25.525177,6.0,19.525177,381.23254,123.87038,pest,weather_lag3,3
27.652023,10.000008,17.652016,311.59366,93.76395,pest,weather_lag3,3
27.490906,8.000008,19.490898,379.8951,109.83599,pest,weather_lag3,3
26.340874,6.0,20.340874,413.75113,125.7905,pest,weather_lag3,3
30.26654,136.0,105.73346,11179.564,127.185486,pest,weather_lag3,3
33.025772,136.0,102.97423,10603.691,121.84441,pest,weather_lag3,3
34.862938,169.0,134.13705,17992.75,131.59532,pest,weather_lag3,3
38.59324,71.0,32.40676,1050.1981,59.140076,pest,weather_lag3,3
43.7342,132.0,88.2658,7790.8516,100.45376,pest,weather_lag3,3
48.621017,116.0,67.37898,4539.9272,81.85952,pest,weather_lag3,3
46.937157,2.9999998,43.937157,1930.4738,175.96979,pest,weather_lag3,3
43.785324,16.0,27.785324,772.02423,92.95032,pest,weather_lag3,3
42.98736,106.0,63.01264,3970.593,84.5879,pest,weather_lag3,3
33.057556,124.0,90.942444,8270.528,115.80779,pest,weather_lag3,3
28.042236,127.0,98.95776,9792.639,127.65266,pest,weather_lag3,3
28.007515,225.0,196.9925,38806.043,155.72067,pest,weather_lag3,3
33.386322,197.0,163.61368,26769.436,142.0342,pest,weather_lag3,3
36.69438,191.0,154.30562,23810.225,135.53748,pest,weather_lag3,3
44.001358,168.0,123.99864,15375.663,116.979095,pest,weather_lag3,3
52.681526,214.0,161.31848,26023.652,120.982124,pest,weather_lag3,3
64.50403,152.0,87.49597,7655.545,80.82618,pest,weather_lag3,3
96.99626,136.0,39.00374,1521.2916,33.48014,pest,weather_lag3,3
135.83826,225.99998,90.16173,8129.137,49.835377,pest,weather_lag3,3
173.08885,241.0,67.91115,4611.924,32.800278,pest,weather_lag3,3
221.3146,162.0,59.314606,3518.2224,30.948263,pest,weather_lag3,3
263.54694,216.0,47.546936,2260.7112,19.82994,pest,weather_lag3,3
278.2538,190.0,88.253815,7788.736,37.694862,pest,weather_lag3,3
275.18225,158.0,117.18225,13731.68,54.10298,pest,weather_lag3,3
274.8648,165.0,109.86481,12070.275,49.9539,pest,weather_lag3,3
258.4181,195.0,63.41809,4021.8542,27.97334,pest,weather_lag3,3
229.60649,232.0,2.393509,5.7288847,1.0370343,pest,weather_lag3,3
208.96655,201.0,7.9665527,63.46596,3.8864403,pest,weather_lag3,3
193.86734,285.0,91.13266,8305.162,38.061756,pest,weather_lag3,3
181.15929,237.0,55.840714,3118.1853,26.707867,pest,weather_lag3,3
183.07877,190.0,6.921234,47.90348,3.710334,pest,weather_lag3,3
184.52576,183.0,1.5257568,2.327934,0.8302856,pest,weather_lag3,3
189.68636,233.0,43.313644,1876.0718,20.494461,pest,weather_lag3,3
192.84436,186.0,6.8443604,46.84527,3.6132834,pest,weather_lag3,3
250.17975,205.0,45.17975,2041.2097,19.851389,pest,weather_lag3,3
216.66733,209.0,7.667328,58.787918,3.6024976,pest,weather_lag3,3
188.52544,282.0,93.47456,8737.494,39.73199,pest,weather_lag3,3
183.98254,189.0,5.017456,25.174866,2.690451,pest,weather_lag3,3
202.3258,185.0,17.325806,300.18353,8.946373,pest,weather_lag3,3
209.11734,299.0,89.88266,8078.8926,35.378704,pest,weather_lag3,3
196.80492,304.0,107.19508,11490.786,42.809116,pest,weather_lag3,3
184.72412,288.0,103.27588,10665.907,43.69393,pest,weather_lag3,3
169.63586,266.0,96.364136,9286.047,44.24068,pest,weather_lag3,3
141.71509,222.0,80.28491,6445.667,44.147144,pest,weather_lag3,3
123.342094,134.0,10.657906,113.59095,8.283064,pest,weather_lag3,3
116.923584,201.0,84.076416,7068.8438,52.890957,pest,weather_lag3,3
123.17466,232.0,108.82534,11842.955,61.279903,pest,weather_lag3,3
126.577194,298.0,171.4228,29385.78,80.749886,pest,weather_lag3,3
123.066,248.0,124.934,15608.504,67.33788,pest,weather_lag3,3
121.593025,59.0,62.593025,3917.8867,69.319435,pest,weather_lag3,3
107.39623,35.0,72.39623,5241.2144,101.682785,pest,weather_lag3,3
105.25442,32.000008,73.25441,5366.2085,106.742516,pest,weather_lag3,3
115.42297,25.0,90.42297,8176.314,128.78658,pest,weather_lag3,3
133.60156,29.0,104.60156,10941.487,128.65997,pest,weather_lag3,3
153.81564,75.0,78.81564,6211.906,68.89008,pest,weather_lag3,3
164.00865,49.0,115.00865,13226.99,107.98496,pest,weather_lag3,3
107.03761,92.0,15.037613,226.1298,15.110323,pest,weather_lag3,3
66.21965,139.0,72.78035,5296.9795,70.92922,pest,weather_lag3,3
48.16636,119.0,70.83364,5017.405,84.74629,pest,weather_lag3,3
39.104767,82.0,42.895233,1840.001,70.839874,pest,weather_lag3,3
38.862114,217.0,178.13788,31733.104,139.24521,pest,weather_lag3,3
47.262093,205.0,157.73792,24881.25,125.05876,pest,weather_lag3,3
67.42035,155.0,87.57965,7670.1953,78.75147,pest,weather_lag3,3
81.625824,244.0,162.37418,26365.373,99.73053,pest,weather_lag3,3
83.61698,140.0,56.38302,3179.0447,50.42821,pest,weather_lag3,3
91.45864,211.0,119.54136,14290.137,79.04642,pest,weather_lag3,3
112.665794,117.0,4.3342056,18.78534,3.7743587,pest,weather_lag3,3
134.95528,270.0,135.04472,18237.078,66.69612,pest,weather_lag3,3
162.74173,282.0,119.25827,14222.535,53.630344,pest,weather_lag3,3
204.10216,251.99998,47.897827,2294.202,21.003113,pest,weather_lag3,3
236.6253,166.0,70.625305,4987.9336,35.082397,pest,weather_lag3,3
205.83717,150.0,55.837173,3117.79,31.383553,pest,weather_lag3,3
164.26208,152.0,12.262085,150.35873,7.7543817,pest,weather_lag3,3
159.1586,160.0,0.84140015,0.7079542,0.5272615,pest,weather_lag3,3
167.39749,168.0,0.60250854,0.36301655,0.3592803,pest,weather_lag3,3
185.64719,139.0,46.647186,2175.96,28.737158,pest,weather_lag3,3
197.8751,165.0,32.875107,1080.7727,18.11924,pest,weather_lag3,3
199.7619,87.0,112.7619,12715.246,78.644966,pest,weather_lag3,3
180.21817,123.0,57.21817,3273.919,37.740593,pest,weather_lag3,3
164.23318,46.0,118.233185,13979.086,112.478134,pest,weather_lag3,3
154.52295,42.0,112.52295,12661.414,114.5138,pest,weather_lag3,3
150.94376,58.0,92.943756,8638.542,88.96533,pest,weather_lag3,3
143.62726,46.999992,96.627266,9336.828,101.37823,pest,weather_lag3,3
125.83195,143.0,17.168053,294.74203,12.77233,pest,weather_lag3,3
102.02499,159.0,56.975014,3246.152,43.654835,pest,weather_lag3,3
81.66904,133.0,51.330963,2634.8677,47.823353,pest,weather_lag3,3
67.892456,167.0,99.107544,9822.306,84.38546,pest,weather_lag3,3
78.7632,128.0,49.2368,2424.2627,47.62627,pest,weather_lag3,3
96.25605,256.0,159.74396,25518.133,90.69764,pest,weather_lag3,3
115.88818,200.0,84.11182,7074.798,53.25417,pest,weather_lag3,3
136.51558,288.0,151.48442,22947.53,71.36813,pest,weather_lag3,3
149.07881,211.0,61.92119,3834.2336,34.39313,pest,weather_lag3,3
188.74881,190.0,1.2511902,1.5654769,0.66069657,pest,weather_lag3,3
202.08734,101.0,101.08734,10218.65,66.70509,pest,weather_lag3,3
232.33717,128.0,104.33717,10886.246,57.91086,pest,weather_lag3,3
247.57867,206.0,41.578674,1728.7861,18.33361,pest,weather_lag3,3
243.65997,198.0,45.659973,2084.8333,20.676527,pest,weather_lag3,3
248.82379,203.0,45.82379,2099.8198,20.28392,pest,weather_lag3,3
240.57906,154.0,86.579056,7495.933,43.884266,pest,weather_lag3,3
209.03622,215.0,5.9637756,35.56662,2.8128614,pest,weather_lag3,3
167.82173,143.0,24.821732,616.11835,15.971684,pest,weather_lag3,3
161.55803,101.0,60.55803,3667.275,46.12925,pest,weather_lag3,3
170.76398,148.0,22.763977,518.19867,14.282653,pest,weather_lag3,3
175.50333,240.0,64.49667,4159.821,31.045082,pest,weather_lag3,3
176.0342,242.0,65.965805,4351.4873,31.560007,pest,weather_lag3,3
177.49527,214.0,36.50473,1332.5953,18.648874,pest,weather_lag3,3
171.42714,130.0,41.42714,1716.2079,27.487335,pest,weather_lag3,3
162.86766,122.0,40.86766,1670.1656,28.692383,pest,weather_lag3,3
150.69687,163.0,12.303131,151.36703,7.8439617,pest,weather_lag3,3
152.96083,106.0,46.96083,2205.3196,36.268677,pest,weather_lag3,3
165.65364,144.0,21.65364,468.88016,13.985718,pest,weather_lag3,3
167.17883,106.0,61.178833,3742.8496,44.790318,pest,weather_lag3,3
160.60065,96.0,64.60065,4173.2437,50.35112,pest,weather_lag3,3
157.98833,51.0,106.98833,11446.502,102.386894,pest,weather_lag3,3
153.3309,121.0,32.330902,1045.2872,23.570732,pest,weather_lag3,3
135.43047,127.0,8.430466,71.072754,6.4249134,pest,weather_lag3,3
124.22891,141.0,16.771088,281.26938,12.646501,pest,weather_lag3,3
120.90269,117.0,3.902687,15.230967,3.2809105,pest,weather_lag3,3
121.42032,120.0,1.4203186,2.017305,1.1766355,pest,weather_lag3,3
125.116844,108.0,17.116844,292.98636,14.6852045,pest,weather_lag3,3
137.82074,76.0,61.82074,3821.804,57.824833,pest,weather_lag3,3
156.12544,98.0,58.125443,3378.5671,45.745476,pest,weather_lag3,3
179.7773,75.0,104.7773,10978.282,82.25011,pest,weather_lag3,3
192.70172,44.0,148.70172,22112.201,125.64481,pest,weather_lag3,3
190.85683,135.0,55.856827,3119.985,34.28305,pest,weather_lag3,3
185.58582,123.0,62.585815,3916.9844,40.562992,pest,weather_lag3,3
180.38243,186.0,5.617569,31.557081,3.0665054,pest,weather_lag3,3
169.48103,213.0,43.518967,1893.9005,22.756144,pest,weather_lag3,3
158.61966,144.0,14.619659,213.73444,9.662068,pest,weather_lag3,3
141.70567,149.0,7.294327,53.207203,5.018358,pest,weather_lag3,3
132.55309,108.0,24.553085,602.854,20.41386,pest,weather_lag3,3
131.67145,146.0,14.328552,205.3074,10.320509,pest,weather_lag3,3
148.15807,125.0,23.158066,536.296,16.955797,pest,weather_lag3,3
173.94957,159.0,14.94957,223.48964,8.98008,pest,weather_lag3,3
195.27654,166.0,29.276535,857.1155,16.207272,pest,weather_lag3,3
219.64847,191.0,28.648468,820.73474,13.952795,pest,weather_lag3,3
238.392,134.0,104.392,10897.689,56.065647,pest,weather_lag3,3
238.3405,190.0,48.3405,2336.804,22.571062,pest,weather_lag3,3
229.85286,127.0,102.85286,10578.711,57.64441,pest,weather_lag3,3
210.24811,168.0,42.248108,1784.9026,22.338835,pest,weather_lag3,3
192.03812,124.0,68.03812,4629.185,43.056904,pest,weather_lag3,3
181.10979,185.0,3.890213,15.133758,2.125162,pest,weather_lag3,3
178.56384,95.0,83.56384,6982.916,61.09275,pest,weather_lag3,3
182.24162,178.0,4.241623,17.991365,2.3548765,pest,weather_lag3,3
183.10414,143.0,40.10414,1608.3422,24.595911,pest,weather_lag3,3
181.09096,142.0,39.090958,1528.103,24.198114,pest,weather_lag3,3
181.85094,116.0,65.85094,4336.3457,44.217377,pest,weather_lag3,3
163.57376,173.0,9.426239,88.85398,5.6012917,pest,weather_lag3,3
145.22942,147.0,1.7705841,3.134968,1.2117767,pest,weather_lag3,3
123.80628,106.0,17.806282,317.0637,15.496776,pest,weather_lag3,3
107.58249,130.0,22.417511,502.5448,18.87135,pest,weather_lag3,3
103.495674,154.0,50.504326,2550.687,39.22732,pest,weather_lag3,3
97.75951,84.0,13.759506,189.324,15.140343,pest,weather_lag3,3
