y_pred,y_true,abs_error,squared_error,smape,dataset,scenario,horizon
40.0046,45.0,4.9953995,24.954016,11.753244,disease,weather,1
40.275864,36.0,4.2758636,18.28301,11.211577,disease,weather,1
32.57688,39.0,6.4231186,41.25645,17.947466,disease,weather,1
33.390816,33.0,0.39081573,0.15273693,1.1773187,disease,weather,1
31.346992,46.0,14.6530075,214.71063,37.889015,disease,weather,1
37.798893,61.0,23.201107,538.2914,46.96633,disease,weather,1
50.095844,40.0,10.095844,101.92607,22.411343,disease,weather,1
33.93297,86.0,52.06703,2710.9758,86.82689,disease,weather,1
54.559757,85.0,30.440243,926.6084,43.623238,disease,weather,1
55.28646,89.0,33.71354,1136.6027,46.731396,disease,weather,1
55.448803,75.0,19.551197,382.2493,29.97528,disease,weather,1
50.803673,63.0,12.196327,148.7504,21.433977,disease,weather,1
43.479313,62.0,18.520687,343.01584,35.117195,disease,weather,1
49.867077,73.0,23.132923,535.13214,37.6552,disease,weather,1
49.786583,71.0,21.213417,450.00906,35.125454,disease,weather,1
41.571415,72.0,30.428585,925.8988,53.584938,disease,weather,1
44.619495,51.0,6.3805046,40.71084,13.345615,disease,weather,1
39.28816,53.0,13.711842,188.0146,29.715275,disease,weather,1
44.55395,44.0,0.55395126,0.306862,1.2511045,disease,weather,1
35.379444,54.0,18.620556,346.7251,41.66631,disease,weather,1
39.285343,56.0,16.714657,279.37976,35.083374,disease,weather,1
35.742695,25.0,10.742695,115.405495,35.371147,disease,weather,1
24.536264,42.0,17.463736,304.98206,52.49389,disease,weather,1
32.396652,21.999998,10.396654,108.090416,38.225346,disease,weather,1
24.921295,32.0,7.078705,50.108063,24.871904,disease,weather,1
26.125301,20.0,6.1253014,37.519318,26.559397,disease,weather,1
21.29485,40.0,18.70515,349.88266,61.03335,disease,weather,1
28.473658,25.0,3.4736576,12.066298,12.992033,disease,weather,1
23.33015,34.0,10.669849,113.84569,37.222473,disease,weather,1
29.092833,43.0,13.907167,193.4093,38.581276,disease,weather,1
34.824745,34.0,0.8247452,0.68020463,2.396653,disease,weather,1
26.174776,16.999998,9.174778,84.17655,42.50064,disease,weather,1
20.547497,35.0,14.452503,208.87485,52.03656,disease,weather,1
24.214184,41.0,16.785816,281.7636,51.47903,disease,weather,1
31.56492,42.0,10.43508,108.890884,28.369717,disease,weather,1
28.84808,42.0,13.15192,172.973,37.1271,disease,weather,1
25.406101,35.0,9.593899,92.04289,31.764668,disease,weather,1
30.089422,30.0,0.089422226,0.007996335,0.29763052,disease,weather,1
25.55954,26.999998,1.4404583,2.0749202,5.481244,disease,weather,1
27.639967,24.0,3.639967,13.249359,14.097479,disease,weather,1
26.075748,34.0,7.9242516,62.793762,26.380867,disease,weather,1
23.526312,40.0,16.473688,271.3824,51.86414,disease,weather,1
22.676088,21.0,1.6760883,2.809272,7.6750846,disease,weather,1
23.608988,11.000003,12.608985,158.9865,72.86537,disease,weather,1
15.301049,24.0,8.698951,75.671745,44.268288,disease,weather,1
26.717432,21.999998,4.717434,22.254183,19.366512,disease,weather,1
24.36959,21.999998,2.3695927,5.6149693,10.22046,disease,weather,1
20.29281,29.0,8.70719,75.81515,35.328438,disease,weather,1
20.657629,32.0,11.342371,128.64938,43.079685,disease,weather,1
16.465523,32.0,15.534477,241.31998,64.10527,disease,weather,1
20.704208,31.0,10.295792,106.00333,39.82574,disease,weather,1
36.062504,27.999998,8.062506,65.004,25.17075,disease,weather,1
16.241295,15.999999,0.24129581,0.05822367,1.4968121,disease,weather,1
23.366638,26.0,2.6333618,6.9345946,10.668589,disease,weather,1
22.991537,35.0,12.008463,144.20319,41.414536,disease,weather,1
20.228079,33.0,12.771921,163.12196,47.98941,disease,weather,1
24.401773,21.999998,2.4017754,5.7685246,10.352085,disease,weather,1
23.30757,29.0,5.6924305,32.403767,21.765226,disease,weather,1
27.039932,34.0,6.9600677,48.442543,22.804966,disease,weather,1
29.601048,25.0,4.6010475,21.169638,16.85333,disease,weather,1
20.692787,30.0,9.307213,86.624214,36.720066,disease,weather,1
24.220016,33.0,8.7799835,77.08811,30.688503,disease,weather,1
23.09489,30.0,6.9051094,47.680534,26.010448,disease,weather,1
26.316896,27.999998,1.6831017,2.8328311,6.197341,disease,weather,1
28.580309,32.0,3.419691,11.694287,11.289779,disease,weather,1
25.946606,41.0,15.053394,226.60468,44.97134,disease,weather,1
28.210032,26.0,2.2100315,4.884239,8.153589,disease,weather,1
21.820284,26.999998,5.179714,26.82944,21.219517,disease,weather,1
22.313559,42.0,19.686441,387.55597,61.22019,disease,weather,1
28.854963,35.0,6.1450367,37.761475,19.246857,disease,weather,1
21.844168,34.0,12.155832,147.76425,43.534832,disease,weather,1
24.055351,33.0,8.944649,80.006744,31.354284,disease,weather,1
22.62711,38.0,15.37289,236.32576,50.712925,disease,weather,1
31.052616,24.0,7.052616,49.739395,25.621367,disease,weather,1
25.990221,25.0,0.990221,0.98053765,3.8839645,disease,weather,1
24.09073,46.0,21.90927,480.01608,62.51688,disease,weather,1
29.20483,40.0,10.79517,116.53569,31.197733,disease,weather,1
25.040108,13.999999,11.040109,121.884,56.55778,disease,weather,1
13.471049,-1.2389615e-06,13.47105,181.4692,200.0,disease,weather,1
17.140087,-1.2389615e-06,17.140089,293.78265,200.0,disease,weather,1
16.49986,2.9999988,13.499862,182.24626,138.46112,disease,weather,1
15.615083,3.9999988,11.615084,134.91017,118.43014,disease,weather,1
11.416785,2.9999988,8.416786,70.84229,116.76371,disease,weather,1
14.901498,2.9999988,11.901499,141.64568,132.96652,disease,weather,1
10.8200445,-1.2389615e-06,10.820045,117.07339,200.0,disease,weather,1
15.7551775,44.0,28.244823,797.7701,94.53516,disease,weather,1
28.637331,44.0,15.362669,236.0116,42.299652,disease,weather,1
27.18495,31.0,3.8150501,14.554607,13.113528,disease,weather,1
24.925764,26.999998,2.074234,4.302447,7.989229,disease,weather,1
23.264486,50.0,26.735514,714.7877,72.98356,disease,weather,1
33.33012,39.0,5.66988,32.147537,15.677783,disease,weather,1
26.087622,-1.2389615e-06,26.087624,680.5641,200.0,disease,weather,1
26.794996,-1.2389615e-06,26.794998,717.9719,200.0,disease,weather,1
12.456862,33.0,20.543137,422.02045,90.38519,disease,weather,1
28.964218,38.0,9.035782,81.645355,26.986897,disease,weather,1
30.007414,31.0,0.99258614,0.9852272,3.2539852,disease,weather,1
25.750275,34.0,8.249725,68.05797,27.614016,disease,weather,1
26.885307,20.0,6.8853073,47.407455,29.370853,disease,weather,1
25.425644,21.0,4.425644,19.586325,19.065514,disease,weather,1
27.58652,37.0,9.413481,88.61362,29.149988,disease,weather,1
32.955288,21.999998,10.95529,120.01838,39.869835,disease,weather,1
23.20714,46.0,22.79286,519.51447,65.86852,disease,weather,1
32.851284,26.0,6.851284,46.940094,23.28338,disease,weather,1
24.00721,31.0,6.99279,48.899117,25.424995,disease,weather,1
27.64113,32.0,4.3588696,18.999744,14.616992,disease,weather,1
31.126793,23.0,8.126793,66.04476,30.028725,disease,weather,1
29.084263,23.0,6.084263,37.018253,23.363152,disease,weather,1
29.994617,32.0,2.0053825,4.0215592,6.4695373,disease,weather,1
31.605736,30.0,1.6057358,2.5783875,5.2129426,disease,weather,1
29.316631,26.999998,2.3166332,5.3667893,8.227173,disease,weather,1
29.912544,26.999998,2.9125462,8.482925,10.235165,disease,weather,1
32.55068,36.0,3.4493217,11.89782,10.063568,disease,weather,1
38.050133,33.0,5.0501328,25.503841,14.215689,disease,weather,1
33.09417,39.0,5.9058304,34.878834,16.383656,disease,weather,1
37.925667,37.0,0.9256668,0.856859,2.4708939,disease,weather,1
37.56466,44.0,6.435341,41.413612,15.779729,disease,weather,1
43.184464,27.999998,15.184465,230.568,42.6623,disease,weather,1
35.977524,32.0,3.9775238,15.820696,11.702468,disease,weather,1
31.212599,34.0,2.7874012,7.7696056,8.548658,disease,weather,1
42.501755,26.999998,15.501757,240.30446,44.608246,disease,weather,1
27.816236,25.0,2.8162365,7.931188,10.664283,disease,weather,1
31.546307,59.0,27.453693,753.70526,60.640114,disease,weather,1
47.955803,56.0,8.044197,64.70911,15.476187,disease,weather,1
41.149273,39.0,2.149273,4.6193743,5.363175,disease,weather,1
49.99654,40.0,9.99654,99.93082,22.21539,disease,weather,1
44.93994,42.0,2.9399414,8.643255,6.763155,disease,weather,1
51.96317,49.0,2.963169,8.780371,5.8698025,disease,weather,1
44.616585,41.0,3.6165848,13.079685,8.448327,disease,weather,1
33.32011,31.0,2.3201103,5.3829117,7.214261,disease,weather,1
32.16353,36.0,3.8364716,14.718514,11.256669,disease,weather,1
35.14911,48.0,12.850891,165.1454,30.910471,disease,weather,1
44.62586,48.0,3.3741417,11.384832,7.2855287,disease,weather,1
58.472755,65.0,6.5272446,42.604923,10.572769,disease,weather,1
50.25595,68.0,17.74405,314.8513,30.009567,disease,weather,1
58.909897,8.999999,49.909897,2490.9978,146.98859,disease,weather,1
31.962727,7.9999986,23.962729,574.21234,119.92539,disease,weather,1
24.81478,11.999999,12.81478,164.2186,69.617584,disease,weather,1
21.436861,15.999999,5.436862,29.55947,29.045504,disease,weather,1
25.195074,30.0,4.804926,23.087313,17.410704,disease,weather,1
32.589497,18.0,14.589497,212.85341,57.677967,disease,weather,1
28.264475,8.999999,19.264477,371.12006,103.39326,disease,weather,1
21.322046,27.999998,6.677952,44.59504,27.078974,disease,weather,1
25.809074,30.0,4.1909256,17.563858,15.018797,disease,weather,1
24.65985,38.0,13.340151,177.95963,42.57958,disease,weather,1
28.951866,34.0,5.048134,25.483656,16.038074,disease,weather,1
26.672295,32.0,5.3277054,28.384445,18.16089,disease,weather,1
26.630098,36.0,9.369902,87.79506,29.921404,disease,weather,1
27.25476,46.0,18.74524,351.384,51.178215,disease,weather,1
35.640415,46.0,10.359585,107.321,25.37857,disease,weather,1
30.34403,19.0,11.34403,128.68703,45.979343,disease,weather,1
32.786087,53.0,20.213913,408.60226,47.12632,disease,weather,1
34.16806,23.0,11.16806,124.72557,39.07098,disease,weather,1
23.976439,25.0,1.0235615,1.0476781,4.1798115,disease,weather,1
29.676077,35.0,5.323923,28.344158,16.463345,disease,weather,1
26.623255,21.999998,4.6232567,21.374502,19.01665,disease,weather,1
22.059853,21.0,1.0598526,1.1232876,4.922695,disease,weather,1
19.61646,37.0,17.38354,302.18744,61.408073,disease,weather,1
37.195137,23.0,14.195137,201.50192,47.163734,disease,weather,1
29.929228,30.0,0.07077217,0.0050087003,0.23618582,disease,weather,1
28.679564,18.0,10.6795635,114.05308,45.75691,disease,weather,1
24.43562,43.0,18.56438,344.63623,55.05808,disease,weather,1
33.81438,25.0,8.814381,77.693306,29.973555,disease,weather,1
29.1197,15.000001,14.119699,199.36589,64.00632,disease,weather,1
19.664314,16.999998,2.6643162,7.098581,14.5335655,disease,weather,1
29.30952,4.9999986,24.309523,590.9529,141.70715,disease,weather,1
15.582366,8.999999,6.582367,43.327553,53.55357,disease,weather,1
18.739609,18.0,0.73960876,0.54702115,4.02622,disease,weather,1
13.943788,9.999999,3.9437885,15.553468,32.942062,disease,weather,1
15.050683,9.999999,5.050684,25.509409,40.323727,disease,weather,1
13.573232,27.999998,14.426766,208.13159,69.40411,disease,weather,1
14.478665,21.0,6.5213346,42.527805,36.76201,disease,weather,1
16.608618,33.0,16.391382,268.6774,66.0828,disease,weather,1
21.521133,39.0,17.478867,305.51077,57.7612,disease,weather,1
21.133236,38.0,16.866764,284.48773,57.046646,disease,weather,1
24.447655,52.0,27.552345,759.1317,72.0816,disease,weather,1
31.54627,45.0,13.45373,181.00284,35.151886,disease,weather,1
23.30626,61.0,37.69374,1420.8181,89.42098,disease,weather,1
39.850655,47.0,7.1493454,51.11314,16.46354,disease,weather,1
38.2412,46.0,7.7588005,60.198986,18.420443,disease,weather,1
51.417213,67.0,15.582787,242.82324,26.318449,disease,weather,1
51.85788,59.0,7.1421204,51.009884,12.885183,disease,weather,1
62.051434,46.0,16.051434,257.64853,29.710728,disease,weather,1
45.002975,48.0,2.9970245,8.982156,6.445008,disease,weather,1
49.186825,63.0,13.813175,190.8038,24.625305,disease,weather,1
54.39639,88.0,33.60361,1129.2026,47.19728,disease,weather,1
66.11759,65.0,1.1175919,1.2490115,1.704717,disease,weather,1
59.284153,60.0,0.715847,0.5124369,1.2002382,disease,weather,1
73.473,62.0,11.473,131.62971,16.937693,disease,weather,1
62.696533,83.0,20.303467,412.23077,27.8709,disease,weather,1
79.112236,84.0,4.887764,23.890236,5.9931293,disease,weather,1
71.96079,94.0,22.039207,485.72665,26.559538,disease,weather,1
78.92327,93.0,14.076729,198.1543,16.375593,disease,weather,1
87.240234,83.0,4.2402344,17.979588,4.9814715,disease,weather,1
89.00358,77.0,12.003578,144.08589,14.461832,disease,weather,1
81.36974,45.0,36.369743,1322.7582,57.560844,disease,weather,1
62.60674,54.0,8.606739,74.07596,14.761993,disease,weather,1
60.96956,77.0,16.030441,256.97504,23.23765,disease,weather,1
63.768642,64.0,0.23135757,0.053526327,0.3621508,disease,weather,1
71.87331,30.0,41.873306,1753.3738,82.206635,disease,weather,1
56.08794,90.0,33.91206,1150.0278,46.426914,disease,weather,1
87.019325,75.0,12.019325,144.46417,14.836905,disease,weather,1
77.01866,44.0,33.01866,1090.232,54.567886,disease,weather,1
62.324894,58.0,4.324894,18.704708,7.1886935,disease,weather,1
55.4983,55.0,0.49829865,0.24830154,0.90191185,disease,weather,1
50.73067,60.0,9.269329,85.92046,16.742117,disease,weather,1
57.008415,73.0,15.991585,255.73079,24.600843,disease,weather,1
65.81867,98.0,32.181328,1035.6378,39.288963,disease,weather,1
75.30035,81.0,5.6996536,32.48605,7.293206,disease,weather,1
80.15083,87.0,6.849167,46.911087,8.195193,disease,weather,1
83.34137,88.0,4.6586304,21.702837,5.4378347,disease,weather,1
85.376045,103.0,17.623955,310.6038,18.711462,disease,weather,1
86.68017,109.0,22.319832,498.1749,22.812563,disease,weather,1
100.79772,112.0,11.202278,125.491035,10.528569,disease,weather,1
98.66626,73.0,25.66626,658.7569,29.90251,disease,weather,1
91.0335,57.0,34.0335,1158.2792,45.98081,disease,weather,1
86.14756,48.0,38.14756,1455.2363,56.87403,disease,weather,1
59.034927,59.0,0.03492737,0.001219921,0.05918141,disease,weather,1
49.035995,44.0,5.0359955,25.36125,10.825908,disease,weather,1
46.019943,78.0,31.980057,1022.72406,51.57244,disease,weather,1
67.96377,65.0,2.963768,8.783921,4.4580083,disease,weather,1
68.57578,59.0,9.575783,91.69562,15.011912,disease,weather,1
72.61556,61.0,11.615562,134.9213,17.386541,disease,weather,1
66.753845,68.0,1.2461548,1.5529017,1.8495276,disease,weather,1
58.26855,84.0,25.73145,662.1075,36.173065,disease,weather,1
67.75699,46.0,21.756989,473.36655,38.251694,disease,weather,1
57.47804,67.0,9.521961,90.66775,15.299021,disease,weather,1
51.65031,41.0,10.6503105,113.429115,22.99034,disease,weather,1
52.675503,46.0,6.675503,44.562336,13.530212,disease,weather,1
51.71142,70.0,18.288582,334.47223,30.052366,disease,weather,1
59.527477,74.0,14.472523,209.45392,21.67722,disease,weather,1
71.20554,90.0,18.794456,353.2316,23.317383,disease,weather,1
79.04878,100.0,20.951218,438.95352,23.402803,disease,weather,1
79.90975,114.0,34.09025,1162.145,35.160942,disease,weather,1
89.22534,142.0,52.77466,2785.1646,45.647816,disease,weather,1
99.62199,108.0,8.378014,70.19111,8.07045,disease,weather,1
111.29729,126.0,14.702713,216.16977,12.3918085,disease,weather,1
123.123795,103.0,20.123795,404.9671,17.798918,disease,weather,1
109.65355,105.0,4.653549,21.65552,4.33587,disease,weather,1
43.24765,39.0,4.24765,18.042532,10.328928,disease,weather,3
40.148544,33.0,7.1485443,51.101685,19.54528,disease,weather,3
38.295086,46.0,7.704914,59.3657,18.280813,disease,weather,3
40.040466,61.0,20.959534,439.30206,41.487404,disease,weather,3
36.138542,40.0,3.8614578,14.910856,10.143241,disease,weather,3
33.55493,86.0,52.44507,2750.485,87.73384,disease,weather,3
30.739159,85.0,54.26084,2944.239,93.764015,disease,weather,3
38.06732,89.0,50.93268,2594.1377,80.16645,disease,weather,3
41.327415,75.0,33.672585,1133.8429,57.892776,disease,weather,3
35.004528,63.0,27.995472,783.74646,57.130974,disease,weather,3
41.004025,62.0,20.995975,440.831,40.767292,disease,weather,3
42.014774,73.0,30.985226,960.0842,53.88043,disease,weather,3
36.0036,71.0,34.9964,1224.7479,65.41163,disease,weather,3
36.42601,72.0,35.57399,1265.5088,65.61892,disease,weather,3
34.38775,51.0,16.612251,275.9669,38.91015,disease,weather,3
35.62263,53.0,17.377369,301.97296,39.21655,disease,weather,3
31.870512,44.0,12.129488,147.12448,31.974182,disease,weather,3
34.229633,54.0,19.770367,390.8674,44.81571,disease,weather,3
37.917736,56.0,18.082264,326.96826,38.5066,disease,weather,3
36.205692,25.0,11.205692,125.56754,36.616505,disease,weather,3
32.285164,42.0,9.714836,94.378044,26.155523,disease,weather,3
26.995428,21.999998,4.99543,24.95432,20.391413,disease,weather,3
25.01699,32.0,6.9830093,48.76242,24.494486,disease,weather,3
30.114141,20.0,10.114141,102.29586,40.36442,disease,weather,3
26.0999,40.0,13.900101,193.2128,42.057858,disease,weather,3
34.716904,25.0,9.716904,94.41822,32.54323,disease,weather,3
25.456694,34.0,8.543306,72.98808,28.737911,disease,weather,3
27.777273,43.0,15.222727,231.73141,43.01586,disease,weather,3
27.912195,34.0,6.087805,37.061367,19.665932,disease,weather,3
28.878933,16.999998,11.878935,141.1091,51.783836,disease,weather,3
20.928019,35.0,14.071981,198.02066,50.321762,disease,weather,3
20.173853,41.0,20.826147,433.7284,68.088394,disease,weather,3
18.029343,42.0,23.970657,574.5924,79.86314,disease,weather,3
22.323347,42.0,19.676653,387.1707,61.180435,disease,weather,3
26.059427,35.0,8.940573,79.93384,29.284822,disease,weather,3
28.063364,30.0,1.936636,3.7505589,6.670768,disease,weather,3
25.78055,26.999998,1.2194481,1.4870536,4.620824,disease,weather,3
23.592915,24.0,0.40708542,0.16571854,1.7106977,disease,weather,3
23.434772,34.0,10.5652275,111.62403,36.79035,disease,weather,3
19.452127,40.0,20.547873,422.21506,69.1241,disease,weather,3
14.382497,21.0,6.617503,43.791348,37.40552,disease,weather,3
17.894464,11.000003,6.8944616,47.5336,47.721676,disease,weather,3
20.339981,24.0,3.660019,13.395739,16.508888,disease,weather,3
22.357216,21.999998,0.3572178,0.12760454,1.6106412,disease,weather,3
28.560024,21.999998,6.560026,43.033943,25.949461,disease,weather,3
24.899412,29.0,4.100588,16.814821,15.215705,disease,weather,3
12.75339,32.0,19.246609,370.43195,86.01185,disease,weather,3
12.976043,32.0,19.023956,361.91092,84.595955,disease,weather,3
16.957611,31.0,14.042389,197.18869,58.561672,disease,weather,3
24.430344,27.999998,3.5696545,12.742433,13.61675,disease,weather,3
25.733568,15.999999,9.733569,94.74237,46.646236,disease,weather,3
30.645555,26.0,4.6455555,21.581186,16.40219,disease,weather,3
32.776436,35.0,2.2235641,4.9442377,6.561467,disease,weather,3
21.642027,33.0,11.357973,129.00356,41.572296,disease,weather,3
17.603321,21.999998,4.396677,19.330769,22.203579,disease,weather,3
19.113272,29.0,9.886728,97.7474,41.097717,disease,weather,3
21.835884,34.0,12.164116,147.96571,43.57096,disease,weather,3
23.92326,25.0,1.0767403,1.1593696,4.401752,disease,weather,3
31.373524,30.0,1.3735237,1.8865674,4.475949,disease,weather,3
29.779848,33.0,3.220152,10.369378,10.2585535,disease,weather,3
27.469969,30.0,2.5300312,6.4010577,8.804707,disease,weather,3
26.054245,27.999998,1.9457531,3.7859552,7.199261,disease,weather,3
27.000431,32.0,4.999569,24.99569,16.947567,disease,weather,3
23.886133,41.0,17.113867,292.88443,52.75046,disease,weather,3
15.306409,26.0,10.693591,114.35289,51.77691,disease,weather,3
20.939308,26.999998,6.06069,36.731964,25.284845,disease,weather,3
21.251743,42.0,20.748257,430.49014,65.60533,disease,weather,3
18.099829,35.0,16.900171,285.61578,63.654335,disease,weather,3
20.74457,34.0,13.25543,175.70644,48.426468,disease,weather,3
21.375717,33.0,11.624283,135.12395,42.75542,disease,weather,3
26.78135,38.0,11.218651,125.85812,34.635433,disease,weather,3
24.391727,24.0,0.39172745,0.1534504,1.618985,disease,weather,3
21.314589,25.0,3.6854115,13.582257,15.914689,disease,weather,3
22.054665,46.0,23.945335,573.3791,70.37089,disease,weather,3
18.838282,40.0,21.161718,447.81833,71.9318,disease,weather,3
19.787512,13.999999,5.787513,33.495304,34.258297,disease,weather,3
17.997297,-1.2389615e-06,17.9973,323.90277,200.0,disease,weather,3
24.756508,-1.2389615e-06,24.75651,612.88477,200.0,disease,weather,3
24.296976,2.9999988,21.296978,453.56128,156.03911,disease,weather,3
29.499578,3.9999988,25.49958,650.2286,152.23822,disease,weather,3
27.190592,2.9999988,24.190594,585.1848,160.25253,disease,weather,3
21.982082,2.9999988,18.982084,360.31952,151.9656,disease,weather,3
16.872992,-1.2389615e-06,16.872993,284.6979,200.0,disease,weather,3
19.499037,44.0,24.500963,600.2972,77.169556,disease,weather,3
18.153154,44.0,25.846846,668.05945,83.17147,disease,weather,3
18.233929,31.0,12.766071,162.97258,51.858837,disease,weather,3
27.595547,26.999998,0.5955486,0.35467818,2.181675,disease,weather,3
29.203133,50.0,20.796867,432.5097,52.515263,disease,weather,3
25.267672,39.0,13.732328,188.57684,42.734795,disease,weather,3
22.28898,-1.2389615e-06,22.288982,496.79874,200.0,disease,weather,3
31.734201,-1.2389615e-06,31.734203,1007.05963,200.0,disease,weather,3
22.424406,33.0,10.575594,111.843185,38.162224,disease,weather,3
19.612732,38.0,18.387268,338.0916,63.830574,disease,weather,3
21.791168,31.0,9.208832,84.80258,34.88777,disease,weather,3
29.867983,34.0,4.132017,17.073566,12.939244,disease,weather,3
28.510805,20.0,8.510805,72.43381,35.088287,disease,weather,3
25.301836,21.0,4.301836,18.505793,18.581709,disease,weather,3
32.458984,37.0,4.5410156,20.620823,13.075388,disease,weather,3
27.337498,21.999998,5.3374996,28.488903,21.636686,disease,weather,3
28.95093,46.0,17.04907,290.6708,45.493954,disease,weather,3
24.60147,26.0,1.398529,1.9558835,5.527622,disease,weather,3
23.847504,31.0,7.1524963,51.158203,26.081392,disease,weather,3
27.345299,32.0,4.654701,21.666245,15.686841,disease,weather,3
34.166985,23.0,11.166985,124.701546,39.06795,disease,weather,3
31.486174,23.0,8.486174,72.015144,31.149822,disease,weather,3
29.780107,32.0,2.2198925,4.9279227,7.1864314,disease,weather,3
27.85136,30.0,2.1486397,4.6166525,7.4281387,disease,weather,3
28.140633,26.999998,1.1406345,1.3010472,4.137183,disease,weather,3
29.90018,26.999998,2.9001827,8.411059,10.193932,disease,weather,3
32.738743,36.0,3.2612572,10.635798,9.488848,disease,weather,3
30.411383,33.0,2.5886173,6.7009397,8.164519,disease,weather,3
34.5303,39.0,4.4697,19.978216,12.157436,disease,weather,3
37.480465,37.0,0.48046494,0.23084655,1.290177,disease,weather,3
35.44311,44.0,8.556889,73.220345,21.542177,disease,weather,3
36.089596,27.999998,8.089598,65.44159,25.244654,disease,weather,3
40.17636,32.0,8.176361,66.85288,22.656618,disease,weather,3
41.648594,34.0,7.648594,58.500988,20.221378,disease,weather,3
38.10045,26.999998,11.1004505,123.22,34.10253,disease,weather,3
37.454556,25.0,12.4545555,155.11595,39.88358,disease,weather,3
40.14483,59.0,18.855171,355.5175,38.035614,disease,weather,3
36.953056,56.0,19.046944,362.78607,40.981857,disease,weather,3
36.88624,39.0,2.113762,4.4679894,5.5708704,disease,weather,3
40.065754,40.0,0.06575394,0.0043235803,0.16424985,disease,weather,3
46.75761,42.0,4.7576103,22.634855,10.720455,disease,weather,3
41.51203,49.0,7.4879684,56.06967,16.545795,disease,weather,3
38.03273,41.0,2.96727,8.80469,7.508965,disease,weather,3
39.328236,31.0,8.328236,69.35951,23.683905,disease,weather,3
28.686668,36.0,7.3133316,53.484818,22.611557,disease,weather,3
28.723682,48.0,19.276318,371.57642,50.248676,disease,weather,3
30.046753,48.0,17.953247,322.3191,46.00639,disease,weather,3
33.20413,65.0,31.795872,1010.9775,64.754654,disease,weather,3
46.409443,68.0,21.590557,466.15216,37.742615,disease,weather,3
45.689915,8.999999,36.689915,1346.1498,134.17433,disease,weather,3
49.755238,7.9999986,41.755238,1743.4999,144.59378,disease,weather,3
40.796215,11.999999,28.796215,829.222,109.08439,disease,weather,3
19.945799,15.999999,3.9457998,15.569336,21.954165,disease,weather,3
28.04425,30.0,1.9557495,3.8249562,6.738822,disease,weather,3
30.935623,18.0,12.935623,167.33035,52.86792,disease,weather,3
30.246923,8.999999,21.246925,451.43182,108.27308,disease,weather,3
30.005072,27.999998,2.0050735,4.02032,6.913442,disease,weather,3
26.87768,30.0,3.1223202,9.748883,10.979071,disease,weather,3
22.128574,38.0,15.871426,251.90215,52.791626,disease,weather,3
27.699945,34.0,6.3000546,39.69069,20.42159,disease,weather,3
26.816927,32.0,5.183073,26.864246,17.624428,disease,weather,3
32.039997,36.0,3.960003,15.6816225,11.640222,disease,weather,3
24.849949,46.0,21.150051,447.32468,59.703793,disease,weather,3
28.017979,46.0,17.982021,323.3531,48.588257,disease,weather,3
29.036583,19.0,10.036583,100.732994,41.78725,disease,weather,3
32.051025,53.0,20.948975,438.85953,49.262135,disease,weather,3
32.28746,23.0,9.28746,86.25692,33.596985,disease,weather,3
26.118778,25.0,1.1187782,1.2516648,4.3771715,disease,weather,3
30.195086,35.0,4.8049145,23.087204,14.740112,disease,weather,3
30.345373,21.999998,8.345375,69.64529,31.885818,disease,weather,3
20.934519,21.0,0.065481186,0.004287786,0.3123021,disease,weather,3
18.397997,37.0,18.602003,346.03452,67.15768,disease,weather,3
23.785112,23.0,0.7851124,0.61640143,3.3562489,disease,weather,3
25.83768,30.0,4.162319,17.324902,14.908639,disease,weather,3
30.692184,18.0,12.692184,161.09155,52.132328,disease,weather,3
27.945875,43.0,15.054125,226.62668,42.438335,disease,weather,3
30.076624,25.0,5.076624,25.77211,18.434769,disease,weather,3
31.84572,15.000001,16.845718,283.77823,71.91998,disease,weather,3
38.219128,16.999998,21.21913,450.25146,76.85428,disease,weather,3
37.7312,4.9999986,32.7312,1071.3315,153.1958,disease,weather,3
26.907156,8.999999,17.907158,320.6663,99.74145,disease,weather,3
24.207186,18.0,6.2071857,38.529156,29.412933,disease,weather,3
18.60861,9.999999,8.608611,74.108185,60.181965,disease,weather,3
18.815905,9.999999,8.815906,77.72019,61.18778,disease,weather,3
13.583425,27.999998,14.416574,207.83759,69.33807,disease,weather,3
14.790931,21.0,6.2090693,38.55254,34.696327,disease,weather,3
16.027582,33.0,16.972418,288.06296,69.236206,disease,weather,3
26.933556,39.0,12.066444,145.59908,36.601833,disease,weather,3
31.907894,38.0,6.092106,37.113754,17.42895,disease,weather,3
30.823502,52.0,21.176498,448.4441,51.136444,disease,weather,3
32.08062,45.0,12.91938,166.91039,33.521732,disease,weather,3
27.6394,61.0,33.3606,1112.9296,75.27261,disease,weather,3
42.50643,47.0,4.4935684,20.192158,10.0407715,disease,weather,3
39.244236,46.0,6.755764,45.640347,15.850372,disease,weather,3
58.159527,67.0,8.840473,78.15397,14.126728,disease,weather,3
40.32537,59.0,18.67463,348.7418,37.60294,disease,weather,3
48.820236,46.0,2.8202362,7.9537325,5.9485955,disease,weather,3
46.924915,48.0,1.0750847,1.1558071,2.2651267,disease,weather,3
57.47871,63.0,5.52129,30.484642,9.1655855,disease,weather,3
44.328762,88.0,43.671238,1907.177,66.00415,disease,weather,3
46.53922,65.0,18.460781,340.80045,33.101864,disease,weather,3
48.57532,60.0,11.424679,130.52328,21.044708,disease,weather,3
67.29106,62.0,5.2910614,27.99533,8.184729,disease,weather,3
62.273224,83.0,20.726776,429.59924,28.53489,disease,weather,3
56.698944,84.0,27.301056,745.34766,38.807762,disease,weather,3
50.421352,94.0,43.578648,1899.0985,60.349308,disease,weather,3
66.55116,93.0,26.448837,699.541,33.154053,disease,weather,3
63.64362,83.0,19.35638,374.66946,26.399214,disease,weather,3
74.65655,77.0,2.3434525,5.4917693,3.0904732,disease,weather,3
82.33721,45.0,37.33721,1394.0674,58.643047,disease,weather,3
91.255554,54.0,37.255554,1387.9763,51.296562,disease,weather,3
76.92697,77.0,0.073028564,0.005333171,0.09488729,disease,weather,3
71.464325,64.0,7.464325,55.71615,11.020355,disease,weather,3
79.66751,30.0,49.66751,2466.8616,90.57835,disease,weather,3
84.7489,90.0,5.2510986,27.574038,6.009879,disease,weather,3
74.38527,75.0,0.61473083,0.377894,0.82301396,disease,weather,3
56.297726,44.0,12.297726,151.23405,24.52244,disease,weather,3
70.8269,58.0,12.826897,164.52928,19.913382,disease,weather,3
64.823456,55.0,9.823456,96.50028,16.39655,disease,weather,3
52.662575,60.0,7.337425,53.83781,13.025488,disease,weather,3
48.503113,73.0,24.496887,600.0975,40.32306,disease,weather,3
58.456688,98.0,39.543312,1563.6736,50.548573,disease,weather,3
66.95545,81.0,14.044548,197.24933,18.984835,disease,weather,3
55.137386,87.0,31.862614,1015.22614,44.833546,disease,weather,3
66.87155,88.0,21.128448,446.41135,27.285126,disease,weather,3
61.813145,103.0,41.186855,1696.357,49.98006,disease,weather,3
76.26988,109.0,32.730118,1071.2606,35.332367,disease,weather,3
78.33114,112.0,33.66886,1133.5923,35.379246,disease,weather,3
104.1223,73.0,31.1223,968.59753,35.14216,disease,weather,3
98.038185,57.0,41.038185,1684.1327,52.939457,disease,weather,3
95.043236,48.0,47.043236,2213.066,65.77485,disease,weather,3
80.526344,59.0,21.526344,463.38348,30.856318,disease,weather,3
73.90895,44.0,29.90895,894.54535,50.732285,disease,weather,3
63.534412,78.0,14.465588,209.25322,20.44109,disease,weather,3
73.4387,65.0,8.438698,71.211624,12.191242,disease,weather,3
62.622116,59.0,3.622116,13.119725,5.956344,disease,weather,3
75.44606,61.0,14.44606,208.68866,21.174755,disease,weather,3
60.767956,68.0,7.232044,52.302464,11.2326765,disease,weather,3
56.700718,84.0,27.299282,745.2508,38.804752,disease,weather,3
49.2525,46.0,3.2524986,10.578748,6.829214,disease,weather,3
53.849503,67.0,13.150497,172.93558,21.76343,disease,weather,3
63.315773,41.0,22.315773,497.9937,42.785038,disease,weather,3
54.636143,46.0,8.636143,74.58296,17.163103,disease,weather,3
58.739113,70.0,11.260887,126.80758,17.494122,disease,weather,3
65.695885,74.0,8.304115,68.95833,11.888846,disease,weather,3
49.997166,90.0,40.002834,1600.2268,57.148064,disease,weather,3
60.20295,100.0,39.79705,1583.8052,49.683296,disease,weather,3
66.159,114.0,47.841003,2288.7617,53.10976,disease,weather,3
71.46138,142.0,70.53862,4975.697,66.09029,disease,weather,3
74.54379,108.0,33.456207,1119.3177,36.65554,disease,weather,3
85.18891,126.0,40.81109,1665.5449,38.648895,disease,weather,3
103.443115,103.0,0.44311523,0.19635111,0.42928556,disease,weather,3
99.0876,105.0,5.9123993,34.956467,5.793982,disease,weather,3
41.692566,45.0,3.307434,10.93912,7.6302605,disease,weather_lag3,1
40.27776,36.0,4.2777596,18.299227,11.21627,disease,weather_lag3,1
34.73061,39.0,4.26939,18.227692,11.581053,disease,weather_lag3,1
40.177006,33.0,7.177006,51.50941,19.615469,disease,weather_lag3,1
36.00444,46.0,9.99556,99.91122,24.378094,disease,weather_lag3,1
33.53472,61.0,27.465279,754.34155,58.106224,disease,weather_lag3,1
51.67949,40.0,11.679489,136.41046,25.478958,disease,weather_lag3,1
30.512217,86.0,55.487785,3078.8943,95.24802,disease,weather_lag3,1
53.693634,85.0,31.306366,980.08856,45.144634,disease,weather_lag3,1
62.13756,89.0,26.862438,721.5906,35.547005,disease,weather_lag3,1
58.999573,75.0,16.000427,256.01367,23.88131,disease,weather_lag3,1
53.90398,63.0,9.09602,82.73757,15.5615225,disease,weather_lag3,1
51.84695,62.0,10.153049,103.08441,17.836313,disease,weather_lag3,1
41.597214,73.0,31.402786,986.135,54.8055,disease,weather_lag3,1
61.88166,71.0,9.11834,83.14412,13.724001,disease,weather_lag3,1
44.07282,72.0,27.927181,779.9274,48.12011,disease,weather_lag3,1
47.48133,51.0,3.5186691,12.381032,7.14586,disease,weather_lag3,1
44.368362,53.0,8.631638,74.505165,17.72986,disease,weather_lag3,1
40.125984,44.0,3.8740158,15.007998,9.210033,disease,weather_lag3,1
37.00344,54.0,16.99656,288.88303,37.35366,disease,weather_lag3,1
37.477142,56.0,18.522858,343.09625,39.630775,disease,weather_lag3,1
46.687687,25.0,21.687687,470.35577,60.506035,disease,weather_lag3,1
26.375359,42.0,15.624641,244.12943,45.70255,disease,weather_lag3,1
28.991024,21.999998,6.991026,48.874443,27.420616,disease,weather_lag3,1
28.119509,32.0,3.8804913,15.058212,12.909259,disease,weather_lag3,1
25.998417,20.0,5.998417,35.981007,26.080973,disease,weather_lag3,1
20.000559,40.0,19.999441,399.97766,66.664185,disease,weather_lag3,1
36.340744,25.0,11.340744,128.61247,36.97622,disease,weather_lag3,1
22.538555,34.0,11.461445,131.36472,40.54382,disease,weather_lag3,1
34.419125,43.0,8.580875,73.631424,22.167326,disease,weather_lag3,1
34.630714,34.0,0.6307144,0.39780068,1.8379946,disease,weather_lag3,1
29.031307,16.999998,12.031309,144.7524,52.274467,disease,weather_lag3,1
21.35742,35.0,13.64258,186.12,48.414494,disease,weather_lag3,1
26.564829,41.0,14.435171,208.37416,42.72984,disease,weather_lag3,1
30.203323,42.0,11.796677,139.16158,32.67627,disease,weather_lag3,1
25.710901,42.0,16.289099,265.33475,48.113667,disease,weather_lag3,1
26.759644,35.0,8.240356,67.90347,26.685247,disease,weather_lag3,1
31.720343,30.0,1.7203426,2.9595788,5.5746374,disease,weather_lag3,1
24.066545,26.999998,2.9334526,8.6051445,11.488746,disease,weather_lag3,1
23.859577,24.0,0.14042282,0.019718569,0.5868118,disease,weather_lag3,1
25.926497,34.0,8.0735035,65.18146,26.944685,disease,weather_lag3,1
21.122305,40.0,18.877695,356.36737,61.77023,disease,weather_lag3,1
20.598078,21.0,0.40192223,0.16154148,1.9324077,disease,weather_lag3,1
22.215153,11.000003,11.21515,125.77959,67.53032,disease,weather_lag3,1
12.991187,24.0,11.008813,121.19396,59.52127,disease,weather_lag3,1
27.670586,21.999998,5.6705875,32.155563,22.832779,disease,weather_lag3,1
26.667137,21.999998,4.667139,21.782187,19.179838,disease,weather_lag3,1
19.754147,29.0,9.245853,85.48581,37.92848,disease,weather_lag3,1
23.529198,32.0,8.470802,71.75449,30.509365,disease,weather_lag3,1
16.310713,32.0,15.689287,246.15373,64.951584,disease,weather_lag3,1
18.370985,31.0,12.629015,159.49202,51.15966,disease,weather_lag3,1
29.3726,27.999998,1.3726025,1.8840375,4.784871,disease,weather_lag3,1
15.894454,15.999999,0.105545044,0.011139756,0.6618395,disease,weather_lag3,1
21.074924,26.0,4.9250755,24.256369,20.924412,disease,weather_lag3,1
29.226484,35.0,5.7735157,33.333485,17.978613,disease,weather_lag3,1
19.71252,33.0,13.287479,176.55711,50.41489,disease,weather_lag3,1
23.401117,21.999998,1.4011192,1.9631351,6.1721797,disease,weather_lag3,1
22.916464,29.0,6.083536,37.00941,23.435863,disease,weather_lag3,1
26.114277,34.0,7.885723,62.184628,26.235775,disease,weather_lag3,1
32.06765,25.0,7.06765,49.951675,24.769375,disease,weather_lag3,1
22.654736,30.0,7.3452644,53.95291,27.89973,disease,weather_lag3,1
26.603394,33.0,6.3966064,40.916573,21.463902,disease,weather_lag3,1
28.801233,30.0,1.1987667,1.4370416,4.077352,disease,weather_lag3,1
24.97157,27.999998,3.028429,9.171382,11.434169,disease,weather_lag3,1
27.970573,32.0,4.0294266,16.236279,13.438013,disease,weather_lag3,1
23.580664,41.0,17.419336,303.4333,53.945984,disease,weather_lag3,1
28.187967,26.0,2.1879673,4.787201,8.075474,disease,weather_lag3,1
25.481909,26.999998,1.5180893,2.304595,5.785191,disease,weather_lag3,1
22.559973,42.0,19.440027,377.91467,60.223156,disease,weather_lag3,1
30.869553,35.0,4.1304474,17.060596,12.541294,disease,weather_lag3,1
20.537619,34.0,13.462381,181.23572,49.369156,disease,weather_lag3,1
22.853067,33.0,10.146933,102.96024,36.33438,disease,weather_lag3,1
26.143976,38.0,11.856024,140.5653,36.966915,disease,weather_lag3,1
31.973907,24.0,7.9739075,63.5832,28.491514,disease,weather_lag3,1
25.181417,25.0,0.18141747,0.032912295,0.72304636,disease,weather_lag3,1
26.578482,46.0,19.421518,377.19537,53.518665,disease,weather_lag3,1
27.528545,40.0,12.471455,155.53719,36.936836,disease,weather_lag3,1
26.90782,13.999999,12.907821,166.61183,63.106865,disease,weather_lag3,1
13.15972,-1.2389615e-06,13.159721,173.17827,200.0,disease,weather_lag3,1
12.911357,-1.2389615e-06,12.911358,166.70316,200.0,disease,weather_lag3,1
14.911714,2.9999988,11.911715,141.88895,133.00475,disease,weather_lag3,1
9.395072,3.9999988,5.395073,29.106812,80.55311,disease,weather_lag3,1
9.6061125,2.9999988,6.6061134,43.640736,104.808105,disease,weather_lag3,1
14.164914,2.9999988,11.164915,124.65533,130.08998,disease,weather_lag3,1
10.291965,-1.2389615e-06,10.2919655,105.92455,200.0,disease,weather_lag3,1
13.89722,44.0,30.10278,906.1773,103.98695,disease,weather_lag3,1
21.801289,44.0,22.198711,492.78278,67.47197,disease,weather_lag3,1
26.725756,31.0,4.2742443,18.269165,14.808795,disease,weather_lag3,1
26.839293,26.999998,0.16070557,0.02582628,0.5969825,disease,weather_lag3,1
20.054283,50.0,29.945717,896.746,85.49289,disease,weather_lag3,1
23.448664,39.0,15.551336,241.84406,49.805183,disease,weather_lag3,1
26.257847,-1.2389615e-06,26.257849,689.4746,200.0,disease,weather_lag3,1
22.136213,-1.2389615e-06,22.136215,490.01202,200.0,disease,weather_lag3,1
8.510444,33.0,24.489555,599.73834,117.992256,disease,weather_lag3,1
22.010635,38.0,15.989365,255.65977,53.288437,disease,weather_lag3,1
23.526016,31.0,7.473984,55.86043,27.414375,disease,weather_lag3,1
20.74881,34.0,13.25119,175.59404,48.407227,disease,weather_lag3,1
26.50112,20.0,6.5011196,42.264557,27.961128,disease,weather_lag3,1
22.341692,21.0,1.341692,1.8001374,6.191231,disease,weather_lag3,1
28.648016,37.0,8.351984,69.75564,25.44474,disease,weather_lag3,1
36.15208,21.999998,14.152082,200.28143,48.672665,disease,weather_lag3,1
27.666655,46.0,18.333345,336.11154,49.773796,disease,weather_lag3,1
41.72665,26.0,15.72665,247.32753,46.44154,disease,weather_lag3,1
27.253859,31.0,3.7461414,14.033576,12.861435,disease,weather_lag3,1
19.61275,32.0,12.387251,153.44398,48.00074,disease,weather_lag3,1
32.440647,23.0,9.440647,89.12582,34.05677,disease,weather_lag3,1
28.17343,23.0,5.1734295,26.764372,20.2192,disease,weather_lag3,1
27.457987,32.0,4.542013,20.629883,15.278059,disease,weather_lag3,1
37.37279,30.0,7.3727913,54.35805,21.886557,disease,weather_lag3,1
28.69858,26.999998,1.6985817,2.8851798,6.0991926,disease,weather_lag3,1
31.125383,26.999998,4.1253853,17.018805,14.19478,disease,weather_lag3,1
45.627842,36.0,9.627842,92.69534,23.589603,disease,weather_lag3,1
37.947445,33.0,4.947445,24.477211,13.946788,disease,weather_lag3,1
36.46564,39.0,2.534359,6.4229755,6.7165904,disease,weather_lag3,1
40.32727,37.0,3.3272705,11.070729,8.605684,disease,weather_lag3,1
40.053936,44.0,3.946064,15.571421,9.389361,disease,weather_lag3,1
36.938953,27.999998,8.938955,79.90492,27.530336,disease,weather_lag3,1
32.25318,32.0,0.25318146,0.064100854,0.78807443,disease,weather_lag3,1
31.585445,34.0,2.4145546,5.830074,7.36308,disease,weather_lag3,1
38.355865,26.999998,11.355867,128.95572,34.750877,disease,weather_lag3,1
28.95826,25.0,3.9582596,15.667819,14.671561,disease,weather_lag3,1
31.649239,59.0,27.350761,748.06415,60.34416,disease,weather_lag3,1
44.19677,56.0,11.80323,139.31624,23.5601,disease,weather_lag3,1
39.532757,39.0,0.5327568,0.2838298,1.356776,disease,weather_lag3,1
42.174007,40.0,2.1740074,4.7263083,5.291229,disease,weather_lag3,1
50.219894,42.0,8.219894,67.566666,17.826727,disease,weather_lag3,1
51.99556,49.0,2.9955597,8.973378,5.932062,disease,weather_lag3,1
41.862095,41.0,0.8620949,0.7432076,2.0807943,disease,weather_lag3,1
37.60397,31.0,6.6039696,43.612415,19.25244,disease,weather_lag3,1
30.952396,36.0,5.0476036,25.478302,15.078187,disease,weather_lag3,1
32.10114,48.0,15.898861,252.77377,39.696968,disease,weather_lag3,1
50.726025,48.0,2.7260246,7.43121,5.5224032,disease,weather_lag3,1
48.61285,65.0,16.38715,268.53867,28.847351,disease,weather_lag3,1
52.090065,68.0,15.909935,253.12604,26.496674,disease,weather_lag3,1
58.690857,8.999999,49.690857,2469.1812,146.81705,disease,weather_lag3,1
28.119164,7.9999986,20.119165,404.78082,111.40438,disease,weather_lag3,1
19.01796,11.999999,7.0179605,49.25177,45.25095,disease,weather_lag3,1
21.096899,15.999999,5.0969,25.97839,27.478848,disease,weather_lag3,1
24.848934,30.0,5.151066,26.53348,18.782738,disease,weather_lag3,1
41.40705,18.0,23.407051,547.89,78.80226,disease,weather_lag3,1
29.082304,8.999999,20.082306,403.299,105.46792,disease,weather_lag3,1
17.516912,27.999998,10.483086,109.89508,46.062378,disease,weather_lag3,1
26.010239,30.0,3.9897614,15.918196,14.246543,disease,weather_lag3,1
23.887197,38.0,14.1128025,199.17119,45.608147,disease,weather_lag3,1
28.80484,34.0,5.19516,26.989687,16.543821,disease,weather_lag3,1
31.828632,32.0,0.17136765,0.02936687,0.5369617,disease,weather_lag3,1
27.606718,36.0,8.393282,70.44718,26.391182,disease,weather_lag3,1
28.25174,46.0,17.74826,315.00076,47.80564,disease,weather_lag3,1
32.9206,46.0,13.079399,171.07068,33.145718,disease,weather_lag3,1
34.22466,19.0,15.224659,231.79024,57.209045,disease,weather_lag3,1
31.994347,53.0,21.005653,441.2375,49.428356,disease,weather_lag3,1
35.14302,23.0,12.143021,147.45296,41.769485,disease,weather_lag3,1
24.73445,25.0,0.2655506,0.07051713,1.067874,disease,weather_lag3,1
29.16684,35.0,5.8331604,34.02576,18.18123,disease,weather_lag3,1
36.697456,21.999998,14.697458,216.01527,50.07869,disease,weather_lag3,1
18.4267,21.0,2.5732994,6.62187,13.053587,disease,weather_lag3,1
24.58036,37.0,12.41964,154.24745,40.336365,disease,weather_lag3,1
36.040146,23.0,13.040146,170.04541,44.17383,disease,weather_lag3,1
30.845695,30.0,0.8456955,0.7152009,2.7798038,disease,weather_lag3,1
34.658936,18.0,16.658936,277.52014,63.27107,disease,weather_lag3,1
32.56297,43.0,10.437031,108.93161,27.624723,disease,weather_lag3,1
29.678738,25.0,4.6787376,21.890587,17.113554,disease,weather_lag3,1
32.55322,15.000001,17.553219,308.11548,73.82558,disease,weather_lag3,1
18.327671,16.999998,1.327673,1.7627155,7.516335,disease,weather_lag3,1
27.439367,4.9999986,22.43937,503.5253,138.34654,disease,weather_lag3,1
14.74298,8.999999,5.742981,32.98183,48.376247,disease,weather_lag3,1
15.199903,18.0,2.8000975,7.8405457,16.868107,disease,weather_lag3,1
13.626269,9.999999,3.6262703,13.149837,30.696938,disease,weather_lag3,1
11.980578,9.999999,1.9805794,3.9226947,18.021177,disease,weather_lag3,1
13.130237,27.999998,14.869761,221.1098,72.30575,disease,weather_lag3,1
14.790877,21.0,6.2091227,38.553204,34.69668,disease,weather_lag3,1
18.545063,33.0,14.454937,208.9452,56.0866,disease,weather_lag3,1
24.913937,39.0,14.086063,198.41718,44.07822,disease,weather_lag3,1
27.95855,38.0,10.0414505,100.83073,30.44776,disease,weather_lag3,1
27.492874,52.0,24.507126,600.59924,61.658676,disease,weather_lag3,1
36.42822,45.0,8.571781,73.47543,21.053589,disease,weather_lag3,1
28.495678,61.0,32.504322,1056.531,72.63886,disease,weather_lag3,1
39.082687,47.0,7.9173126,62.683838,18.394669,disease,weather_lag3,1
41.377,46.0,4.623001,21.372139,10.581735,disease,weather_lag3,1
52.406258,67.0,14.593742,212.97731,24.443848,disease,weather_lag3,1
57.610046,59.0,1.3899536,1.9319711,2.3839345,disease,weather_lag3,1
61.631416,46.0,15.631416,244.34117,29.046196,disease,weather_lag3,1
46.692017,48.0,1.3079834,1.7108206,2.7626054,disease,weather_lag3,1
46.992092,63.0,16.007908,256.2531,29.10738,disease,weather_lag3,1
53.643143,88.0,34.356857,1180.3937,48.511852,disease,weather_lag3,1
57.58651,65.0,7.4134903,54.95984,12.095116,disease,weather_lag3,1
65.348915,60.0,5.348915,28.610893,8.534442,disease,weather_lag3,1
70.218704,62.0,8.218704,67.5471,12.431984,disease,weather_lag3,1
58.65268,83.0,24.34732,592.792,34.376083,disease,weather_lag3,1
66.553665,84.0,17.446335,304.3746,23.176233,disease,weather_lag3,1
66.09055,94.0,27.909447,778.9372,34.867077,disease,weather_lag3,1
74.39067,93.0,18.60933,346.30713,22.234608,disease,weather_lag3,1
77.67613,83.0,5.323868,28.343569,6.626831,disease,weather_lag3,1
87.252365,77.0,10.252365,105.11099,12.483674,disease,weather_lag3,1
80.40358,45.0,35.40358,1253.4135,56.463425,disease,weather_lag3,1
58.514656,54.0,4.514656,20.38212,8.02501,disease,weather_lag3,1
51.27663,77.0,25.72337,661.6918,40.10609,disease,weather_lag3,1
66.13393,64.0,2.1339264,4.553642,3.2795851,disease,weather_lag3,1
72.54215,30.0,42.542152,1809.8347,82.97495,disease,weather_lag3,1
62.8884,90.0,27.111599,735.0388,35.46587,disease,weather_lag3,1
76.435936,75.0,1.435936,2.061912,1.8964268,disease,weather_lag3,1
68.028984,44.0,24.028984,577.3921,42.8978,disease,weather_lag3,1
52.887775,58.0,5.1122246,26.13484,9.220538,disease,weather_lag3,1
59.24167,55.0,4.2416687,17.991753,7.425782,disease,weather_lag3,1
47.604256,60.0,12.395744,153.65448,23.039507,disease,weather_lag3,1
49.83461,73.0,23.16539,536.6353,37.718018,disease,weather_lag3,1
69.091675,98.0,28.908325,835.6913,34.601753,disease,weather_lag3,1
75.02509,81.0,5.974907,35.699512,7.6589055,disease,weather_lag3,1
70.37558,87.0,16.62442,276.37134,21.127064,disease,weather_lag3,1
75.1289,88.0,12.871101,165.66525,15.780284,disease,weather_lag3,1
72.328606,103.0,30.671394,940.73444,34.987324,disease,weather_lag3,1
77.440285,109.0,31.559715,996.0156,33.855038,disease,weather_lag3,1
95.32596,112.0,16.674042,278.02368,16.084858,disease,weather_lag3,1
96.69079,73.0,23.690788,561.2535,27.922302,disease,weather_lag3,1
88.525314,57.0,31.525314,993.84546,43.32623,disease,weather_lag3,1
89.64951,48.0,41.649513,1734.682,60.51531,disease,weather_lag3,1
51.96576,59.0,7.0342407,49.48054,12.678218,disease,weather_lag3,1
47.817253,44.0,3.817253,14.571422,8.314893,disease,weather_lag3,1
48.678326,78.0,29.321674,859.76056,46.293118,disease,weather_lag3,1
67.917854,65.0,2.9178543,8.513874,4.390463,disease,weather_lag3,1
72.65338,59.0,13.653381,186.41483,20.741405,disease,weather_lag3,1
70.63984,61.0,9.639839,92.9265,14.645779,disease,weather_lag3,1
64.551605,68.0,3.4483948,11.891426,5.203098,disease,weather_lag3,1
51.461422,84.0,32.538578,1058.759,48.041096,disease,weather_lag3,1
61.050877,46.0,15.050877,226.52888,28.11911,disease,weather_lag3,1
52.552708,67.0,14.447292,208.72426,24.168911,disease,weather_lag3,1
59.62593,41.0,18.62593,346.9253,37.02014,disease,weather_lag3,1
57.480034,46.0,11.480034,131.79118,22.18792,disease,weather_lag3,1
54.317184,70.0,15.682816,245.9507,25.230328,disease,weather_lag3,1
59.565872,74.0,14.434128,208.34404,21.613497,disease,weather_lag3,1
70.22267,90.0,19.777328,391.14273,24.687304,disease,weather_lag3,1
81.8038,100.0,18.196198,331.1016,20.0174,disease,weather_lag3,1
78.71201,114.0,35.287987,1245.2421,36.62251,disease,weather_lag3,1
82.2655,142.0,59.734497,3568.2102,53.27123,disease,weather_lag3,1
95.83969,108.0,12.160309,147.87311,11.931248,disease,weather_lag3,1
110.25444,126.0,15.74556,247.92265,13.329324,disease,weather_lag3,1
110.83044,103.0,7.8304367,61.31574,7.3239684,disease,weather_lag3,1
119.96853,105.0,14.968529,224.05685,13.3072195,disease,weather_lag3,1
40.452145,39.0,1.4521446,2.108724,3.655394,disease,weather_lag3,3
42.743454,33.0,9.743454,94.9349,25.727514,disease,weather_lag3,3
39.03685,46.0,6.96315,48.48546,16.376783,disease,weather_lag3,3
42.033123,61.0,18.966877,359.74243,36.817047,disease,weather_lag3,3
41.27173,40.0,1.2717285,1.6172934,3.1295717,disease,weather_lag3,3
38.63013,86.0,47.36987,2243.9045,76.01672,disease,weather_lag3,3
40.562725,85.0,44.437275,1974.6714,70.781,disease,weather_lag3,3
40.176144,89.0,48.823856,2383.769,75.59268,disease,weather_lag3,3
38.876118,75.0,36.123882,1304.9348,63.44418,disease,weather_lag3,3
37.122936,63.0,25.877064,669.62244,51.69058,disease,weather_lag3,3
48.37974,62.0,13.620258,185.51144,24.678907,disease,weather_lag3,3
37.20586,73.0,35.79414,1281.2205,64.958694,disease,weather_lag3,3
39.56555,71.0,31.434448,988.1245,56.8612,disease,weather_lag3,3
42.022743,72.0,29.977257,898.6359,52.581192,disease,weather_lag3,3
37.901814,51.0,13.0981865,171.56248,29.466635,disease,weather_lag3,3
40.060684,53.0,12.939316,167.42589,27.808342,disease,weather_lag3,3
41.4474,44.0,2.5526009,6.5157714,5.974672,disease,weather_lag3,3
43.297363,54.0,10.702637,114.54643,21.99985,disease,weather_lag3,3
46.496788,56.0,9.503212,90.311035,18.543434,disease,weather_lag3,3
42.321163,25.0,17.321163,300.0227,51.458298,disease,weather_lag3,3
43.673534,42.0,1.6735344,2.8007174,3.9067707,disease,weather_lag3,3
43.5909,21.999998,21.590902,466.16705,65.83506,disease,weather_lag3,3
44.06633,32.0,12.06633,145.59631,31.725811,disease,weather_lag3,3
32.749107,20.0,12.749107,162.53973,48.338665,disease,weather_lag3,3
34.164715,40.0,5.835285,34.050552,15.736013,disease,weather_lag3,3
39.543526,25.0,14.543526,211.51414,45.065792,disease,weather_lag3,3
32.84134,34.0,1.1586609,1.3424951,3.466899,disease,weather_lag3,3
40.52567,43.0,2.474331,6.1223135,5.92472,disease,weather_lag3,3
36.64268,34.0,2.6426811,6.9837637,7.4818254,disease,weather_lag3,3
27.60995,16.999998,10.609951,112.57106,47.567646,disease,weather_lag3,3
27.5623,35.0,7.4377003,55.319386,23.77694,disease,weather_lag3,3
26.4211,41.0,14.578899,212.54431,43.24729,disease,weather_lag3,3
23.246988,42.0,18.753012,351.67545,57.483147,disease,weather_lag3,3
28.146677,42.0,13.853323,191.91455,39.498158,disease,weather_lag3,3
32.803818,35.0,2.1961823,4.8232164,6.478049,disease,weather_lag3,3
30.985392,30.0,0.9853916,0.9709966,3.231566,disease,weather_lag3,3
26.598507,26.999998,0.40149117,0.16119516,1.4981432,disease,weather_lag3,3
25.860899,24.0,1.860899,3.462945,7.464362,disease,weather_lag3,3
26.960737,34.0,7.039263,49.55122,23.094414,disease,weather_lag3,3
22.809902,40.0,17.190098,295.49945,54.736908,disease,weather_lag3,3
19.720203,21.0,1.2797966,1.6378794,6.2858067,disease,weather_lag3,3
22.927652,11.000003,11.9276495,142.26883,70.312256,disease,weather_lag3,3
21.478338,24.0,2.5216618,6.358778,11.089507,disease,weather_lag3,3
28.076626,21.999998,6.0766277,36.925404,24.26932,disease,weather_lag3,3
32.491642,21.999998,10.491644,110.07459,38.507355,disease,weather_lag3,3
29.536015,29.0,0.53601456,0.2873116,1.831401,disease,weather_lag3,3
20.444366,32.0,11.555634,133.53267,44.06816,disease,weather_lag3,3
23.57263,32.0,8.42737,71.02057,30.32921,disease,weather_lag3,3
20.43081,31.0,10.569189,111.707756,41.100613,disease,weather_lag3,3
25.836031,27.999998,2.1639671,4.6827536,8.0391035,disease,weather_lag3,3
26.328426,15.999999,10.328427,106.676414,48.801376,disease,weather_lag3,3
35.641285,26.0,9.641285,92.95438,31.281906,disease,weather_lag3,3
32.153362,35.0,2.8466377,8.103346,8.47802,disease,weather_lag3,3
23.568533,33.0,9.431467,88.95257,33.345276,disease,weather_lag3,3
21.746222,21.999998,0.25377655,0.064402536,1.1602217,disease,weather_lag3,3
24.378012,29.0,4.6219883,21.362776,17.317947,disease,weather_lag3,3
29.441816,34.0,4.5581837,20.777039,14.36965,disease,weather_lag3,3
26.074528,25.0,1.0745277,1.1546099,4.2076855,disease,weather_lag3,3
31.049868,30.0,1.0498676,1.1022221,3.4393773,disease,weather_lag3,3
27.503752,33.0,5.4962482,30.208744,18.16829,disease,weather_lag3,3
29.918524,30.0,0.08147621,0.0066383732,0.27195668,disease,weather_lag3,3
30.958563,27.999998,2.9585648,8.753105,10.036082,disease,weather_lag3,3
29.777573,32.0,2.2224274,4.939183,7.1949325,disease,weather_lag3,3
25.586975,41.0,15.413025,237.56134,46.294415,disease,weather_lag3,3
19.696613,26.0,6.3033867,39.732685,27.587982,disease,weather_lag3,3
22.861364,26.999998,4.1386337,17.128288,16.600565,disease,weather_lag3,3
23.277311,42.0,18.722689,350.53906,57.36354,disease,weather_lag3,3
22.249485,35.0,12.750515,162.57564,44.543682,disease,weather_lag3,3
22.632866,34.0,11.367134,129.21173,40.14324,disease,weather_lag3,3
22.560238,33.0,10.439762,108.98863,37.57998,disease,weather_lag3,3
25.168892,38.0,12.831108,164.63733,40.624767,disease,weather_lag3,3
22.77327,24.0,1.2267303,1.5048673,5.2454333,disease,weather_lag3,3
23.528517,25.0,1.4714832,2.165263,6.064406,disease,weather_lag3,3
25.515692,46.0,20.484308,419.60687,57.28619,disease,weather_lag3,3
21.582214,40.0,18.417786,339.2148,59.815277,disease,weather_lag3,3
20.236246,13.999999,6.236247,38.890778,36.43067,disease,weather_lag3,3
21.036882,-1.2389615e-06,21.036884,442.5505,200.0,disease,weather_lag3,3
27.27431,-1.2389615e-06,27.274311,743.88806,200.0,disease,weather_lag3,3
25.850409,2.9999988,22.85041,522.14124,158.40616,disease,weather_lag3,3
25.635372,3.9999988,21.635374,468.08942,146.01048,disease,weather_lag3,3
27.372341,2.9999988,24.372343,594.0111,160.49039,disease,weather_lag3,3
21.56765,2.9999988,18.567652,344.7577,151.1553,disease,weather_lag3,3
19.052013,-1.2389615e-06,19.052015,362.97928,200.0,disease,weather_lag3,3
19.045862,44.0,24.954138,622.709,79.16186,disease,weather_lag3,3
23.979967,44.0,20.020033,400.80173,58.899803,disease,weather_lag3,3
16.622276,31.0,14.377724,206.71893,60.382347,disease,weather_lag3,3
25.392103,26.999998,1.6078949,2.585326,6.137929,disease,weather_lag3,3
28.0707,50.0,21.9293,480.89423,56.17805,disease,weather_lag3,3
24.629574,39.0,14.370426,206.50916,45.169018,disease,weather_lag3,3
18.947424,-1.2389615e-06,18.947426,359.00494,200.0,disease,weather_lag3,3
22.563765,-1.2389615e-06,22.563766,509.12357,200.0,disease,weather_lag3,3
22.976402,33.0,10.023598,100.47251,35.813652,disease,weather_lag3,3
20.567179,38.0,17.432821,303.90326,59.53103,disease,weather_lag3,3
22.105143,31.0,8.894857,79.118484,33.499043,disease,weather_lag3,3
26.955677,34.0,7.044323,49.622486,23.112934,disease,weather_lag3,3
22.124605,20.0,2.1246052,4.513947,10.087241,disease,weather_lag3,3
25.479242,21.0,4.4792423,20.063612,19.274162,disease,weather_lag3,3
30.55512,37.0,6.4448795,41.536472,19.080357,disease,weather_lag3,3
25.943304,21.999998,3.943306,15.549662,16.449871,disease,weather_lag3,3
26.832989,46.0,19.167011,367.37433,52.632774,disease,weather_lag3,3
25.877705,26.0,0.12229538,0.0149561595,0.47147566,disease,weather_lag3,3
26.127424,31.0,4.8725758,23.741995,17.05862,disease,weather_lag3,3
26.15531,32.0,5.8446903,34.160404,20.10028,disease,weather_lag3,3
33.34812,23.0,10.348122,107.08362,36.72925,disease,weather_lag3,3
24.77986,23.0,1.7798595,3.1679,7.4502497,disease,weather_lag3,3
32.893997,32.0,0.8939972,0.799231,2.755254,disease,weather_lag3,3
32.80444,30.0,2.8044395,7.864881,8.930705,disease,weather_lag3,3
32.033886,26.999998,5.033888,25.340027,17.054234,disease,weather_lag3,3
32.49921,26.999998,5.4992123,30.241335,18.484993,disease,weather_lag3,3
33.5666,36.0,2.4333992,5.9214315,6.995883,disease,weather_lag3,3
33.907616,33.0,0.90761566,0.8237662,2.7130413,disease,weather_lag3,3
37.127106,39.0,1.8728943,3.507733,4.92044,disease,weather_lag3,3
38.590195,37.0,1.5901947,2.5287192,4.20741,disease,weather_lag3,3
36.65573,44.0,7.344269,53.938286,18.2114,disease,weather_lag3,3
38.90704,27.999998,10.907042,118.963554,32.60357,disease,weather_lag3,3
42.260345,32.0,10.260345,105.27469,27.633444,disease,weather_lag3,3
41.772137,34.0,7.7721367,60.40611,20.514498,disease,weather_lag3,3
37.023438,26.999998,10.023439,100.46934,31.31178,disease,weather_lag3,3
33.673744,25.0,8.673744,75.23384,29.566017,disease,weather_lag3,3
35.58278,59.0,23.417221,548.3663,49.51688,disease,weather_lag3,3
35.048344,56.0,20.951656,438.9719,46.023148,disease,weather_lag3,3
39.73404,39.0,0.7340393,0.5388137,1.8646047,disease,weather_lag3,3
35.908375,40.0,4.091625,16.741396,10.780432,disease,weather_lag3,3
45.328777,42.0,3.3287773,11.080758,7.623552,disease,weather_lag3,3
45.110962,49.0,3.889038,15.124618,8.264792,disease,weather_lag3,3
40.429203,41.0,0.57079697,0.32580918,1.4019467,disease,weather_lag3,3
41.2536,31.0,10.253601,105.13634,28.382257,disease,weather_lag3,3
30.66934,36.0,5.33066,28.415936,15.991338,disease,weather_lag3,3
30.712606,48.0,17.287394,298.85397,43.925346,disease,weather_lag3,3
37.55007,48.0,10.449928,109.201004,24.42997,disease,weather_lag3,3
35.316013,65.0,29.683987,881.13904,59.180958,disease,weather_lag3,3
45.155685,68.0,22.844315,521.86273,40.376785,disease,weather_lag3,3
38.914246,8.999999,29.914246,894.86206,124.86577,disease,weather_lag3,3
40.97244,7.9999986,32.97244,1087.1818,134.65712,disease,weather_lag3,3
43.26664,11.999999,31.26664,977.6028,113.14833,disease,weather_lag3,3
25.05423,15.999999,9.054231,81.979095,44.10864,disease,weather_lag3,3
24.71988,30.0,5.280121,27.879677,19.298729,disease,weather_lag3,3
46.26664,18.0,28.26664,799.0029,87.96676,disease,weather_lag3,3
36.2602,8.999999,27.2602,743.1185,120.459915,disease,weather_lag3,3
32.738514,27.999998,4.738516,22.453533,15.603003,disease,weather_lag3,3
30.581152,30.0,0.58115196,0.3377376,1.9185898,disease,weather_lag3,3
23.522923,38.0,14.4770775,209.58577,47.062386,disease,weather_lag3,3
24.72251,34.0,9.277491,86.07183,31.59773,disease,weather_lag3,3
24.465097,32.0,7.5349026,56.774757,26.68871,disease,weather_lag3,3
35.641838,36.0,0.35816193,0.12827997,0.99986804,disease,weather_lag3,3
28.312618,46.0,17.687382,312.84348,47.602634,disease,weather_lag3,3
26.602957,46.0,19.397043,376.2453,53.433205,disease,weather_lag3,3
28.866915,19.0,9.866915,97.35601,41.22645,disease,weather_lag3,3
29.206442,53.0,23.793558,566.1334,57.887333,disease,weather_lag3,3
36.395317,23.0,13.395317,179.43452,45.105633,disease,weather_lag3,3
26.881317,25.0,1.8813171,3.539354,7.2523875,disease,weather_lag3,3
29.62407,35.0,5.375931,28.90063,16.63755,disease,weather_lag3,3
27.77723,21.999998,5.777231,33.3764,23.212345,disease,weather_lag3,3
20.2449,21.0,0.75510025,0.57017636,3.661545,disease,weather_lag3,3
24.39605,37.0,12.6039505,158.85957,41.057854,disease,weather_lag3,3
28.559456,23.0,5.559456,30.907549,21.565224,disease,weather_lag3,3
25.4507,30.0,4.5492992,20.696123,16.408447,disease,weather_lag3,3
29.506104,18.0,11.5061035,132.39041,48.44053,disease,weather_lag3,3
33.34554,43.0,9.654461,93.20862,25.291487,disease,weather_lag3,3
27.701864,25.0,2.7018642,7.3000703,10.253391,disease,weather_lag3,3
34.08882,15.000001,19.088821,364.38312,77.77258,disease,weather_lag3,3
34.50124,16.999998,17.501242,306.29346,67.964355,disease,weather_lag3,3
36.492268,4.9999986,31.49227,991.76306,151.79826,disease,weather_lag3,3
29.331297,8.999999,20.331299,413.36172,106.081985,disease,weather_lag3,3
28.217672,18.0,10.217672,104.400826,44.21543,disease,weather_lag3,3
19.354351,9.999999,9.354352,87.5039,63.73401,disease,weather_lag3,3
25.731983,9.999999,15.731984,247.49533,88.05548,disease,weather_lag3,3
14.799298,27.999998,13.2007,174.25847,61.686527,disease,weather_lag3,3
17.140568,21.0,3.8594322,14.895217,20.237938,disease,weather_lag3,3
13.03905,33.0,19.960949,398.43948,86.71312,disease,weather_lag3,3
17.51638,39.0,21.48362,461.54593,76.02617,disease,weather_lag3,3
18.337158,38.0,19.662842,386.62735,69.80417,disease,weather_lag3,3
17.225647,52.0,34.774353,1209.2556,100.46668,disease,weather_lag3,3
20.905144,45.0,24.094856,580.5621,73.119804,disease,weather_lag3,3
17.530605,61.0,43.469395,1889.5883,110.70688,disease,weather_lag3,3
27.395702,47.0,19.604298,384.3285,52.702766,disease,weather_lag3,3
32.6625,46.0,13.337502,177.88895,33.910698,disease,weather_lag3,3
58.569748,67.0,8.430252,71.06915,13.427202,disease,weather_lag3,3
38.54171,59.0,20.45829,418.54163,41.94778,disease,weather_lag3,3
44.432922,46.0,1.5670776,2.4557323,3.4657235,disease,weather_lag3,3
47.40474,48.0,0.5952606,0.35433522,1.2478639,disease,weather_lag3,3
54.705193,63.0,8.294807,68.80383,14.094208,disease,weather_lag3,3
41.885086,88.0,46.114914,2126.5852,71.00879,disease,weather_lag3,3
38.555313,65.0,26.444687,699.3215,51.07355,disease,weather_lag3,3
47.377037,60.0,12.622963,159.33919,23.511475,disease,weather_lag3,3
64.83028,62.0,2.8302765,8.010465,4.463093,disease,weather_lag3,3
64.352615,83.0,18.647385,347.72495,25.30988,disease,weather_lag3,3
63.892857,84.0,20.107143,404.2972,27.191502,disease,weather_lag3,3
52.388172,94.0,41.611828,1731.5442,56.851353,disease,weather_lag3,3
69.17071,93.0,23.829292,567.83514,29.387909,disease,weather_lag3,3
61.49757,83.0,21.50243,462.3545,29.761648,disease,weather_lag3,3
94.008354,77.0,17.008354,289.28412,19.891838,disease,weather_lag3,3
82.26923,45.0,37.269234,1388.9957,58.567547,disease,weather_lag3,3
84.145325,54.0,30.145325,908.7406,43.642918,disease,weather_lag3,3
68.67122,77.0,8.328781,69.36859,11.43504,disease,weather_lag3,3
64.641815,64.0,0.6418152,0.41192675,0.9978329,disease,weather_lag3,3
70.21178,30.0,40.211777,1616.9869,80.25359,disease,weather_lag3,3
77.90333,90.0,12.096672,146.32947,14.409092,disease,weather_lag3,3
80.81899,75.0,5.8189926,33.860676,7.4689126,disease,weather_lag3,3
53.300232,44.0,9.300232,86.494316,19.116568,disease,weather_lag3,3
69.34211,58.0,11.34211,128.64345,17.813604,disease,weather_lag3,3
56.554817,55.0,1.5548172,2.4174566,2.7875395,disease,weather_lag3,3
49.606934,60.0,10.393066,108.01583,18.96425,disease,weather_lag3,3
47.029766,73.0,25.970234,674.45306,43.272987,disease,weather_lag3,3
62.61735,98.0,35.38265,1251.9318,44.058315,disease,weather_lag3,3
66.67616,81.0,14.323837,205.17232,19.398985,disease,weather_lag3,3
58.948936,87.0,28.051064,786.8622,38.439556,disease,weather_lag3,3
83.01079,88.0,4.989212,24.892237,5.8349676,disease,weather_lag3,3
60.59914,103.0,42.40086,1797.8329,51.835068,disease,weather_lag3,3
72.03476,109.0,36.96524,1366.429,40.837727,disease,weather_lag3,3
74.26976,112.0,37.73024,1423.571,40.5114,disease,weather_lag3,3
98.283134,73.0,25.283134,639.2369,29.522034,disease,weather_lag3,3
98.22884,57.0,41.228844,1699.8175,53.120075,disease,weather_lag3,3
103.12945,48.0,55.129448,3039.256,72.95659,disease,weather_lag3,3
86.81106,59.0,27.811058,773.45496,38.146706,disease,weather_lag3,3
75.558685,44.0,31.558685,995.9506,52.791958,disease,weather_lag3,3
65.09309,78.0,12.906914,166.58842,18.039885,disease,weather_lag3,3
67.59649,65.0,2.596489,6.741755,3.9163764,disease,weather_lag3,3
62.150475,59.0,3.1504745,9.925489,5.200928,disease,weather_lag3,3
78.82951,61.0,17.829514,317.89154,25.501787,disease,weather_lag3,3
67.61013,68.0,0.3898697,0.15199837,0.57498604,disease,weather_lag3,3
61.247654,84.0,22.752346,517.66925,31.329039,disease,weather_lag3,3
54.060024,46.0,8.060024,64.96399,16.110378,disease,weather_lag3,3
58.93246,67.0,8.067539,65.08519,12.812485,disease,weather_lag3,3
63.492672,41.0,22.492672,505.9203,43.051193,disease,weather_lag3,3
49.463623,46.0,3.463623,11.996685,7.2564254,disease,weather_lag3,3
60.32885,70.0,9.67115,93.53114,14.841149,disease,weather_lag3,3
55.255756,74.0,18.744244,351.34668,29.00334,disease,weather_lag3,3
49.694046,90.0,40.305954,1624.57,57.706047,disease,weather_lag3,3
56.065487,100.0,43.934513,1930.2415,56.30266,disease,weather_lag3,3
67.30344,114.0,46.696564,2180.569,51.51206,disease,weather_lag3,3
80.56777,142.0,61.432228,3773.9187,55.203163,disease,weather_lag3,3
72.900375,108.0,35.099625,1231.9836,38.805477,disease,weather_lag3,3
86.29519,126.0,39.70481,1576.472,37.405285,disease,weather_lag3,3
107.99921,103.0,4.9992065,24.992065,4.738602,disease,weather_lag3,3
106.237656,105.0,1.2376556,1.5317914,1.1718135,disease,weather_lag3,3
224.55464,198.0,26.554642,705.149,12.56862,pest,weather,1
156.93312,232.0,75.06688,5635.036,38.601433,pest,weather,1
223.30943,210.0,13.309433,177.141,6.1431537,pest,weather,1
178.8633,131.0,47.863297,2290.8953,30.893171,pest,weather,1
121.95383,103.0,18.953827,359.24756,16.851305,pest,weather,1
154.57256,157.0,2.4274445,5.8924866,1.5581888,pest,weather,1
202.82936,165.0,37.82936,1431.0605,20.568974,pest,weather,1
182.64365,202.0,19.356354,374.66843,10.064565,pest,weather,1
156.88445,218.0,61.115555,3735.111,32.605007,pest,weather,1
164.22324,218.0,53.776764,2891.9404,28.13893,pest,weather,1
172.58505,142.0,30.585052,935.44543,19.444695,pest,weather,1
115.64159,161.0,45.358414,2057.3857,32.792187,pest,weather,1
191.45908,170.0,21.459076,460.49194,11.873585,pest,weather,1
176.59999,172.0,4.599991,21.159916,2.639123,pest,weather,1
139.4925,222.0,82.50751,6807.489,45.648254,pest,weather,1
176.21053,186.0,9.7894745,95.83381,5.405406,pest,weather,1
179.62857,223.0,43.37143,1881.0809,21.54414,pest,weather,1
216.77214,163.0,53.77214,2891.443,28.318108,pest,weather,1
147.92455,109.0,38.924545,1515.1202,30.30037,pest,weather,1
144.82083,199.0,54.17917,2935.3823,31.515932,pest,weather,1
198.32416,116.0,82.32416,6777.267,52.381695,pest,weather,1
128.98126,101.0,27.981262,782.95105,24.333515,pest,weather,1
111.329834,119.0,7.670166,58.831448,6.660158,pest,weather,1
119.08697,55.0,64.08697,4107.139,73.62638,pest,weather,1
74.82173,52.0,22.821732,520.8314,35.990253,pest,weather,1
56.744392,61.0,4.2556076,18.110195,7.2285523,pest,weather,1
79.3135,93.0,13.686501,187.3203,15.885581,pest,weather,1
94.47467,98.0,3.5253296,12.427949,3.6631622,pest,weather,1
70.129456,98.0,27.870544,776.7673,33.15367,pest,weather,1
82.2788,108.0,25.721199,661.5801,27.035275,pest,weather,1
86.98448,46.999992,39.98449,1598.7594,59.68526,pest,weather,1
49.396843,32.000008,17.396835,302.64987,42.74572,pest,weather,1
41.99788,48.0,6.002121,36.025455,13.338362,pest,weather,1
66.17493,114.0,47.825073,2287.2375,53.08738,pest,weather,1
103.53766,85.0,18.537659,343.64478,19.664675,pest,weather,1
74.58109,105.0,30.418907,925.30994,33.87763,pest,weather,1
99.523674,97.0,2.523674,6.3689303,2.5683153,pest,weather,1
95.16478,118.0,22.83522,521.44727,21.424946,pest,weather,1
102.78098,67.0,35.780983,1280.2787,42.14958,pest,weather,1
71.47211,46.999992,24.472115,598.8844,41.312874,pest,weather,1
61.023155,90.0,28.976845,839.65753,38.37404,pest,weather,1
92.4172,129.0,36.5828,1338.3014,33.044228,pest,weather,1
137.30304,90.0,47.30304,2237.5776,41.621124,pest,weather,1
126.631035,24.0,102.631035,10533.129,136.2681,pest,weather,1
70.328995,43.000008,27.328987,746.87354,48.22947,pest,weather,1
61.555893,59.0,2.555893,6.532589,4.240179,pest,weather,1
65.381966,54.0,11.381966,129.54915,19.06815,pest,weather,1
65.93084,42.0,23.93084,572.68506,44.34477,pest,weather,1
46.663895,110.0,63.336105,4011.4622,80.85603,pest,weather,1
79.50064,102.0,22.49936,506.22116,24.792595,pest,weather,1
132.75653,31.0,101.75653,10354.392,124.27783,pest,weather,1
65.757385,87.0,21.242615,451.2487,27.812227,pest,weather,1
94.948784,20.0,74.948784,5617.3203,130.4038,pest,weather,1
43.835243,24.0,19.835243,393.43686,58.480644,pest,weather,1
45.943993,74.0,28.056007,787.1395,46.781845,pest,weather,1
61.212463,88.99999,27.787529,772.1468,36.997635,pest,weather,1
81.02993,126.0,44.97007,2022.3071,43.44306,pest,weather,1
95.868225,84.0,11.868225,140.85477,13.196577,pest,weather,1
86.84899,152.0,65.15101,4244.654,54.554142,pest,weather,1
121.23583,78.0,43.235832,1869.3372,43.40166,pest,weather,1
78.78496,52.0,26.784958,717.43396,40.960304,pest,weather,1
71.78279,83.0,11.217209,125.825775,14.494128,pest,weather,1
89.03432,103.0,13.965683,195.0403,14.544986,pest,weather,1
105.079636,99.0,6.0796356,36.961967,5.9581013,pest,weather,1
63.569176,128.0,64.430824,4151.331,67.26637,pest,weather,1
91.29429,118.0,26.705711,713.195,25.51977,pest,weather,1
86.55411,52.0,34.554108,1193.9863,49.87814,pest,weather,1
50.83074,40.0,10.830742,117.30497,23.848185,pest,weather,1
55.92582,88.99999,33.074173,1093.9009,45.6429,pest,weather,1
89.001144,81.0,8.001144,64.01831,9.413048,pest,weather,1
78.2208,75.0,3.2208023,10.373568,4.204132,pest,weather,1
68.172295,100.0,31.827705,1013.0028,37.851303,pest,weather,1
92.42095,64.0,28.420952,807.7505,36.339058,pest,weather,1
58.477676,63.0,4.5223236,20.45141,7.4455223,pest,weather,1
61.6995,57.0,4.699501,22.08531,7.918316,pest,weather,1
59.979713,69.0,9.020287,81.36557,13.987141,pest,weather,1
74.41467,82.0,7.585327,57.53719,9.698997,pest,weather,1
52.261597,34.000008,18.26159,333.48563,42.340015,pest,weather,1
45.084145,34.000008,11.084137,122.85809,28.031248,pest,weather,1
48.587433,51.0,2.4125671,5.8204803,4.845124,pest,weather,1
63.469955,8.000008,55.469948,3076.915,155.2259,pest,weather,1
36.531517,6.0,30.531517,932.1735,143.57126,pest,weather,1
21.80304,10.000008,11.803032,139.31157,74.22579,pest,weather,1
18.422577,8.000008,10.422569,108.62995,78.891365,pest,weather,1
34.465607,6.0,28.465607,810.2908,140.69037,pest,weather,1
32.23536,136.0,103.76464,10767.101,123.35652,pest,weather,1
121.5815,136.0,14.418503,207.89322,11.195294,pest,weather,1
105.43328,169.0,63.56672,4040.7278,46.32581,pest,weather,1
139.92523,71.0,68.92523,4750.6875,65.35513,pest,weather,1
76.96376,132.0,55.03624,3028.9878,52.675392,pest,weather,1
106.61987,116.0,9.380127,87.98678,8.427034,pest,weather,1
147.3242,2.9999998,144.3242,20829.477,192.01726,pest,weather,1
69.4164,16.0,53.416397,2853.3115,125.07293,pest,weather,1
52.409576,106.0,53.590424,2871.9336,67.66059,pest,weather,1
97.899635,124.0,26.100365,681.22906,23.524479,pest,weather,1
98.9605,127.0,28.039497,786.21344,24.81805,pest,weather,1
117.53001,225.0,107.46999,11549.8,62.7507,pest,weather,1
198.57506,197.0,1.575058,2.4808075,0.7963384,pest,weather,1
145.29242,191.0,45.70758,2089.1829,27.183235,pest,weather,1
129.62791,168.0,38.372086,1472.417,25.785273,pest,weather,1
162.16624,214.0,51.833755,2686.7383,27.558962,pest,weather,1
183.78902,152.0,31.789017,1010.54156,18.933924,pest,weather,1
145.5735,136.0,9.573502,91.65193,6.800002,pest,weather,1
154.75635,225.99998,71.24364,5075.656,37.422165,pest,weather,1
216.60294,241.0,24.397064,595.21674,10.662984,pest,weather,1
163.10133,162.0,1.1013336,1.2129357,0.67753255,pest,weather,1
108.226395,216.0,107.773605,11615.15,66.48047,pest,weather,1
215.47285,190.0,25.472855,648.86633,12.564519,pest,weather,1
198.81325,158.0,40.813248,1665.7212,22.876532,pest,weather,1
158.69855,165.0,6.3014526,39.708305,3.8934083,pest,weather,1
192.39072,195.0,2.6092834,6.80836,1.3471069,pest,weather,1
209.91116,232.0,22.088837,487.91672,9.996958,pest,weather,1
188.82352,201.0,12.176483,148.26674,6.247177,pest,weather,1
188.58348,285.0,96.41652,9296.1455,40.717854,pest,weather,1
239.22058,237.0,2.220581,4.93098,0.93258506,pest,weather,1
236.44312,190.0,46.443115,2156.963,21.781624,pest,weather,1
144.67265,183.0,38.327347,1468.9855,23.39368,pest,weather,1
160.22516,233.0,72.77484,5296.1777,37.014336,pest,weather,1
267.77393,186.0,81.773926,6686.975,36.041702,pest,weather,1
229.04453,205.0,24.044525,578.13916,11.079289,pest,weather,1
203.40631,209.0,5.593689,31.289356,2.7127078,pest,weather,1
218.27643,282.0,63.72357,4060.6936,25.475344,pest,weather,1
185.90855,189.0,3.091446,9.557038,1.6491731,pest,weather,1
181.15968,185.0,3.8403168,14.748033,2.0976186,pest,weather,1
225.79579,299.0,73.20421,5358.856,27.898169,pest,weather,1
275.6772,304.0,28.322815,802.1818,9.771927,pest,weather,1
251.91324,288.0,36.08676,1302.2544,13.367616,pest,weather,1
240.6438,266.0,25.356201,642.93695,10.009479,pest,weather,1
231.06595,222.0,9.0659485,82.19142,4.0020437,pest,weather,1
189.56079,134.0,55.56079,3087.0015,34.34334,pest,weather,1
147.35016,201.0,53.64984,2878.3054,30.80225,pest,weather,1
212.47328,232.0,19.526718,381.29272,8.786453,pest,weather,1
226.0978,298.0,71.90221,5169.9272,27.43847,pest,weather,1
240.09808,248.0,7.9019165,62.440285,3.2378395,pest,weather,1
188.90483,59.0,129.90483,16875.266,104.80218,pest,weather,1
112.86681,35.0,77.86681,6063.2407,105.32019,pest,weather,1
55.33223,32.000008,23.332222,544.3926,53.43324,pest,weather,1
69.12766,25.0,44.127663,1947.2506,93.76131,pest,weather,1
96.99915,29.0,67.99915,4623.885,107.93589,pest,weather,1
51.6138,75.0,23.3862,546.91437,36.940998,pest,weather,1
69.585014,49.0,20.585014,423.74283,34.71773,pest,weather,1
52.86313,92.0,39.13687,1531.6947,54.032898,pest,weather,1
69.70474,139.0,69.29526,4801.8325,66.40507,pest,weather,1
118.48903,119.0,0.51097107,0.26109144,0.43031132,pest,weather,1
117.416466,82.0,35.416466,1254.326,35.5201,pest,weather,1
87.41591,217.0,129.58409,16792.037,85.136215,pest,weather,1
201.92653,205.0,3.073471,9.446224,1.5105779,pest,weather,1
210.51445,155.0,55.51445,3081.8542,30.376062,pest,weather,1
153.93309,244.0,90.06691,8112.0483,45.26736,pest,weather,1
227.40309,140.0,87.40309,7639.3003,47.578857,pest,weather,1
196.36134,211.0,14.638657,214.29027,7.1870623,pest,weather,1
177.1967,117.0,60.1967,3623.6428,40.922756,pest,weather,1
147.30698,270.0,122.69302,15053.578,58.802288,pest,weather,1
236.54549,282.0,45.454514,2066.1128,17.531544,pest,weather,1
233.50478,251.99998,18.495209,342.07275,7.618961,pest,weather,1
176.83722,166.0,10.837219,117.44532,6.322078,pest,weather,1
160.85718,150.0,10.857178,117.87831,6.985316,pest,weather,1
126.214905,152.0,25.785095,664.87115,18.5361,pest,weather,1
141.48248,160.0,18.517517,342.89844,12.2843075,pest,weather,1
204.39742,168.0,36.397415,1324.7719,19.54762,pest,weather,1
219.48483,139.0,80.48483,6477.808,44.902782,pest,weather,1
186.60751,165.0,21.607513,466.88464,12.290701,pest,weather,1
169.52611,87.0,82.52611,6810.5586,64.341286,pest,weather,1
110.76756,123.0,12.232437,149.63252,10.46547,pest,weather,1
169.83151,46.0,123.83151,15334.243,114.748314,pest,weather,1
90.70232,42.0,48.702316,2371.9155,73.400856,pest,weather,1
81.009544,58.0,23.009544,529.43915,33.104984,pest,weather,1
48.413506,46.999992,1.4135132,1.9980196,2.962921,pest,weather,1
66.93278,143.0,76.06722,5786.222,72.46817,pest,weather,1
124.56819,159.0,34.43181,1185.5494,24.284678,pest,weather,1
126.76704,133.0,6.2329636,38.849834,4.7988873,pest,weather,1
137.0724,167.0,29.927597,895.6611,19.684523,pest,weather,1
105.971954,128.0,22.028046,485.2348,18.829647,pest,weather,1
117.702614,256.0,138.2974,19126.17,74.01468,pest,weather,1
186.65163,200.0,13.348373,178.17908,6.9045997,pest,weather,1
205.79529,288.0,82.20471,6757.6147,33.295055,pest,weather,1
242.13696,211.0,31.136963,969.51044,13.742847,pest,weather,1
213.28807,190.0,23.28807,542.3342,11.5491,pest,weather,1
177.42139,101.0,76.42139,5840.2285,54.896206,pest,weather,1
135.64095,128.0,7.6409454,58.38405,5.796479,pest,weather,1
173.43973,206.0,32.560272,1060.1714,17.162289,pest,weather,1
221.0337,198.0,23.033707,530.55164,10.993725,pest,weather,1
211.90501,203.0,8.905014,79.29928,4.2925553,pest,weather,1
196.6368,154.0,42.636795,1817.8962,24.319637,pest,weather,1
148.73184,215.0,66.26816,4391.4688,36.43792,pest,weather,1
149.02153,143.0,6.02153,36.258827,4.1240315,pest,weather,1
166.60008,101.0,65.60008,4303.3706,49.028442,pest,weather,1
157.77725,148.0,9.777252,95.59466,6.3950157,pest,weather,1
187.31657,240.0,52.683426,2775.5435,24.657797,pest,weather,1
204.96858,242.0,37.031418,1371.3259,16.570032,pest,weather,1
212.42105,214.0,1.578949,2.49308,0.7405586,pest,weather,1
216.40692,130.0,86.40692,7466.1562,49.887527,pest,weather,1
117.081955,122.0,4.918045,24.187166,4.114108,pest,weather,1
117.43955,163.0,45.560448,2075.7544,32.49217,pest,weather,1
166.33163,106.0,60.331635,3639.906,44.307472,pest,weather,1
155.85628,144.0,11.856277,140.57132,7.907974,pest,weather,1
181.85023,106.0,75.850235,5753.2583,52.70118,pest,weather,1
137.92189,96.0,41.92189,1757.4448,35.84264,pest,weather,1
115.30161,51.0,64.30161,4134.6973,77.33132,pest,weather,1
73.75019,121.0,47.24981,2232.5444,48.523506,pest,weather,1
128.99103,127.0,1.9910278,3.964192,1.555545,pest,weather,1
121.42578,141.0,19.574219,383.15002,14.917909,pest,weather,1
130.89241,117.0,13.89241,192.99907,11.20842,pest,weather,1
110.98668,120.0,9.013321,81.23995,7.804191,pest,weather,1
110.51207,108.0,2.5120697,6.3104944,2.2992504,pest,weather,1
111.740654,76.0,35.740654,1277.3943,38.074493,pest,weather,1
123.420715,98.0,25.420715,646.21277,22.96146,pest,weather,1
146.97095,75.0,71.97095,5179.8174,64.847176,pest,weather,1
106.87896,44.0,62.87896,3953.7637,83.3502,pest,weather,1
82.228455,135.0,52.771545,2784.836,48.58622,pest,weather,1
130.78232,123.0,7.782318,60.564476,6.1330657,pest,weather,1
131.61974,186.0,54.380264,2957.2131,34.24237,pest,weather,1
174.54167,213.0,38.45833,1479.043,19.847324,pest,weather,1
199.13232,144.0,55.132324,3039.5732,32.13473,pest,weather,1
117.20033,149.0,31.799667,1011.2189,23.891533,pest,weather,1
113.551544,108.0,5.551544,30.819643,5.011515,pest,weather,1
120.031204,146.0,25.968796,674.37836,19.52312,pest,weather,1
163.55704,125.0,38.557037,1486.6451,26.724031,pest,weather,1
143.5973,159.0,15.402695,237.24301,10.1803255,pest,weather,1
186.39275,166.0,20.392746,415.86407,11.5738735,pest,weather,1
174.08423,191.0,16.915771,286.1433,9.266777,pest,weather,1
174.41235,134.0,40.412354,1633.1583,26.206701,pest,weather,1
159.8651,190.0,30.134903,908.11237,17.226583,pest,weather,1
194.90172,127.0,67.90172,4610.6436,42.187855,pest,weather,1
158.36893,168.0,9.631073,92.75757,5.9019547,pest,weather,1
178.9251,124.0,54.925095,3016.766,36.26315,pest,weather,1
134.27994,185.0,50.720062,2572.5247,31.771532,pest,weather,1
183.84082,95.0,88.84082,7892.6914,63.72153,pest,weather,1
142.48827,178.0,35.511734,1261.0833,22.161018,pest,weather,1
173.5603,143.0,30.560303,933.9321,19.30773,pest,weather,1
167.50064,142.0,25.50064,650.2827,16.47857,pest,weather,1
165.62085,116.0,49.62085,2462.2288,35.23947,pest,weather,1
139.06299,173.0,33.93701,1151.7208,21.750103,pest,weather,1
158.4198,147.0,11.4198,130.41183,7.478101,pest,weather,1
160.62613,106.0,54.62613,2984.014,40.975826,pest,weather,1
147.5595,130.0,17.559494,308.33582,12.652777,pest,weather,1
143.45586,154.0,10.544144,111.17896,7.0895514,pest,weather,1
149.30179,84.0,65.30179,4264.3237,55.980526,pest,weather,1
161.65315,210.0,48.346848,2337.4177,26.017189,pest,weather,3
117.84032,131.0,13.159683,173.17726,10.57681,pest,weather,3
141.57162,103.0,38.571625,1487.7703,31.54219,pest,weather,3
169.54022,157.0,12.540222,157.25717,7.68066,pest,weather,3
175.67258,165.0,10.672577,113.9039,6.2655916,pest,weather,3
150.69844,202.0,51.30156,2631.85,29.090893,pest,weather,3
185.09113,218.0,32.908875,1082.994,16.328257,pest,weather,3
153.25873,218.0,64.74127,4191.432,34.876633,pest,weather,3
146.74475,142.0,4.744751,22.512661,3.2864676,pest,weather,3
110.01187,161.0,50.98813,2599.7893,37.627968,pest,weather,3
180.24596,170.0,10.245956,104.97962,5.8507204,pest,weather,3
135.92834,172.0,36.071655,1301.1643,23.428604,pest,weather,3
202.49455,222.0,19.505447,380.46246,9.189963,pest,weather,3
159.66888,186.0,26.331116,693.32764,15.234878,pest,weather,3
155.21985,223.0,67.78015,4594.149,35.841667,pest,weather,3
114.04279,163.0,48.957207,2396.808,35.342705,pest,weather,3
142.84021,109.0,33.84021,1145.1598,26.874352,pest,weather,3
170.08672,199.0,28.913284,835.978,15.667475,pest,weather,3
144.05162,116.0,28.05162,786.89343,21.573885,pest,weather,3
172.55634,101.0,71.556335,5120.309,52.31561,pest,weather,3
173.64958,119.0,54.649582,2986.577,37.348133,pest,weather,3
121.06099,55.0,66.06099,4364.054,75.043304,pest,weather,3
83.68509,52.0,31.68509,1003.9449,46.703865,pest,weather,3
95.77454,61.0,34.774544,1209.2689,44.362488,pest,weather,3
88.722084,93.0,4.277916,18.300566,4.708196,pest,weather,3
86.42855,98.0,11.571449,133.89844,12.548435,pest,weather,3
62.377434,98.0,35.622566,1268.9673,44.423412,pest,weather,3
71.25628,108.0,36.74372,1350.1011,40.995743,pest,weather,3
59.935936,46.999992,12.935944,167.33864,24.19382,pest,weather,3
41.437706,32.000008,9.437698,89.07015,25.702593,pest,weather,3
41.583992,48.0,6.416008,41.165157,14.324005,pest,weather,3
42.247337,114.0,71.75266,5148.445,91.84497,pest,weather,3
47.127037,85.0,37.872963,1434.3613,57.3281,pest,weather,3
51.85573,105.0,53.14427,2824.3137,67.76198,pest,weather,3
65.86652,97.0,31.133476,969.29333,38.231895,pest,weather,3
56.11502,118.0,61.88498,3829.7507,71.085175,pest,weather,3
59.915718,67.0,7.084282,50.18705,11.163758,pest,weather,3
60.287262,46.999992,13.28727,176.55153,24.76952,pest,weather,3
75.548935,90.0,14.451065,208.83328,17.45836,pest,weather,3
67.89026,129.0,61.10974,3734.4004,62.074924,pest,weather,3
48.078033,90.0,41.921967,1757.4513,60.722137,pest,weather,3
60.304718,24.0,36.304718,1318.0326,86.12737,pest,weather,3
76.09676,43.000008,33.096756,1095.3953,55.5796,pest,weather,3
71.043884,59.0,12.043884,145.05515,18.5228,pest,weather,3
42.101013,54.0,11.898987,141.58589,24.763498,pest,weather,3
61.385178,42.0,19.385178,375.78513,37.500885,pest,weather,3
20.277191,110.0,89.72281,8050.1826,137.7414,pest,weather,3
12.5612335,102.0,89.43877,7999.293,156.14142,pest,weather,3
2.4914243,31.0,28.508575,812.7389,170.24402,pest,weather,3
51.25341,87.0,35.74659,1277.8187,51.71169,pest,weather,3
81.878525,20.0,61.878525,3828.952,121.47511,pest,weather,3
26.576538,24.0,2.576538,6.6385484,10.188669,pest,weather,3
46.321365,74.0,27.678635,766.1068,46.007847,pest,weather,3
7.5281067,88.99999,81.471886,6637.668,168.80449,pest,weather,3
0.090301305,126.0,125.9097,15853.252,199.71353,pest,weather,3
7.571106,84.0,76.428894,5841.376,166.92796,pest,weather,3
48.508102,152.0,103.4919,10710.573,103.229645,pest,weather,3
57.58642,78.0,20.413582,416.71432,30.111542,pest,weather,3
64.576485,52.0,12.576485,158.16797,21.576366,pest,weather,3
71.660835,83.0,11.339165,128.57666,14.663267,pest,weather,3
73.36672,103.0,29.633278,878.13116,33.60416,pest,weather,3
80.967384,99.0,18.032616,325.17523,20.039871,pest,weather,3
60.76484,128.0,67.23516,4520.567,71.23695,pest,weather,3
73.99745,118.0,44.00255,1936.2242,45.836594,pest,weather,3
35.686035,52.0,16.313965,266.14545,37.20995,pest,weather,3
52.03647,40.0,12.0364685,144.87657,26.155869,pest,weather,3
57.816177,88.99999,31.183815,972.4303,42.480083,pest,weather,3
54.688988,81.0,26.311012,692.26935,38.78135,pest,weather,3
54.247063,75.0,20.752937,430.68442,32.11359,pest,weather,3
51.559647,100.0,48.440353,2346.4678,63.922493,pest,weather,3
58.204697,64.0,5.7953033,33.58554,9.484584,pest,weather,3
34.513557,63.0,28.486443,811.4774,58.425606,pest,weather,3
30.434486,57.0,26.565514,705.7265,60.766674,pest,weather,3
34.502403,69.0,34.497597,1190.0842,66.66048,pest,weather,3
41.16533,82.0,40.83467,1667.4703,66.308716,pest,weather,3
45.748604,34.000008,11.748596,138.02951,29.464077,pest,weather,3
34.05815,34.000008,0.058143616,0.00338068,0.17086451,pest,weather,3
34.683937,51.0,16.316063,266.2139,38.084297,pest,weather,3
39.66163,8.000008,31.661621,1002.45825,132.85999,pest,weather,3
60.031837,6.0,54.031837,2919.4395,163.6539,pest,weather,3
65.33892,10.000008,55.338913,3062.3953,146.90656,pest,weather,3
44.83316,8.000008,36.833153,1356.6812,139.43193,pest,weather,3
21.15596,6.0,15.15596,229.70312,111.621605,pest,weather,3
52.654938,136.0,83.34506,6946.3994,88.35715,pest,weather,3
67.01532,136.0,68.98468,4758.886,67.96007,pest,weather,3
61.6612,169.0,107.3388,11521.617,93.07053,pest,weather,3
99.17573,71.0,28.175728,793.87164,33.11369,pest,weather,3
111.20777,132.0,20.792229,432.31677,17.098328,pest,weather,3
107.02559,116.0,8.974411,80.540054,8.047875,pest,weather,3
84.043175,2.9999998,81.043175,6567.996,186.21375,pest,weather,3
149.0385,16.0,133.0385,17699.242,161.22118,pest,weather,3
140.19955,106.0,34.199554,1169.6095,27.781979,pest,weather,3
64.270386,124.0,59.729614,3567.6267,63.450886,pest,weather,3
37.842697,127.0,89.1573,7949.0244,108.172585,pest,weather,3
82.47243,225.0,142.52757,20314.11,92.709175,pest,weather,3
95.20939,197.0,101.79061,10361.328,69.66964,pest,weather,3
86.56455,191.0,104.43545,10906.763,75.25129,pest,weather,3
133.51112,168.0,34.488876,1189.4825,22.87735,pest,weather,3
129.23651,214.0,84.76349,7184.849,49.390717,pest,weather,3
130.32225,152.0,21.67775,469.92484,15.35674,pest,weather,3
150.5479,136.0,14.547897,211.64131,10.153902,pest,weather,3
149.55939,225.99998,76.4406,5843.165,40.707596,pest,weather,3
141.74979,241.0,99.25021,9850.6045,51.861668,pest,weather,3
120.467316,162.0,41.532684,1724.9639,29.407072,pest,weather,3
114.325134,216.0,101.674866,10337.778,61.560474,pest,weather,3
138.73691,190.0,51.263092,2627.9045,31.187912,pest,weather,3
117.274956,158.0,40.725044,1658.5292,29.58863,pest,weather,3
146.52249,165.0,18.477509,341.41833,11.862712,pest,weather,3
178.21724,195.0,16.78276,281.66104,8.993562,pest,weather,3
177.482,232.0,54.518005,2972.213,26.62779,pest,weather,3
122.69927,201.0,78.30073,6131.004,48.378685,pest,weather,3
157.3134,285.0,127.6866,16303.868,57.7358,pest,weather,3
177.97202,237.0,59.027985,3484.303,28.449139,pest,weather,3
191.17772,190.0,1.1777191,1.3870224,0.61793697,pest,weather,3
192.72336,183.0,9.723358,94.54369,5.175807,pest,weather,3
207.07391,233.0,25.926086,672.162,11.782605,pest,weather,3
213.22981,186.0,27.229813,741.4627,13.641172,pest,weather,3
207.18172,205.0,2.181717,4.7598886,1.058619,pest,weather,3
224.72064,209.0,15.720642,247.13858,7.249202,pest,weather,3
228.87445,282.0,53.12555,2822.324,20.79789,pest,weather,3
161.66656,189.0,27.333435,747.1167,15.5894165,pest,weather,3
151.2948,185.0,33.7052,1136.0405,20.045033,pest,weather,3
145.08865,299.0,153.91135,23688.703,69.3156,pest,weather,3
213.92555,304.0,90.07445,8113.4062,34.78278,pest,weather,3
220.89374,288.0,67.10626,4503.2505,26.37339,pest,weather,3
252.42586,266.0,13.574142,184.25734,5.2366767,pest,weather,3
240.16609,222.0,18.166092,330.0069,7.8612833,pest,weather,3
175.7368,134.0,41.7368,1741.9606,26.94985,pest,weather,3
198.8777,201.0,2.1222992,4.5041537,1.0614742,pest,weather,3
220.63168,232.0,11.368317,129.23862,5.0232086,pest,weather,3
207.06007,298.0,90.939926,8270.07,36.011528,pest,weather,3
214.64337,248.0,33.35663,1112.6647,14.420017,pest,weather,3
190.78107,59.0,131.78107,17366.25,105.51726,pest,weather,3
198.33557,35.0,163.33557,26678.51,140.00056,pest,weather,3
123.11256,32.000008,91.11255,8301.496,117.47926,pest,weather,3
150.59953,25.0,125.59953,15775.243,143.05225,pest,weather,3
136.56874,29.0,107.56874,11571.034,129.93848,pest,weather,3
135.97089,75.0,60.970886,3717.449,57.800285,pest,weather,3
107.852066,49.0,58.852066,3463.5657,75.04149,pest,weather,3
49.52984,92.0,42.47016,1803.7146,60.01584,pest,weather,3
67.7831,139.0,71.2169,5071.847,68.880775,pest,weather,3
67.76235,119.0,51.237648,2625.2966,54.869354,pest,weather,3
90.10084,82.0,8.100838,65.62357,9.41406,pest,weather,3
92.62181,217.0,124.37819,15469.934,80.342,pest,weather,3
118.245575,205.0,86.754425,7526.33,53.6771,pest,weather,3
121.46364,155.0,33.53636,1124.6875,24.260958,pest,weather,3
172.30275,244.0,71.69725,5140.4956,34.444763,pest,weather,3
202.27812,140.0,62.278122,3878.5645,36.390358,pest,weather,3
161.42728,211.0,49.572723,2457.4548,26.621426,pest,weather,3
164.36618,117.0,47.36618,2243.555,33.66871,pest,weather,3
170.50835,270.0,99.49165,9898.589,45.17129,pest,weather,3
192.87979,282.0,89.12021,7942.4116,37.533794,pest,weather,3
142.89055,251.99998,109.109436,11904.869,55.260597,pest,weather,3
187.16284,166.0,21.162842,447.86588,11.98475,pest,weather,3
172.36543,150.0,22.365433,500.2126,13.875826,pest,weather,3
171.05061,152.0,19.050613,362.92587,11.794197,pest,weather,3
167.2521,160.0,7.2521057,52.593037,4.4321218,pest,weather,3
194.2019,168.0,26.201904,686.5398,14.46812,pest,weather,3
226.57704,139.0,87.57704,7669.7383,47.91168,pest,weather,3
209.90056,165.0,44.90056,2016.0602,23.953316,pest,weather,3
211.22446,87.0,124.22446,15431.716,83.30937,pest,weather,3
153.59372,123.0,30.59372,935.97565,22.121775,pest,weather,3
161.69138,46.0,115.691376,13384.494,111.407005,pest,weather,3
143.8146,42.0,101.814606,10366.214,109.5873,pest,weather,3
158.63962,58.0,100.63962,10128.333,92.909706,pest,weather,3
88.64349,46.999992,41.6435,1734.1812,61.401398,pest,weather,3
103.63773,143.0,39.362267,1549.3881,31.919094,pest,weather,3
46.013313,159.0,112.98669,12765.991,110.223755,pest,weather,3
65.04684,133.0,67.95316,4617.6323,68.62332,pest,weather,3
96.4805,167.0,70.5195,4973.0,53.529198,pest,weather,3
106.85888,128.0,21.14112,446.947,18.003254,pest,weather,3
108.360016,256.0,147.63998,21797.564,81.04072,pest,weather,3
111.91095,200.0,88.08905,7759.6807,56.48346,pest,weather,3
156.35051,288.0,131.64949,17331.588,59.25479,pest,weather,3
200.86041,211.0,10.139587,102.81123,4.923798,pest,weather,3
166.4187,190.0,23.581299,556.07764,13.232358,pest,weather,3
186.67575,101.0,85.67575,7340.3345,59.564106,pest,weather,3
190.15648,128.0,62.15648,3863.428,39.072895,pest,weather,3
180.9442,206.0,25.055801,627.7932,12.950601,pest,weather,3
192.23982,198.0,5.7601776,33.179646,2.952122,pest,weather,3
193.99542,203.0,9.004578,81.08242,4.5363636,pest,weather,3
227.09802,154.0,73.09802,5343.321,38.361797,pest,weather,3
188.32782,215.0,26.67218,711.4052,13.226054,pest,weather,3
129.7815,143.0,13.218506,174.7289,9.691645,pest,weather,3
168.07193,101.0,67.07193,4498.6436,49.854275,pest,weather,3
203.76566,148.0,55.765656,3109.8083,31.706139,pest,weather,3
176.14479,240.0,63.85521,4077.4878,30.688938,pest,weather,3
168.34564,242.0,73.65436,5424.9644,35.898693,pest,weather,3
157.16084,214.0,56.839157,3230.6897,30.627779,pest,weather,3
172.17867,130.0,42.178665,1779.0398,27.916378,pest,weather,3
161.47748,122.0,39.477478,1558.4713,27.852285,pest,weather,3
144.98232,163.0,18.017685,324.63696,11.700468,pest,weather,3
147.66798,106.0,41.667984,1736.221,32.85238,pest,weather,3
173.6028,144.0,29.602798,876.3257,18.641397,pest,weather,3
191.74619,106.0,85.746185,7352.408,57.596832,pest,weather,3
190.35559,96.0,94.35559,8902.978,65.90099,pest,weather,3
203.98613,51.0,152.98613,23404.756,119.99565,pest,weather,3
189.31691,121.0,68.31691,4667.2,44.030415,pest,weather,3
153.33362,127.0,26.333618,693.4595,18.787342,pest,weather,3
91.659294,141.0,49.340706,2434.5054,42.41456,pest,weather,3
112.48882,117.0,4.511177,20.350718,3.9315004,pest,weather,3
125.79183,120.0,5.791832,33.54532,4.7127943,pest,weather,3
108.629875,108.0,0.6298752,0.39674276,0.581522,pest,weather,3
97.07868,76.0,21.078682,444.31082,24.357342,pest,weather,3
144.5773,98.0,46.5773,2169.445,38.402027,pest,weather,3
178.29784,75.0,103.29784,10670.443,81.562355,pest,weather,3
159.08585,44.0,115.085846,13244.752,113.337135,pest,weather,3
144.54599,135.0,9.54599,91.12592,6.829638,pest,weather,3
112.74649,123.0,10.2535095,105.13446,8.698759,pest,weather,3
116.96462,186.0,69.03538,4765.8833,45.573227,pest,weather,3
129.1065,213.0,83.89349,7038.118,49.04525,pest,weather,3
137.94481,144.0,6.055191,36.66534,4.2953024,pest,weather,3
130.18394,149.0,18.816055,354.04395,13.479323,pest,weather,3
135.30777,108.0,27.30777,745.7143,22.4471,pest,weather,3
136.35548,146.0,9.644516,93.016685,6.831471,pest,weather,3
149.73647,125.0,24.736465,611.8927,18.007414,pest,weather,3
166.01675,159.0,7.016754,49.23484,4.31778,pest,weather,3
188.34102,166.0,22.341019,499.12112,12.609898,pest,weather,3
180.91321,191.0,10.086792,101.74337,5.424272,pest,weather,3
188.71382,134.0,54.71382,2993.6023,33.908573,pest,weather,3
169.3686,190.0,20.631393,425.6544,11.482023,pest,weather,3
179.80734,127.0,52.807343,2788.6155,34.423782,pest,weather,3
183.4542,168.0,15.454193,238.83209,8.794429,pest,weather,3
172.70448,124.0,48.704483,2372.1267,32.8303,pest,weather,3
171.40135,185.0,13.598648,184.92323,7.6310863,pest,weather,3
169.06151,95.0,74.06151,5485.107,56.094128,pest,weather,3
160.9901,178.0,17.009903,289.3368,10.035634,pest,weather,3
159.04576,143.0,16.045761,257.46646,10.624722,pest,weather,3
165.9765,142.0,23.976501,574.8726,15.570344,pest,weather,3
162.84209,116.0,46.842087,2194.1812,33.597572,pest,weather,3
147.52803,173.0,25.47197,648.8212,15.893756,pest,weather,3
157.82228,147.0,10.822281,117.121765,7.1007156,pest,weather,3
135.60246,106.0,29.602463,876.3058,24.5051,pest,weather,3
186.38124,130.0,56.38124,3178.8442,35.64133,pest,weather,3
143.10973,154.0,10.890274,118.59807,7.3308086,pest,weather,3
149.77365,84.0,65.77365,4326.1733,56.271225,pest,weather,3
204.85312,198.0,6.853119,46.96524,3.4022915,pest,weather_lag3,1
136.99477,232.0,95.00523,9025.994,51.494087,pest,weather_lag3,1
188.93216,210.0,21.06784,443.8539,10.562117,pest,weather_lag3,1
170.86153,131.0,39.861526,1588.9413,26.410473,pest,weather_lag3,1
99.24248,103.0,3.7575226,14.118976,3.715859,pest,weather_lag3,1
167.21239,157.0,10.212387,104.29285,6.2998133,pest,weather_lag3,1
181.78006,165.0,16.78006,281.5704,9.677638,pest,weather_lag3,1
159.39717,202.0,42.60283,1815.001,23.576738,pest,weather_lag3,1
168.34189,218.0,49.65811,2465.928,25.706821,pest,weather_lag3,1
149.48839,218.0,68.51161,4693.841,37.286407,pest,weather_lag3,1
142.36884,142.0,0.36883545,0.13603958,0.2594064,pest,weather_lag3,1
105.89928,161.0,55.100723,3036.0896,41.289524,pest,weather_lag3,1
166.98572,170.0,3.0142822,9.085897,1.7889673,pest,weather_lag3,1
174.56581,172.0,2.5658112,6.583387,1.4807065,pest,weather_lag3,1
171.31638,222.0,50.683624,2568.8298,25.772446,pest,weather_lag3,1
170.02362,186.0,15.976379,255.2447,8.974898,pest,weather_lag3,1
172.6328,223.0,50.367203,2536.8552,25.46159,pest,weather_lag3,1
165.71292,163.0,2.7129211,7.359941,1.6506325,pest,weather_lag3,1
136.64949,109.0,27.64949,764.4943,22.511335,pest,weather_lag3,1
134.82014,199.0,64.179855,4119.0537,38.45176,pest,weather_lag3,1
181.99643,116.0,65.99643,4355.529,44.293438,pest,weather_lag3,1
145.23724,101.0,44.237244,1956.9337,35.930588,pest,weather_lag3,1
86.56938,119.0,32.43062,1051.745,31.551992,pest,weather_lag3,1
107.695564,55.0,52.695564,2776.8225,64.77812,pest,weather_lag3,1
70.530426,52.0,18.530426,343.37668,30.246243,pest,weather_lag3,1
46.99636,61.0,14.003639,196.10191,25.93354,pest,weather_lag3,1
67.441444,93.0,25.558556,653.23975,31.860292,pest,weather_lag3,1
68.92392,98.0,29.07608,845.41846,34.837524,pest,weather_lag3,1
71.22098,98.0,26.779022,717.116,31.649765,pest,weather_lag3,1
75.37295,108.0,32.627052,1064.5245,35.585457,pest,weather_lag3,1
78.37881,46.999992,31.378815,984.63,50.05442,pest,weather_lag3,1
49.603058,32.000008,17.60305,309.86737,43.143112,pest,weather_lag3,1
43.42939,48.0,4.57061,20.890476,9.998119,pest,weather_lag3,1
52.543777,114.0,61.456223,3776.8672,73.80188,pest,weather_lag3,1
97.27959,85.0,12.279587,150.78825,13.473354,pest,weather_lag3,1
63.330406,105.0,41.669594,1736.3551,49.509285,pest,weather_lag3,1
73.15524,97.0,23.844757,568.57245,28.027061,pest,weather_lag3,1
79.94934,118.0,38.05066,1447.8527,38.444847,pest,weather_lag3,1
87.033485,67.0,20.033485,401.34055,26.011858,pest,weather_lag3,1
71.65488,46.999992,24.654884,607.86334,41.557304,pest,weather_lag3,1
56.453743,90.0,33.546257,1125.3513,45.811405,pest,weather_lag3,1
76.25578,129.0,52.744217,2781.9524,51.393646,pest,weather_lag3,1
97.72058,90.0,7.720581,59.607372,8.22561,pest,weather_lag3,1
76.95778,24.0,52.95778,2804.5264,104.91074,pest,weather_lag3,1
52.18296,43.000008,9.182953,84.32662,19.29537,pest,weather_lag3,1
54.145454,59.0,4.8545456,23.566612,8.581071,pest,weather_lag3,1
45.67552,54.0,8.324478,69.296936,16.703154,pest,weather_lag3,1
42.36821,42.0,0.36820984,0.13557848,0.87286395,pest,weather_lag3,1
35.36017,110.0,74.63983,5571.1045,102.6964,pest,weather_lag3,1
62.18228,102.0,39.81772,1585.4507,48.50428,pest,weather_lag3,1
103.9863,31.0,72.9863,5326.9995,108.138824,pest,weather_lag3,1
44.495346,87.0,42.504654,1806.6456,64.64815,pest,weather_lag3,1
85.31334,20.0,65.31334,4265.8325,124.03622,pest,weather_lag3,1
31.037766,24.0,7.0377655,49.530144,25.574314,pest,weather_lag3,1
25.29184,74.0,48.70816,2372.4849,98.11111,pest,weather_lag3,1
52.969048,88.99999,36.030945,1298.229,50.758873,pest,weather_lag3,1
54.912796,126.0,71.087204,5053.3906,78.58726,pest,weather_lag3,1
84.5288,84.0,0.52880096,0.27963045,0.62754965,pest,weather_lag3,1
69.125824,152.0,82.874176,6868.129,74.95658,pest,weather_lag3,1
91.363144,78.0,13.363144,178.57361,15.780462,pest,weather_lag3,1
73.56177,52.0,21.561768,464.90982,34.34448,pest,weather_lag3,1
55.84926,83.0,27.150742,737.1628,39.108227,pest,weather_lag3,1
93.31528,103.0,9.684723,93.79386,9.866499,pest,weather_lag3,1
91.163475,99.0,7.836525,61.411125,8.241882,pest,weather_lag3,1
68.96743,128.0,59.03257,3484.8442,59.941452,pest,weather_lag3,1
81.64382,118.0,36.35618,1321.7717,36.42104,pest,weather_lag3,1
83.99259,52.0,31.992592,1023.52594,47.050495,pest,weather_lag3,1
56.736626,40.0,16.736626,280.11462,34.60246,pest,weather_lag3,1
54.552956,88.99999,34.447037,1186.5984,47.9921,pest,weather_lag3,1
78.02888,81.0,2.9711227,8.82757,3.7365828,pest,weather_lag3,1
64.42343,75.0,10.576569,111.8638,15.171866,pest,weather_lag3,1
51.38752,100.0,48.61248,2363.1733,64.22257,pest,weather_lag3,1
72.910965,64.0,8.910965,79.4053,13.017167,pest,weather_lag3,1
59.92453,63.0,3.07547,9.458515,5.0038347,pest,weather_lag3,1
59.557014,57.0,2.5570145,6.538323,4.387577,pest,weather_lag3,1
66.21549,69.0,2.7845078,7.7534833,4.1186223,pest,weather_lag3,1
57.290314,82.0,24.709686,610.5686,35.4794,pest,weather_lag3,1
45.828255,34.000008,11.828247,139.90742,29.634233,pest,weather_lag3,1
35.311462,34.000008,1.3114548,1.7199136,3.784236,pest,weather_lag3,1
50.87117,51.0,0.12882996,0.016597157,0.2529272,pest,weather_lag3,1
56.52076,8.000008,48.520752,2354.2634,150.40352,pest,weather_lag3,1
25.154778,6.0,19.154778,366.9055,122.96526,pest,weather_lag3,1
20.982735,10.000008,10.982727,120.62029,70.895775,pest,weather_lag3,1
26.783821,8.000008,18.783813,352.83163,108.00314,pest,weather_lag3,1
28.408043,6.0,22.408043,502.1204,130.24887,pest,weather_lag3,1
27.592361,136.0,108.40764,11752.216,132.53386,pest,weather_lag3,1
104.65083,136.0,31.349167,982.77026,26.053652,pest,weather_lag3,1
80.330536,169.0,88.669464,7862.274,71.12604,pest,weather_lag3,1
115.122284,71.0,44.122284,1946.7759,47.412144,pest,weather_lag3,1
72.2932,132.0,59.706802,3564.9023,58.45207,pest,weather_lag3,1
70.924805,116.0,45.075195,2031.7732,48.22816,pest,weather_lag3,1
112.812996,2.9999998,109.812996,12058.895,189.63847,pest,weather_lag3,1
29.171623,16.0,13.171623,173.49165,58.31813,pest,weather_lag3,1
44.901756,106.0,61.098244,3732.9954,80.97751,pest,weather_lag3,1
92.50139,124.0,31.498611,992.16254,29.097837,pest,weather_lag3,1
70.17535,127.0,56.824654,3229.0413,57.6387,pest,weather_lag3,1
84.45481,225.0,140.5452,19752.953,90.83407,pest,weather_lag3,1
161.09439,197.0,35.90561,1289.2128,20.05371,pest,weather_lag3,1
137.25273,191.0,53.74727,2888.7688,32.74749,pest,weather_lag3,1
138.10327,168.0,29.896729,893.8144,19.533752,pest,weather_lag3,1
128.57831,214.0,85.42169,7296.865,49.869877,pest,weather_lag3,1
151.11726,152.0,0.8827362,0.7792232,0.5824388,pest,weather_lag3,1
161.38747,136.0,25.387466,644.52344,17.073664,pest,weather_lag3,1
141.18944,225.99998,84.81055,7192.829,46.19444,pest,weather_lag3,1
195.42628,241.0,45.573715,2076.9636,20.884954,pest,weather_lag3,1
214.05287,162.0,52.05287,2709.5015,27.683807,pest,weather_lag3,1
138.97404,216.0,77.025955,5932.9976,43.398075,pest,weather_lag3,1
177.67007,190.0,12.329926,152.02707,6.7070594,pest,weather_lag3,1
175.52179,158.0,17.52179,307.01312,10.5071335,pest,weather_lag3,1
153.34044,165.0,11.659561,135.94537,7.325215,pest,weather_lag3,1
163.0608,195.0,31.939194,1020.1121,17.840096,pest,weather_lag3,1
200.97334,232.0,31.026657,962.65344,14.3319025,pest,weather_lag3,1
206.86185,201.0,5.861847,34.361248,2.8744276,pest,weather_lag3,1
195.5018,285.0,89.4982,8009.9277,37.251972,pest,weather_lag3,1
216.67267,237.0,20.327332,413.2004,8.961233,pest,weather_lag3,1
210.09055,190.0,20.090546,403.63004,10.042999,pest,weather_lag3,1
160.22523,183.0,22.774765,518.68994,13.271032,pest,weather_lag3,1
193.15945,233.0,39.840546,1587.269,18.697483,pest,weather_lag3,1
263.14206,186.0,77.14206,5950.8975,34.350853,pest,weather_lag3,1
223.92926,205.0,18.92926,358.3169,8.826285,pest,weather_lag3,1
158.44647,209.0,50.553528,2555.6592,27.516132,pest,weather_lag3,1
177.99692,282.0,104.00308,10816.642,45.219032,pest,weather_lag3,1
190.85338,189.0,1.8533783,3.4350111,0.9758388,pest,weather_lag3,1
210.27435,185.0,25.274353,638.7929,12.788259,pest,weather_lag3,1
210.2786,299.0,88.721405,7871.488,34.841995,pest,weather_lag3,1
229.66629,304.0,74.33371,5525.5005,27.85775,pest,weather_lag3,1
272.09253,288.0,15.907471,253.04762,5.680301,pest,weather_lag3,1
222.8342,266.0,43.165802,1863.2865,17.660713,pest,weather_lag3,1
262.69342,222.0,40.69342,1655.9545,16.791407,pest,weather_lag3,1
187.97978,134.0,53.979782,2913.817,33.52992,pest,weather_lag3,1
125.27126,201.0,75.72874,5734.842,46.42072,pest,weather_lag3,1
173.90665,232.0,58.093353,3374.8376,28.623999,pest,weather_lag3,1
170.06807,298.0,127.93193,16366.579,54.66382,pest,weather_lag3,1
237.29462,248.0,10.705383,114.60523,4.411911,pest,weather_lag3,1
217.77744,59.0,158.77744,25210.273,114.73293,pest,weather_lag3,1
112.83803,35.0,77.83803,6058.759,105.30176,pest,weather_lag3,1
71.91888,32.000008,39.91887,1593.5161,76.82698,pest,weather_lag3,1
69.679695,25.0,44.679695,1996.2751,94.38073,pest,weather_lag3,1
56.59025,29.0,27.590248,761.2218,64.47054,pest,weather_lag3,1
31.574783,75.0,43.425217,1885.7494,81.49248,pest,weather_lag3,1
66.008026,49.0,17.008026,289.27295,29.577112,pest,weather_lag3,1
57.501633,92.0,34.498367,1190.1373,46.151157,pest,weather_lag3,1
61.147438,139.0,77.85256,6061.0215,77.79521,pest,weather_lag3,1
117.443565,119.0,1.5564346,2.4224887,1.3165379,pest,weather_lag3,1
95.42659,82.0,13.42659,180.27332,15.134811,pest,weather_lag3,1
70.99185,217.0,146.00815,21318.379,101.397415,pest,weather_lag3,1
191.50832,205.0,13.491684,182.02554,6.8052464,pest,weather_lag3,1
165.09813,155.0,10.098129,101.97221,6.309396,pest,weather_lag3,1
142.99312,244.0,101.00688,10202.391,52.20087,pest,weather_lag3,1
246.46176,140.0,106.46176,11334.106,55.095627,pest,weather_lag3,1
158.91179,211.0,52.08821,2713.1816,28.162502,pest,weather_lag3,1
162.55101,117.0,45.55101,2074.8945,32.58869,pest,weather_lag3,1
192.64413,270.0,77.355865,5983.9297,33.44076,pest,weather_lag3,1
188.8566,282.0,93.1434,8675.693,39.563385,pest,weather_lag3,1
274.5376,251.99998,22.537613,507.944,8.560685,pest,weather_lag3,1
175.87737,166.0,9.877365,97.56234,5.7783084,pest,weather_lag3,1
207.77654,150.0,57.776535,3338.128,32.29755,pest,weather_lag3,1
173.41406,152.0,21.414062,458.56207,13.161117,pest,weather_lag3,1
118.161964,160.0,41.838036,1750.4213,30.081781,pest,weather_lag3,1
203.37378,168.0,35.37378,1251.3043,19.05023,pest,weather_lag3,1
163.96089,139.0,24.960892,623.04614,16.477962,pest,weather_lag3,1
170.07869,165.0,5.0786896,25.793087,3.0313416,pest,weather_lag3,1
184.57414,87.0,97.57414,9520.713,71.85819,pest,weather_lag3,1
117.57242,123.0,5.427582,29.458645,4.512223,pest,weather_lag3,1
164.2844,46.0,118.28439,13991.197,112.49945,pest,weather_lag3,1
82.760864,42.0,40.760864,1661.448,65.34239,pest,weather_lag3,1
74.8661,58.0,16.866096,284.4652,25.388113,pest,weather_lag3,1
58.676743,46.999992,11.67675,136.3465,22.098999,pest,weather_lag3,1
61.995102,143.0,81.0049,6561.7935,79.03106,pest,weather_lag3,1
98.20711,159.0,60.792892,3695.776,47.271553,pest,weather_lag3,1
144.7756,133.0,11.775604,138.66486,8.478501,pest,weather_lag3,1
122.575966,167.0,44.424034,1973.4948,30.682129,pest,weather_lag3,1
139.28102,128.0,11.281021,127.26144,8.441319,pest,weather_lag3,1
129.92992,256.0,126.07008,15893.666,65.333145,pest,weather_lag3,1
172.1731,200.0,27.826904,774.3366,14.953743,pest,weather_lag3,1
227.97398,288.0,60.026016,3603.1226,23.267069,pest,weather_lag3,1
210.63037,211.0,0.3696289,0.13662553,0.17533316,pest,weather_lag3,1
247.25989,190.0,57.259888,3278.6948,26.190323,pest,weather_lag3,1
202.05344,101.0,101.05344,10211.797,66.69018,pest,weather_lag3,1
153.40584,128.0,25.405838,645.4566,18.05637,pest,weather_lag3,1
199.63347,206.0,6.3665314,40.532722,3.1390562,pest,weather_lag3,1
176.04375,198.0,21.956253,482.07706,11.739938,pest,weather_lag3,1
227.98605,203.0,24.986053,624.30286,11.594831,pest,weather_lag3,1
182.4632,154.0,28.463196,810.1535,16.919054,pest,weather_lag3,1
158.59294,215.0,56.40706,3181.7563,30.197065,pest,weather_lag3,1
132.6497,143.0,10.350296,107.128624,7.5097456,pest,weather_lag3,1
175.57661,101.0,74.576614,5561.6714,53.928364,pest,weather_lag3,1
171.73271,148.0,23.732712,563.24164,14.845345,pest,weather_lag3,1
170.37758,240.0,69.62242,4847.2817,33.93091,pest,weather_lag3,1
220.72281,242.0,21.277191,452.71887,9.196517,pest,weather_lag3,1
212.7978,214.0,1.2021942,1.4452709,0.5633554,pest,weather_lag3,1
218.99533,130.0,88.99533,7920.169,51.00087,pest,weather_lag3,1
163.26314,122.0,41.263138,1702.6465,28.92988,pest,weather_lag3,1
118.585434,163.0,44.414566,1972.6537,31.546064,pest,weather_lag3,1
136.448,106.0,30.447998,927.08057,25.117138,pest,weather_lag3,1
139.60722,144.0,4.3927765,19.296486,3.0977886,pest,weather_lag3,1
167.53313,106.0,61.533127,3786.3257,44.99135,pest,weather_lag3,1
139.1158,96.0,43.1158,1858.9722,36.676224,pest,weather_lag3,1
94.76528,51.0,43.76528,1915.3999,60.048973,pest,weather_lag3,1
81.2827,121.0,39.7173,1577.464,39.2691,pest,weather_lag3,1
107.85056,127.0,19.149437,366.70093,16.307764,pest,weather_lag3,1
99.42969,141.0,41.570312,1728.0908,34.580017,pest,weather_lag3,1
119.41407,117.0,2.4140701,5.8277345,2.042239,pest,weather_lag3,1
117.32503,120.0,2.6749725,7.155478,2.2542694,pest,weather_lag3,1
102.040695,108.0,5.959305,35.513313,5.674429,pest,weather_lag3,1
103.24727,76.0,27.247269,742.41364,30.40188,pest,weather_lag3,1
87.62042,98.0,10.379578,107.735634,11.183659,pest,weather_lag3,1
129.99977,75.0,54.99977,3024.9749,53.65837,pest,weather_lag3,1
95.355194,44.0,51.355194,2637.356,73.704025,pest,weather_lag3,1
84.97826,135.0,50.021744,2502.1748,45.47881,pest,weather_lag3,1
126.61845,123.0,3.6184464,13.093154,2.899182,pest,weather_lag3,1
121.832596,186.0,64.167404,4117.4556,41.689808,pest,weather_lag3,1
132.69879,213.0,80.30121,6448.284,46.457325,pest,weather_lag3,1
195.89514,144.0,51.89514,2693.1057,30.535973,pest,weather_lag3,1
136.06107,149.0,12.938934,167.41602,9.078009,pest,weather_lag3,1
150.5535,108.0,42.553497,1810.8002,32.91659,pest,weather_lag3,1
119.955345,146.0,26.044655,678.32404,19.585735,pest,weather_lag3,1
123.96634,125.0,1.0336609,1.0684549,0.83036196,pest,weather_lag3,1
154.0869,159.0,4.913101,24.138563,3.1384904,pest,weather_lag3,1
187.80524,166.0,21.805237,475.46835,12.326124,pest,weather_lag3,1
179.7129,191.0,11.287094,127.39849,6.0893993,pest,weather_lag3,1
203.04526,134.0,69.04526,4767.2476,40.970913,pest,weather_lag3,1
151.45357,190.0,38.546432,1485.8275,22.577848,pest,weather_lag3,1
138.38739,127.0,11.38739,129.67265,8.581712,pest,weather_lag3,1
118.214935,168.0,49.785065,2478.5527,34.788586,pest,weather_lag3,1
172.63528,124.0,48.635284,2365.3909,32.7913,pest,weather_lag3,1
164.94142,185.0,20.058578,402.34656,11.463964,pest,weather_lag3,1
162.33563,95.0,67.33563,4534.0874,52.332924,pest,weather_lag3,1
136.26088,178.0,41.73912,1742.1542,26.563358,pest,weather_lag3,1
144.86266,143.0,1.8626556,3.469486,1.294128,pest,weather_lag3,1
137.20177,142.0,4.798233,23.02304,3.4371078,pest,weather_lag3,1
137.44386,116.0,21.443863,459.83926,16.921982,pest,weather_lag3,1
141.69562,173.0,31.304382,979.96436,19.895023,pest,weather_lag3,1
141.79538,147.0,5.2046204,27.088074,3.6043656,pest,weather_lag3,1
156.85289,106.0,50.85289,2586.0164,38.69304,pest,weather_lag3,1
151.80272,130.0,21.80272,475.35855,15.473745,pest,weather_lag3,1
149.69247,154.0,4.3075256,18.554777,2.8367682,pest,weather_lag3,1
128.88924,84.0,44.889236,2015.0436,42.171448,pest,weather_lag3,1
168.32718,210.0,41.67282,1736.624,22.030045,pest,weather_lag3,3
177.7401,131.0,46.740097,2184.6367,30.277956,pest,weather_lag3,3
131.42912,103.0,28.429123,808.215,24.253918,pest,weather_lag3,3
214.31238,157.0,57.312378,3284.7087,30.870169,pest,weather_lag3,3
213.64648,165.0,48.646484,2366.4805,25.694937,pest,weather_lag3,3
170.89442,202.0,31.105576,967.5568,16.683315,pest,weather_lag3,3
141.08879,218.0,76.91121,5915.334,42.836876,pest,weather_lag3,3
112.43861,218.0,105.56139,11143.208,63.891685,pest,weather_lag3,3
104.45134,142.0,37.54866,1409.9019,30.471458,pest,weather_lag3,3
80.03655,161.0,80.96345,6555.08,67.1794,pest,weather_lag3,3
183.6344,170.0,13.634399,185.89685,7.7110143,pest,weather_lag3,3
164.32149,172.0,7.6785126,58.959557,4.5661745,pest,weather_lag3,3
208.86308,222.0,13.136917,172.5786,6.0979543,pest,weather_lag3,3
193.20766,186.0,7.207657,51.950317,3.80143,pest,weather_lag3,3
162.7585,223.0,60.2415,3629.0383,31.232754,pest,weather_lag3,3
152.93213,163.0,10.067871,101.36203,6.373439,pest,weather_lag3,3
113.94971,109.0,4.949707,24.4996,4.440201,pest,weather_lag3,3
187.054,199.0,11.945999,142.7069,6.188771,pest,weather_lag3,3
159.6457,116.0,43.645706,1904.9476,31.667978,pest,weather_lag3,3
190.73453,101.0,89.73453,8052.2856,61.517937,pest,weather_lag3,3
185.4414,119.0,66.44141,4414.4604,43.648075,pest,weather_lag3,3
120.95293,55.0,65.95293,4349.7886,74.96655,pest,weather_lag3,3
97.333466,52.0,45.333466,2055.123,60.714413,pest,weather_lag3,3
56.03318,61.0,4.96682,24.669298,8.487884,pest,weather_lag3,3
60.91741,93.0,32.08259,1029.2925,41.688053,pest,weather_lag3,3
61.89881,98.0,36.10119,1303.2958,45.155045,pest,weather_lag3,3
64.34483,98.0,33.655167,1132.6703,41.461334,pest,weather_lag3,3
59.71418,108.0,48.28582,2331.5205,57.581085,pest,weather_lag3,3
56.23815,46.999992,9.238159,85.34358,17.896793,pest,weather_lag3,3
50.400375,32.000008,18.400368,338.57355,44.660877,pest,weather_lag3,3
46.03631,48.0,1.9636917,3.856085,4.176454,pest,weather_lag3,3
47.538826,114.0,66.461174,4417.088,82.28508,pest,weather_lag3,3
39.82985,85.0,45.17015,2040.3425,72.37076,pest,weather_lag3,3
35.96125,105.0,69.03875,4766.349,97.95423,pest,weather_lag3,3
59.84957,97.0,37.15043,1380.1544,47.370773,pest,weather_lag3,3
46.033928,118.0,71.96607,5179.1157,87.745346,pest,weather_lag3,3
64.4497,67.0,2.5503006,6.504033,3.8802683,pest,weather_lag3,3
67.72026,46.999992,20.720268,429.32953,36.12312,pest,weather_lag3,3
80.383,90.0,9.616997,92.486626,11.288682,pest,weather_lag3,3
63.149277,129.0,65.85072,4336.318,68.541214,pest,weather_lag3,3
47.196487,90.0,42.803513,1832.1407,62.397392,pest,weather_lag3,3
59.741325,24.0,35.741325,1277.4424,85.36126,pest,weather_lag3,3
84.38059,43.000008,41.380585,1712.3528,64.971565,pest,weather_lag3,3
68.72121,59.0,9.721207,94.50186,15.222541,pest,weather_lag3,3
57.448395,54.0,3.4483948,11.891426,6.1883254,pest,weather_lag3,3
42.0466,42.0,0.04660034,0.0021715919,0.11089167,pest,weather_lag3,3
25.391434,110.0,84.60857,7158.6094,124.983635,pest,weather_lag3,3
39.94686,102.0,62.05314,3850.592,87.4315,pest,weather_lag3,3
30.349648,31.0,0.6503525,0.42295834,2.1201506,pest,weather_lag3,3
48.863144,87.0,38.136856,1454.4198,56.140106,pest,weather_lag3,3
76.332436,20.0,56.332436,3173.3433,116.95425,pest,weather_lag3,3
44.657074,24.0,20.657074,426.7147,60.174644,pest,weather_lag3,3
50.639526,74.0,23.360474,545.71173,37.484856,pest,weather_lag3,3
35.97596,88.99999,53.024033,2811.548,84.854774,pest,weather_lag3,3
30.83178,126.0,95.16822,9056.99,121.363434,pest,weather_lag3,3
34.103218,84.0,49.896782,2489.689,84.4969,pest,weather_lag3,3
48.78843,152.0,103.21157,10652.628,102.8063,pest,weather_lag3,3
63.107986,78.0,14.892014,221.77206,21.107258,pest,weather_lag3,3
64.11584,52.0,12.115837,146.7935,20.868536,pest,weather_lag3,3
74.44849,83.0,8.551514,73.12839,10.8626175,pest,weather_lag3,3
73.649956,103.0,29.350044,861.4251,33.229607,pest,weather_lag3,3
61.48732,99.0,37.51268,1407.2012,46.748466,pest,weather_lag3,3
50.993042,128.0,77.00696,5930.072,86.04464,pest,weather_lag3,3
63.65264,118.0,54.34736,2953.6355,59.83657,pest,weather_lag3,3
60.979347,52.0,8.979347,80.62868,15.895555,pest,weather_lag3,3
66.72322,40.0,26.72322,714.13055,50.07949,pest,weather_lag3,3
67.05775,88.99999,21.942245,481.46213,28.120676,pest,weather_lag3,3
67.75439,81.0,13.245613,175.44627,17.8087,pest,weather_lag3,3
54.33033,75.0,20.66967,427.23526,31.96415,pest,weather_lag3,3
53.603256,100.0,46.396744,2152.6577,60.411144,pest,weather_lag3,3
61.84896,64.0,2.1510391,4.6269693,3.4184456,pest,weather_lag3,3
50.701202,63.0,12.298798,151.26042,21.63354,pest,weather_lag3,3
47.79564,57.0,9.204361,84.72026,17.566305,pest,weather_lag3,3
51.14054,69.0,17.859459,318.96027,29.730946,pest,weather_lag3,3
42.26062,82.0,39.73938,1579.2183,63.961338,pest,weather_lag3,3
36.84854,34.000008,2.8485336,8.114143,8.041191,pest,weather_lag3,3
46.471222,34.000008,12.471214,155.53119,30.99546,pest,weather_lag3,3
49.852303,51.0,1.1476974,1.3172095,2.2759964,pest,weather_lag3,3
36.342667,8.000008,28.342659,803.30634,127.83469,pest,weather_lag3,3
38.62805,6.0,32.62805,1064.5897,146.22217,pest,weather_lag3,3
43.747787,10.000008,33.74778,1138.9126,125.578285,pest,weather_lag3,3
31.683418,8.000008,23.68341,560.90393,119.361725,pest,weather_lag3,3
24.373375,6.0,18.373375,337.5809,120.98342,pest,weather_lag3,3
41.404343,136.0,94.59566,8948.339,106.64413,pest,weather_lag3,3
39.3955,136.0,96.6045,9332.43,110.15619,pest,weather_lag3,3
36.828064,169.0,132.17194,17469.42,128.42946,pest,weather_lag3,3
57.06311,71.0,13.93689,194.2369,21.765657,pest,weather_lag3,3
72.09017,132.0,59.90983,3589.1875,58.709175,pest,weather_lag3,3
79.609,116.0,36.391,1324.3048,37.207897,pest,weather_lag3,3
59.370064,2.9999998,56.370064,3177.584,180.76001,pest,weather_lag3,3
73.358345,16.0,57.358345,3289.9797,128.37827,pest,weather_lag3,3
111.25133,106.0,5.2513275,27.57644,4.8343344,pest,weather_lag3,3
59.66268,124.0,64.33732,4139.2905,70.0603,pest,weather_lag3,3
31.343468,127.0,95.65653,9150.172,120.821556,pest,weather_lag3,3
40.222183,225.0,184.77782,34142.84,139.33813,pest,weather_lag3,3
46.60756,197.0,150.39244,22617.887,123.471085,pest,weather_lag3,3
66.73837,191.0,124.26163,15440.952,96.42462,pest,weather_lag3,3
113.873405,168.0,54.126595,2929.6882,38.404892,pest,weather_lag3,3
129.87741,214.0,84.12259,7076.61,48.92592,pest,weather_lag3,3
136.18875,152.0,15.811249,249.99559,10.972842,pest,weather_lag3,3
164.12729,136.0,28.127289,791.14435,18.743572,pest,weather_lag3,3
214.44974,225.99998,11.550247,133.4082,5.244752,pest,weather_lag3,3
235.69716,241.0,5.302841,28.120125,2.224826,pest,weather_lag3,3
202.37907,162.0,40.379074,1630.4696,22.163223,pest,weather_lag3,3
184.81407,216.0,31.185928,972.56213,15.561293,pest,weather_lag3,3
178.93835,190.0,11.0616455,122.36,5.9964733,pest,weather_lag3,3
143.86787,158.0,14.132126,199.71698,9.363121,pest,weather_lag3,3
133.33017,165.0,31.66983,1002.97815,21.231396,pest,weather_lag3,3
193.49908,195.0,1.5009155,2.2527475,0.7726739,pest,weather_lag3,3
214.24982,232.0,17.750183,315.069,7.9552674,pest,weather_lag3,3
169.85716,201.0,31.142838,969.87634,16.795057,pest,weather_lag3,3
171.65898,285.0,113.34102,12846.187,49.639236,pest,weather_lag3,3
180.15457,237.0,56.84543,3231.4028,27.253893,pest,weather_lag3,3
145.19727,190.0,44.802734,2007.285,26.732159,pest,weather_lag3,3
175.55978,183.0,7.440216,55.356815,4.150056,pest,weather_lag3,3
202.70874,233.0,30.29126,917.5604,13.904362,pest,weather_lag3,3
217.17308,186.0,31.17308,971.7609,15.463869,pest,weather_lag3,3
176.63684,205.0,28.36316,804.4688,14.863953,pest,weather_lag3,3
206.07657,209.0,2.9234314,8.546452,1.4086227,pest,weather_lag3,3
191.9015,282.0,90.098495,8117.739,38.024147,pest,weather_lag3,3
145.3369,189.0,43.6631,1906.4664,26.119223,pest,weather_lag3,3
126.976746,185.0,58.023254,3366.698,37.197166,pest,weather_lag3,3
138.17699,299.0,160.82301,25864.041,73.57341,pest,weather_lag3,3
219.25293,304.0,84.74707,7182.066,32.39239,pest,weather_lag3,3
175.48584,288.0,112.51416,12659.437,48.55128,pest,weather_lag3,3
212.44753,266.0,53.552475,2867.8677,22.385935,pest,weather_lag3,3
203.41295,222.0,18.587051,345.4785,8.738357,pest,weather_lag3,3
135.9192,134.0,1.9192047,3.6833467,1.4220587,pest,weather_lag3,3
146.09633,201.0,54.90367,3014.413,31.635988,pest,weather_lag3,3
164.5174,232.0,67.482605,4553.902,34.03765,pest,weather_lag3,3
145.72946,298.0,152.27054,23186.316,68.63215,pest,weather_lag3,3
161.73752,248.0,86.26248,7441.216,42.106216,pest,weather_lag3,3
158.20955,59.0,99.20955,9842.534,91.34916,pest,weather_lag3,3
144.12302,35.0,109.12302,11907.833,121.841415,pest,weather_lag3,3
119.7838,32.000008,87.78379,7705.9937,115.6695,pest,weather_lag3,3
145.75237,25.0,120.752365,14581.134,141.43565,pest,weather_lag3,3
146.39706,29.0,117.397064,13782.07,133.86435,pest,weather_lag3,3
98.83122,75.0,23.831223,567.9272,27.418804,pest,weather_lag3,3
96.21778,49.0,47.21778,2229.5188,65.030304,pest,weather_lag3,3
49.461876,92.0,42.538124,1809.492,60.14076,pest,weather_lag3,3
42.764305,139.0,96.235695,9261.309,105.89064,pest,weather_lag3,3
42.99019,119.0,76.00981,5777.491,93.844955,pest,weather_lag3,3
65.9652,82.0,16.034798,257.11475,21.67374,pest,weather_lag3,3
81.62308,217.0,135.37692,18326.912,90.66742,pest,weather_lag3,3
96.1508,205.0,108.8492,11848.147,72.288826,pest,weather_lag3,3
100.38779,155.0,54.612213,2982.494,42.76807,pest,weather_lag3,3
146.08133,244.0,97.91867,9588.066,50.204235,pest,weather_lag3,3
192.58505,140.0,52.585052,2765.1877,31.622019,pest,weather_lag3,3
168.67406,211.0,42.325943,1791.4855,22.295935,pest,weather_lag3,3
186.67924,117.0,69.679245,4855.1973,45.890026,pest,weather_lag3,3
203.03464,270.0,66.96536,4484.36,28.313091,pest,weather_lag3,3
232.52022,282.0,49.479782,2448.2488,19.233368,pest,weather_lag3,3
176.64717,251.99998,75.35281,5678.0464,35.158436,pest,weather_lag3,3
186.56076,166.0,20.56076,422.74487,11.66367,pest,weather_lag3,3
182.28502,150.0,32.28502,1042.3224,19.432123,pest,weather_lag3,3
154.90948,152.0,2.9094849,8.465102,1.895989,pest,weather_lag3,3
123.920364,160.0,36.079636,1301.7401,25.415321,pest,weather_lag3,3
141.08456,168.0,26.915436,724.4407,17.41623,pest,weather_lag3,3
160.89987,139.0,21.899872,479.6044,14.604789,pest,weather_lag3,3
171.21841,165.0,6.2184143,38.66868,3.6990325,pest,weather_lag3,3
169.05038,87.0,82.050385,6732.2656,64.08925,pest,weather_lag3,3
134.61694,123.0,11.616943,134.95337,9.018773,pest,weather_lag3,3
158.0392,46.0,112.0392,12552.782,109.82125,pest,weather_lag3,3
134.18541,42.0,92.18541,8498.149,104.645905,pest,weather_lag3,3
191.07478,58.0,133.07478,17708.898,106.855286,pest,weather_lag3,3
104.2814,46.999992,57.28141,3281.16,75.728294,pest,weather_lag3,3
90.35653,143.0,52.64347,2771.335,45.11849,pest,weather_lag3,3
36.52957,159.0,122.47043,14999.006,125.2705,pest,weather_lag3,3
52.094,133.0,80.906,6545.781,87.421524,pest,weather_lag3,3
68.42485,167.0,98.57515,9717.061,83.74235,pest,weather_lag3,3
87.56014,128.0,40.439857,1635.3821,37.520718,pest,weather_lag3,3
113.01252,256.0,142.98749,20445.422,77.49736,pest,weather_lag3,3
139.37692,200.0,60.623077,3675.1575,35.726105,pest,weather_lag3,3
178.48363,288.0,109.51637,11993.836,46.954002,pest,weather_lag3,3
208.42867,211.0,2.5713348,6.611763,1.2261131,pest,weather_lag3,3
217.60797,190.0,27.607971,762.2001,13.546335,pest,weather_lag3,3
183.42883,101.0,82.42883,6794.5127,57.960957,pest,weather_lag3,3
219.28143,128.0,91.28143,8332.3,52.569138,pest,weather_lag3,3
194.58818,206.0,11.411819,130.22963,5.6975317,pest,weather_lag3,3
156.76755,198.0,41.232452,1700.1151,23.244772,pest,weather_lag3,3
137.01717,203.0,65.982834,4353.7344,38.811474,pest,weather_lag3,3
154.38606,154.0,0.38606262,0.14904435,0.2503762,pest,weather_lag3,3
136.77744,215.0,78.222565,6118.7695,44.47276,pest,weather_lag3,3
111.33903,143.0,31.660973,1002.4172,24.89667,pest,weather_lag3,3
154.73051,101.0,53.730515,2886.9683,42.0212,pest,weather_lag3,3
225.21405,148.0,77.21405,5962.01,41.37789,pest,weather_lag3,3
166.6524,240.0,73.347595,5379.8696,36.073853,pest,weather_lag3,3
189.85052,242.0,52.149475,2719.5679,24.151632,pest,weather_lag3,3
163.68034,214.0,50.319656,2532.0679,26.646688,pest,weather_lag3,3
154.79913,130.0,24.799133,614.997,17.415174,pest,weather_lag3,3
141.52713,122.0,19.52713,381.3088,14.819824,pest,weather_lag3,3
139.50737,163.0,23.49263,551.9037,15.531938,pest,weather_lag3,3
161.74887,106.0,55.74887,3107.9365,41.64266,pest,weather_lag3,3
151.14813,144.0,7.1481323,51.095795,4.843759,pest,weather_lag3,3
126.63414,106.0,20.63414,425.76773,17.739563,pest,weather_lag3,3
146.95932,96.0,50.95932,2596.8523,41.94885,pest,weather_lag3,3
131.45767,51.0,80.45767,6473.437,88.193245,pest,weather_lag3,3
143.02235,121.0,22.022354,484.98407,16.68219,pest,weather_lag3,3
135.4029,127.0,8.402893,70.60861,6.4045734,pest,weather_lag3,3
84.20232,141.0,56.797684,3225.9768,50.441475,pest,weather_lag3,3
88.58462,117.0,28.415382,807.43396,27.64349,pest,weather_lag3,3
79.93651,120.0,40.06349,1605.0834,40.076214,pest,weather_lag3,3
91.98584,108.0,16.01416,256.45334,16.015295,pest,weather_lag3,3
95.02388,76.0,19.02388,361.90802,22.247046,pest,weather_lag3,3
121.23351,98.0,23.233513,539.79614,21.195219,pest,weather_lag3,3
182.43967,75.0,107.43967,11543.282,83.46784,pest,weather_lag3,3
146.69633,44.0,102.696335,10546.537,107.706665,pest,weather_lag3,3
118.45459,135.0,16.54541,273.7506,13.055916,pest,weather_lag3,3
101.1503,123.0,21.8497,477.40942,19.49558,pest,weather_lag3,3
118.665436,186.0,67.334564,4533.9434,44.2023,pest,weather_lag3,3
108.86451,213.0,104.13549,10844.2,64.70766,pest,weather_lag3,3
117.4176,144.0,26.582397,706.62384,20.337114,pest,weather_lag3,3
100.03945,149.0,48.96055,2397.1353,39.319508,pest,weather_lag3,3
139.26517,108.0,31.265167,977.5107,25.288776,pest,weather_lag3,3
131.98602,146.0,14.013977,196.39156,10.082505,pest,weather_lag3,3
144.66245,125.0,19.662445,386.61176,14.583007,pest,weather_lag3,3
121.84131,159.0,37.15869,1380.7683,26.462412,pest,weather_lag3,3
174.43713,166.0,8.437134,71.18523,4.956647,pest,weather_lag3,3
182.0575,191.0,8.942505,79.96839,4.79417,pest,weather_lag3,3
181.32133,134.0,47.321335,2239.3088,30.014673,pest,weather_lag3,3
161.56453,190.0,28.43547,808.576,16.17653,pest,weather_lag3,3
151.1604,127.0,24.1604,583.725,17.371561,pest,weather_lag3,3
142.56467,168.0,25.435333,646.9562,16.380056,pest,weather_lag3,3
164.6323,124.0,40.632294,1650.9833,28.155058,pest,weather_lag3,3
146.47546,185.0,38.524536,1484.1399,23.244276,pest,weather_lag3,3
148.72214,95.0,53.722137,2886.068,44.084743,pest,weather_lag3,3
159.48935,178.0,18.51065,342.6442,10.969621,pest,weather_lag3,3
143.15674,143.0,0.15673828,0.024566889,0.10954715,pest,weather_lag3,3
116.82092,142.0,25.179077,633.9859,19.456757,pest,weather_lag3,3
107.20473,116.0,8.795273,77.35683,7.8809023,pest,weather_lag3,3
122.66905,173.0,50.330948,2533.2043,34.04546,pest,weather_lag3,3
111.25492,147.0,35.74508,1277.7107,27.682013,pest,weather_lag3,3
111.66628,106.0,5.6662827,32.10676,5.206394,pest,weather_lag3,3
135.37073,130.0,5.3707275,28.844715,4.0477166,pest,weather_lag3,3
143.28668,154.0,10.713318,114.77518,7.207398,pest,weather_lag3,3
144.91626,84.0,60.91626,3710.7908,53.221436,pest,weather_lag3,3
