y_pred,y_true,abs_error,squared_error,smape,dataset,scenario,horizon
40.271404,45.0,4.7285957,22.359617,11.090694,disease,weather,1
52.110558,36.0,16.110558,259.55008,36.568962,disease,weather,1
44.97882,39.0,5.978821,35.7463,14.238877,disease,weather,1
46.20298,33.0,13.20298,174.31868,33.339603,disease,weather,1
43.642967,46.0,2.3570328,5.5556035,5.2587123,disease,weather,1
44.176117,61.0,16.823883,283.04303,31.99183,disease,weather,1
49.048904,40.0,9.048904,81.88267,20.32345,disease,weather,1
42.649067,86.0,43.350933,1879.3033,67.39409,disease,weather,1
54.793724,85.0,30.206276,912.4191,43.215496,disease,weather,1
28.905457,89.0,60.094543,3611.3542,101.93683,disease,weather,1
40.753532,75.0,34.246468,1172.8206,59.171356,disease,weather,1
34.859226,63.0,28.140774,791.90314,57.512768,disease,weather,1
46.76657,62.0,15.233429,232.05736,28.011232,disease,weather,1
34.587166,73.0,38.412834,1475.5458,71.40784,disease,weather,1
47.08893,71.0,23.911072,571.7394,40.496723,disease,weather,1
41.98382,72.0,30.016178,900.97095,52.667435,disease,weather,1
48.203846,51.0,2.796154,7.818477,5.637189,disease,weather,1
45.36882,53.0,7.63118,58.234905,15.515444,disease,weather,1
36.240677,44.0,7.759323,60.207096,19.340124,disease,weather,1
29.113165,54.0,24.886835,619.35455,59.886623,disease,weather,1
43.042564,56.0,12.957436,167.89514,26.165386,disease,weather,1
32.174553,25.0,7.174553,51.47421,25.097015,disease,weather,1
31.754107,42.0,10.2458935,104.97833,27.783928,disease,weather,1
40.28611,21.999998,18.286112,334.3819,58.7165,disease,weather,1
36.118286,32.0,4.118286,16.960281,12.091574,disease,weather,1
31.552425,20.0,11.552425,133.45853,44.818165,disease,weather,1
30.608656,40.0,9.391344,88.19734,26.601112,disease,weather,1
43.926857,25.0,18.926857,358.22592,54.91867,disease,weather,1
29.674006,34.0,4.3259945,18.714228,13.587946,disease,weather,1
29.261665,43.0,13.738335,188.74184,38.023853,disease,weather,1
31.945862,34.0,2.0541382,4.219484,6.229771,disease,weather,1
32.3627,16.999998,15.362703,236.01265,62.24418,disease,weather,1
29.863068,35.0,5.1369324,26.388075,15.839313,disease,weather,1
22.41518,41.0,18.58482,345.39554,58.61316,disease,weather,1
26.484026,42.0,15.515974,240.74545,45.312683,disease,weather,1
21.404425,42.0,20.595575,424.17773,64.96573,disease,weather,1
24.52006,35.0,10.47994,109.82915,35.21482,disease,weather,1
28.517752,30.0,1.4822483,2.19706,5.0659785,disease,weather,1
25.099604,26.999998,1.9003944,3.611499,7.295236,disease,weather,1
24.872446,24.0,0.87244606,0.7611621,3.5702984,disease,weather,1
31.836649,34.0,2.163351,4.6800876,6.5718746,disease,weather,1
21.451998,40.0,18.548002,344.02838,60.365826,disease,weather,1
22.91076,21.0,1.9107609,3.6510072,8.702928,disease,weather,1
27.259842,11.000003,16.259838,264.38232,84.99689,disease,weather,1
27.741129,24.0,3.741129,13.996046,14.460948,disease,weather,1
32.06665,21.999998,10.066652,101.33749,37.237938,disease,weather,1
32.036724,21.999998,10.036726,100.73587,37.1478,disease,weather,1
24.65346,29.0,4.3465405,18.892414,16.202276,disease,weather,1
32.381462,32.0,0.3814621,0.14551333,1.185006,disease,weather,1
28.2862,32.0,3.7138004,13.792314,12.320565,disease,weather,1
25.165413,31.0,5.834587,34.042408,20.776442,disease,weather,1
25.964043,27.999998,2.0359554,4.1451144,7.5456,disease,weather,1
24.795832,15.999999,8.795833,77.36667,43.121235,disease,weather,1
32.415905,26.0,6.415905,41.163837,21.966295,disease,weather,1
36.70345,35.0,1.7034492,2.9017394,4.7513733,disease,weather,1
24.387045,33.0,8.612955,74.183,30.017069,disease,weather,1
29.943583,21.999998,7.9435844,63.100533,30.585432,disease,weather,1
26.340805,29.0,2.659195,7.0713177,9.61025,disease,weather,1
27.392046,34.0,6.607954,43.66506,21.52707,disease,weather,1
22.087942,25.0,2.9120579,8.480081,12.368592,disease,weather,1
25.892841,30.0,4.1071587,16.868752,14.696546,disease,weather,1
32.410248,33.0,0.5897522,0.34780765,1.8032409,disease,weather,1
30.7631,30.0,0.7630997,0.5823211,2.5117207,disease,weather,1
19.265158,27.999998,8.73484,76.29744,36.961014,disease,weather,1
25.759945,32.0,6.240055,38.938286,21.60686,disease,weather,1
21.729666,41.0,19.270334,371.3458,61.4393,disease,weather,1
17.191103,26.0,8.808897,77.596664,40.790333,disease,weather,1
20.77717,26.999998,6.222828,38.723587,26.04938,disease,weather,1
19.51508,42.0,22.48492,505.57166,73.10377,disease,weather,1
20.333172,35.0,14.666828,215.11584,53.012787,disease,weather,1
16.091015,34.0,17.908985,320.73175,71.505775,disease,weather,1
19.28215,33.0,13.71785,188.1794,52.476227,disease,weather,1
30.994402,38.0,7.005598,49.078403,20.30773,disease,weather,1
29.64017,24.0,5.640169,31.811508,21.029648,disease,weather,1
31.651104,25.0,6.651104,44.237183,23.480934,disease,weather,1
34.219723,46.0,11.780277,138.77493,29.370026,disease,weather,1
26.366184,40.0,13.633816,185.88094,41.08664,disease,weather,1
22.792645,13.999999,8.792645,77.310616,47.79567,disease,weather,1
31.748829,-1.2389615e-06,31.74883,1007.9883,200.0,disease,weather,1
32.700596,-1.2389615e-06,32.700596,1069.329,200.0,disease,weather,1
31.857445,2.9999988,28.857447,832.75226,165.57407,disease,weather,1
27.518742,3.9999988,23.518744,553.1313,149.23657,disease,weather,1
35.628113,2.9999988,32.628113,1064.5938,168.93456,disease,weather,1
34.0324,2.9999988,31.0324,963.0099,167.59595,disease,weather,1
23.56968,-1.2389615e-06,23.569681,555.52985,200.0,disease,weather,1
26.996431,44.0,17.003569,289.12134,47.899784,disease,weather,1
21.959906,44.0,22.040094,485.76575,66.828766,disease,weather,1
20.417587,31.0,10.582413,111.98746,41.16262,disease,weather,1
21.855497,26.999998,5.1445007,26.465887,21.06007,disease,weather,1
23.579187,50.0,26.420813,698.0593,71.815994,disease,weather,1
21.444216,39.0,17.555784,308.20557,58.089214,disease,weather,1
28.660015,-1.2389615e-06,28.660017,821.39655,200.0,disease,weather,1
21.681469,-1.2389615e-06,21.68147,470.08618,200.0,disease,weather,1
30.66387,33.0,2.3361301,5.4575043,7.3389506,disease,weather,1
30.87814,38.0,7.1218605,50.720898,20.679594,disease,weather,1
29.604198,31.0,1.3958015,1.948262,4.606287,disease,weather,1
29.189545,34.0,4.8104553,23.14048,15.225479,disease,weather,1
35.94144,20.0,15.941441,254.12953,56.993313,disease,weather,1
31.264252,21.0,10.264252,105.354866,39.27829,disease,weather,1
35.23684,37.0,1.7631607,3.1087356,4.881611,disease,weather,1
28.778843,21.999998,6.778845,45.952736,26.699486,disease,weather,1
21.262981,46.0,24.737019,611.9201,73.55314,disease,weather,1
25.987701,26.0,0.012298584,0.00015125517,0.047313437,disease,weather,1
25.329475,31.0,5.6705246,32.15485,20.133419,disease,weather,1
18.748018,32.0,13.251982,175.61502,52.226597,disease,weather,1
29.766401,23.0,6.7664013,45.784187,25.646627,disease,weather,1
29.415571,23.0,6.415571,41.159554,24.479637,disease,weather,1
43.073658,32.0,11.073658,122.6259,29.500782,disease,weather,1
42.112026,30.0,12.112026,146.70117,33.592247,disease,weather,1
52.40236,26.999998,25.40236,645.27997,63.983894,disease,weather,1
54.47416,26.999998,27.474161,754.8295,67.442635,disease,weather,1
61.188156,36.0,25.188156,634.44324,51.833797,disease,weather,1
38.57873,33.0,5.5787315,31.122246,15.587679,disease,weather,1
49.058086,39.0,10.058086,101.1651,22.844208,disease,weather,1
53.10213,37.0,16.10213,259.27863,35.741955,disease,weather,1
69.39139,44.0,25.391388,644.7226,44.78539,disease,weather,1
49.56654,27.999998,21.566542,465.11572,55.60785,disease,weather,1
56.930283,32.0,24.930283,621.519,56.067024,disease,weather,1
54.282925,34.0,20.282925,411.39703,45.94982,disease,weather,1
59.307632,26.999998,32.307632,1043.7831,74.86623,disease,weather,1
53.871677,25.0,28.871677,833.5737,73.21178,disease,weather,1
48.158585,59.0,10.841415,117.536285,20.234339,disease,weather,1
53.676304,56.0,2.3236961,5.399564,4.2373714,disease,weather,1
40.617012,39.0,1.617012,2.614728,4.061976,disease,weather,1
36.56515,40.0,3.4348488,11.798186,8.972355,disease,weather,1
47.2971,42.0,5.2971,28.059269,11.863991,disease,weather,1
57.167946,49.0,8.167946,66.71534,15.386839,disease,weather,1
31.02517,41.0,9.974831,99.497246,27.69818,disease,weather,1
28.252989,31.0,2.7470112,7.5460706,9.272143,disease,weather,1
40.810555,36.0,4.8105545,23.141434,12.525764,disease,weather,1
35.987602,48.0,12.012398,144.2977,28.60517,disease,weather,1
32.70017,48.0,15.299831,234.08484,37.91772,disease,weather,1
30.522058,65.0,34.477943,1188.7286,72.188446,disease,weather,1
45.745537,68.0,22.254463,495.26114,39.13026,disease,weather,1
55.738056,8.999999,46.738056,2184.4458,144.3913,disease,weather,1
36.357433,7.9999986,28.357435,804.1441,127.85877,disease,weather,1
34.146698,11.999999,22.146698,490.47623,95.983894,disease,weather,1
51.83749,15.999999,35.83749,1284.3257,105.6569,disease,weather,1
48.488644,30.0,18.488644,341.82996,47.111637,disease,weather,1
29.796116,18.0,11.796116,139.14835,49.360146,disease,weather,1
39.51369,8.999999,30.51369,931.0853,125.79415,disease,weather,1
52.685432,27.999998,24.685434,609.37067,61.189323,disease,weather,1
39.540043,30.0,9.540043,91.01242,27.437553,disease,weather,1
37.654346,38.0,0.34565353,0.11947636,0.9137705,disease,weather,1
19.56521,34.0,14.43479,208.36316,53.89614,disease,weather,1
15.363055,32.0,16.636944,276.7879,70.25283,disease,weather,1
13.7573805,36.0,22.242619,494.73407,89.4043,disease,weather,1
8.578628,46.0,37.42137,1400.359,137.1283,disease,weather,1
21.085196,46.0,24.914804,620.7475,74.2781,disease,weather,1
17.678194,19.0,1.321806,1.7471709,7.2075853,disease,weather,1
14.935637,53.0,38.06436,1448.8956,112.060074,disease,weather,1
11.740363,23.0,11.259637,126.77942,64.82164,disease,weather,1
23.090601,25.0,1.909399,3.6458046,7.9408417,disease,weather,1
23.516129,35.0,11.483871,131.8793,39.25028,disease,weather,1
25.19818,21.999998,3.1981812,10.228363,13.552138,disease,weather,1
12.166865,21.0,8.833135,78.02427,53.264816,disease,weather,1
24.813194,37.0,12.186806,148.51823,39.431084,disease,weather,1
23.558023,23.0,0.55802345,0.31139016,2.3971097,disease,weather,1
24.413368,30.0,5.586632,31.210455,20.534042,disease,weather,1
16.677103,18.0,1.322897,1.7500564,7.6298013,disease,weather,1
21.23956,43.0,21.76044,473.51678,67.74779,disease,weather,1
16.41865,25.0,8.58135,73.63957,41.437134,disease,weather,1
17.210197,15.000001,2.2101965,4.8849688,13.723582,disease,weather,1
19.074224,16.999998,2.0742264,4.302415,11.499771,disease,weather,1
23.22002,4.9999986,18.220022,331.9692,129.12834,disease,weather,1
13.849437,8.999999,4.8494377,23.517046,42.44689,disease,weather,1
19.080952,18.0,1.0809517,1.1684566,5.830226,disease,weather,1
33.406284,9.999999,23.406284,547.8541,107.84744,disease,weather,1
35.700195,9.999999,25.700195,660.50006,112.47302,disease,weather,1
23.01008,27.999998,4.9899178,24.899279,19.56444,disease,weather,1
18.721506,21.0,2.278494,5.1915345,11.472344,disease,weather,1
22.917608,33.0,10.082392,101.654625,36.061596,disease,weather,1
39.092167,39.0,0.0921669,0.008494738,0.23604648,disease,weather,1
39.631607,38.0,1.631607,2.6621416,4.2034607,disease,weather,1
39.31376,52.0,12.686241,160.94072,27.786047,disease,weather,1
35.570084,45.0,9.429916,88.923325,23.407986,disease,weather,1
38.1138,61.0,22.8862,523.77814,46.18166,disease,weather,1
37.820778,47.0,9.179222,84.25812,21.643806,disease,weather,1
37.88769,46.0,8.1123085,65.80955,19.34088,disease,weather,1
34.883488,67.0,32.116512,1031.4703,63.045574,disease,weather,1
21.22803,59.0,37.771973,1426.7219,94.16154,disease,weather,1
30.038038,46.0,15.961962,254.78423,41.984146,disease,weather,1
23.119884,48.0,24.880116,619.02014,69.96669,disease,weather,1
48.177242,63.0,14.822758,219.71414,26.665092,disease,weather,1
31.434988,88.0,56.56501,3199.6003,94.721,disease,weather,1
37.669598,65.0,27.330402,746.95087,53.239525,disease,weather,1
57.78068,60.0,2.2193184,4.925374,3.7685606,disease,weather,1
71.22992,62.0,9.229919,85.191414,13.855626,disease,weather,1
64.57506,83.0,18.424942,339.4785,24.970266,disease,weather,1
71.145836,84.0,12.854164,165.22954,16.570427,disease,weather,1
55.481945,94.0,38.518055,1483.6405,51.535393,disease,weather,1
59.87423,93.0,33.12577,1097.3167,43.337284,disease,weather,1
57.427,83.0,25.573002,653.97845,36.421772,disease,weather,1
71.16673,77.0,5.833267,34.027008,7.8739233,disease,weather,1
65.06589,45.0,20.065887,402.63983,36.461594,disease,weather,1
74.566956,54.0,20.566956,422.99966,31.994156,disease,weather,1
67.86558,77.0,9.134422,83.43767,12.610894,disease,weather,1
75.954765,64.0,11.954765,142.91641,17.083755,disease,weather,1
66.39623,30.0,36.396233,1324.6858,75.51381,disease,weather,1
67.460556,90.0,22.539444,508.02652,28.628687,disease,weather,1
75.570816,75.0,0.57081604,0.32583097,0.75820273,disease,weather,1
72.42414,44.0,28.42414,807.93176,48.8286,disease,weather,1
64.90558,58.0,6.9055786,47.687016,11.237209,disease,weather,1
63.434055,55.0,8.434055,71.133286,14.2426195,disease,weather,1
40.501774,60.0,19.498226,380.18082,38.801758,disease,weather,1
53.83474,73.0,19.16526,367.3072,30.220837,disease,weather,1
41.605194,98.0,56.394806,3180.374,80.79184,disease,weather,1
60.109173,81.0,20.890827,436.42667,29.609453,disease,weather,1
38.58502,87.0,48.41498,2344.0105,77.10311,disease,weather,1
53.17671,88.0,34.82329,1212.6616,49.332912,disease,weather,1
58.16815,103.0,44.83185,2009.8947,55.633633,disease,weather,1
62.286457,109.0,46.713543,2182.155,54.544353,disease,weather,1
51.12326,112.0,60.87674,3705.9773,74.63895,disease,weather,1
65.73232,73.0,7.2676773,52.819134,10.477265,disease,weather,1
63.176067,57.0,6.1760674,38.143806,10.278364,disease,weather,1
53.047104,48.0,5.047104,25.473257,9.989606,disease,weather,1
44.79616,59.0,14.203838,201.74902,27.36872,disease,weather,1
52.773804,44.0,8.773804,76.97963,18.1326,disease,weather,1
61.798576,78.0,16.201424,262.4861,23.178238,disease,weather,1
51.195652,65.0,13.804348,190.56003,23.760525,disease,weather,1
31.95009,59.0,27.04991,731.69763,59.482975,disease,weather,1
42.56692,61.0,18.433079,339.77838,35.59646,disease,weather,1
39.05243,68.0,28.94757,837.96185,54.081112,disease,weather,1
44.77967,84.0,39.22033,1538.2343,60.91075,disease,weather,1
37.16978,46.0,8.830219,77.97277,21.234201,disease,weather,1
37.212204,67.0,29.787796,887.3128,57.16758,disease,weather,1
32.686127,41.0,8.313873,69.12049,22.565641,disease,weather,1
52.74025,46.0,6.7402496,45.430965,13.652487,disease,weather,1
39.00909,70.0,30.99091,960.43646,56.85931,disease,weather,1
42.16133,74.0,31.838669,1013.7008,54.818016,disease,weather,1
40.444008,90.0,49.555992,2455.7964,75.980484,disease,weather,1
49.34257,100.0,50.65743,2566.175,67.84057,disease,weather,1
54.983784,114.0,59.016216,3482.9138,69.84838,disease,weather,1
60.456406,142.0,81.543594,6649.358,80.55422,disease,weather,1
55.300938,108.0,52.699062,2777.1912,64.54227,disease,weather,1
75.227684,126.0,50.772316,2577.8281,50.462555,disease,weather,1
73.20636,103.0,29.79364,887.661,33.816757,disease,weather,1
78.03485,105.0,26.965149,727.11926,29.464499,disease,weather,1
44.917614,39.0,5.917614,35.018154,14.103389,disease,weather,3
32.68459,33.0,0.3154106,0.099483855,0.96037936,disease,weather,3
28.213531,46.0,17.786469,316.35846,47.93322,disease,weather,3
47.583294,61.0,13.416706,180.008,24.712284,disease,weather,3
51.7225,40.0,11.7225,137.417,25.560793,disease,weather,3
43.962887,86.0,42.037113,1767.1189,64.69095,disease,weather,3
44.41086,85.0,40.58914,1647.4784,62.729115,disease,weather,3
20.370762,89.0,68.62924,4709.9727,125.498344,disease,weather,3
16.998184,75.0,58.001816,3364.2107,126.09338,disease,weather,3
18.244038,63.0,44.755962,2003.0962,110.17661,disease,weather,3
10.35538,62.0,51.64462,2667.1667,142.75267,disease,weather,3
23.844646,73.0,49.155354,2416.2488,101.513824,disease,weather,3
20.085024,71.0,50.914978,2592.335,111.79659,disease,weather,3
22.038591,72.0,49.96141,2496.1426,106.25725,disease,weather,3
30.55822,51.0,20.44178,417.86636,50.128067,disease,weather,3
55.184147,53.0,2.184147,4.770498,4.037832,disease,weather,3
38.341198,44.0,5.658802,32.02204,13.744764,disease,weather,3
29.563484,54.0,24.436516,597.1433,58.48611,disease,weather,3
47.539978,56.0,8.460022,71.57197,16.341557,disease,weather,3
40.648094,25.0,15.648094,244.86285,47.672653,disease,weather,3
26.7513,42.0,15.248699,232.52283,44.359016,disease,weather,3
31.871702,21.999998,9.871704,97.45054,36.64894,disease,weather,3
47.66994,32.0,15.669941,245.54704,39.33715,disease,weather,3
26.841303,20.0,6.841303,46.803425,29.210558,disease,weather,3
23.40225,40.0,16.59775,275.4853,52.35697,disease,weather,3
32.596565,25.0,7.5965652,57.7078,26.378536,disease,weather,3
42.22592,34.0,8.225922,67.66579,21.583002,disease,weather,3
33.643753,43.0,9.356247,87.53936,24.414898,disease,weather,3
26.371809,34.0,7.628191,58.189297,25.270704,disease,weather,3
24.719776,16.999998,7.719778,59.594975,37.007767,disease,weather,3
28.815731,35.0,6.184269,38.245182,19.381643,disease,weather,3
26.423267,41.0,14.576733,212.48114,43.239475,disease,weather,3
43.839664,42.0,1.8396645,3.3843653,4.2862806,disease,weather,3
21.526745,42.0,20.473255,419.15417,64.45554,disease,weather,3
22.042637,35.0,12.957363,167.89326,45.43045,disease,weather,3
27.552298,30.0,2.4477024,5.991247,8.50601,disease,weather,3
44.181328,26.999998,17.18133,295.1981,48.274822,disease,weather,3
31.444012,24.0,7.4440117,55.41331,26.852358,disease,weather,3
28.832932,34.0,5.1670685,26.698597,16.447008,disease,weather,3
23.994036,40.0,16.005964,256.1909,50.0233,disease,weather,3
24.865627,21.0,3.8656273,14.943074,16.856314,disease,weather,3
21.959293,11.000003,10.9592905,120.10605,66.50197,disease,weather,3
35.155624,24.0,11.155624,124.44795,37.71619,disease,weather,3
36.974876,21.999998,14.974878,224.24698,50.783928,disease,weather,3
26.810314,21.999998,4.810316,23.139141,19.710245,disease,weather,3
26.488554,29.0,2.511446,6.307361,9.052122,disease,weather,3
26.017958,32.0,5.9820423,35.784832,20.621347,disease,weather,3
18.076027,32.0,13.923973,193.87703,55.611332,disease,weather,3
22.891228,31.0,8.108772,65.75219,30.093107,disease,weather,3
18.905659,27.999998,9.094339,82.70701,38.777153,disease,weather,3
19.514816,15.999999,3.5148172,12.35394,19.793528,disease,weather,3
21.294302,26.0,4.705698,22.143595,19.89964,disease,weather,3
28.135317,35.0,6.864683,47.123875,21.745937,disease,weather,3
19.998692,33.0,13.001308,169.03403,49.06275,disease,weather,3
21.631649,21.999998,0.36834908,0.13568105,1.6884491,disease,weather,3
20.132288,29.0,8.867712,78.636314,36.09729,disease,weather,3
19.868786,34.0,14.131214,199.69121,52.465313,disease,weather,3
17.86129,25.0,7.13871,50.96118,33.310757,disease,weather,3
19.306538,30.0,10.693462,114.350136,43.375435,disease,weather,3
22.939583,33.0,10.060417,101.21199,35.96887,disease,weather,3
20.79762,30.0,9.202379,84.683784,36.231537,disease,weather,3
16.159826,27.999998,11.840172,140.18967,53.624176,disease,weather,3
18.458473,32.0,13.541527,183.37296,53.673946,disease,weather,3
20.81786,41.0,20.18214,407.3188,65.2955,disease,weather,3
15.784724,26.0,10.215276,104.35186,48.894783,disease,weather,3
15.735356,26.999998,11.264642,126.89215,52.71814,disease,weather,3
16.866072,42.0,25.133928,631.71436,85.39359,disease,weather,3
22.415491,35.0,12.584509,158.36986,43.836636,disease,weather,3
16.695478,34.0,17.304522,299.44647,68.26849,disease,weather,3
18.361773,33.0,14.638227,214.27771,57.000477,disease,weather,3
25.163897,38.0,12.836103,164.76555,40.6438,disease,weather,3
22.608385,24.0,1.3916149,1.9365921,5.971522,disease,weather,3
39.56303,25.0,14.56303,212.08185,45.112595,disease,weather,3
33.446594,46.0,12.553406,157.588,31.602123,disease,weather,3
32.159885,40.0,7.8401146,61.467396,21.729843,disease,weather,3
29.783327,13.999999,15.783328,249.11345,72.097435,disease,weather,3
26.501392,-1.2389615e-06,26.501394,702.3239,200.0,disease,weather,3
28.168707,-1.2389615e-06,28.168709,793.47614,200.0,disease,weather,3
25.887571,2.9999988,22.887573,523.841,158.45966,disease,weather,3
24.483284,3.9999988,20.483286,419.565,143.82672,disease,weather,3
33.80995,2.9999988,30.809954,949.25323,167.40013,disease,weather,3
29.156544,2.9999988,26.156546,684.16486,162.68257,disease,weather,3
24.225477,-1.2389615e-06,24.22548,586.87384,200.0,disease,weather,3
22.764132,44.0,21.235868,450.9621,63.61461,disease,weather,3
23.154043,44.0,20.845957,434.55392,62.083996,disease,weather,3
20.689285,31.0,10.310715,106.31084,39.89498,disease,weather,3
24.186728,26.999998,2.8132706,7.914491,10.992188,disease,weather,3
21.198301,50.0,28.801699,829.53784,80.90557,disease,weather,3
27.226698,39.0,11.773302,138.61064,35.55455,disease,weather,3
20.443356,-1.2389615e-06,20.443357,417.93088,200.0,disease,weather,3
20.474213,-1.2389615e-06,20.474215,419.19345,200.0,disease,weather,3
23.429932,33.0,9.570068,91.58621,33.91841,disease,weather,3
25.989265,38.0,12.010735,144.25775,37.539845,disease,weather,3
31.39385,31.0,0.39385033,0.15511808,1.2624652,disease,weather,3
28.800234,34.0,5.199766,27.037569,16.559704,disease,weather,3
27.432632,20.0,7.4326324,55.244026,31.339745,disease,weather,3
26.96243,21.0,5.962429,35.55056,24.862915,disease,weather,3
30.709675,37.0,6.290325,39.56819,18.580286,disease,weather,3
25.120039,21.999998,3.120041,9.734655,13.242949,disease,weather,3
27.72262,46.0,18.27738,334.06262,49.584187,disease,weather,3
28.374235,26.0,2.3742352,5.6369925,8.732942,disease,weather,3
30.129211,31.0,0.8707886,0.75827277,2.8490095,disease,weather,3
22.713797,32.0,9.286203,86.233574,33.94465,disease,weather,3
19.587511,23.0,3.412489,11.645081,16.025774,disease,weather,3
16.527706,23.0,6.472294,41.890587,32.74814,disease,weather,3
22.014477,32.0,9.985523,99.71067,36.973507,disease,weather,3
25.913704,30.0,4.086296,16.697815,14.616439,disease,weather,3
43.91951,26.999998,16.919512,286.26987,47.71469,disease,weather,3
38.226562,26.999998,11.226564,126.03575,34.42329,disease,weather,3
46.94591,36.0,10.945911,119.81297,26.392893,disease,weather,3
48.135406,33.0,15.1354065,229.08054,37.309006,disease,weather,3
45.003475,39.0,6.003475,36.041714,14.293396,disease,weather,3
40.08196,37.0,3.0819588,9.49847,7.9965763,disease,weather,3
40.70623,44.0,3.2937698,10.84892,7.776925,disease,weather,3
48.219574,27.999998,20.219576,408.83124,53.056126,disease,weather,3
44.08678,32.0,12.086781,146.09027,31.77104,disease,weather,3
49.61004,34.0,15.610039,243.67331,37.340107,disease,weather,3
52.419647,26.999998,25.41965,646.15857,64.013504,disease,weather,3
51.16679,25.0,26.16679,684.7009,68.70918,disease,weather,3
63.296185,59.0,4.2961845,18.457201,7.0258684,disease,weather,3
33.374447,56.0,22.625553,511.91565,50.63092,disease,weather,3
18.997004,39.0,20.002996,400.11987,68.979416,disease,weather,3
17.30394,40.0,22.69606,515.11115,79.21291,disease,weather,3
25.575077,42.0,16.424923,269.7781,48.61237,disease,weather,3
23.48995,49.0,25.51005,650.76263,70.3823,disease,weather,3
28.469955,41.0,12.530045,157.00201,36.073277,disease,weather,3
39.45141,31.0,8.451408,71.4263,23.992163,disease,weather,3
2.608199,36.0,33.3918,1115.0123,172.97775,disease,weather,3
16.007221,48.0,31.992779,1023.5379,99.96616,disease,weather,3
55.374344,48.0,7.374344,54.380947,14.2672615,disease,weather,3
39.622017,65.0,25.377983,644.04205,48.513657,disease,weather,3
14.327722,68.0,53.67228,2880.7136,130.3869,disease,weather,3
27.533638,8.999999,18.533638,343.49573,101.46067,disease,weather,3
39.861492,7.9999986,31.861494,1015.1548,133.14041,disease,weather,3
27.154024,11.999999,15.154025,229.64447,77.40725,disease,weather,3
19.042591,15.999999,3.042592,9.257366,17.365108,disease,weather,3
30.387344,30.0,0.38734436,0.15003565,1.282866,disease,weather,3
38.846317,18.0,20.846317,434.56894,73.34272,disease,weather,3
36.066395,8.999999,27.066395,732.5897,120.11787,disease,weather,3
21.383936,27.999998,6.616062,43.772278,26.794392,disease,weather,3
24.791887,30.0,5.2081127,27.124437,19.010527,disease,weather,3
30.051052,38.0,7.948948,63.185772,23.36172,disease,weather,3
27.97454,34.0,6.0254593,36.30616,19.44495,disease,weather,3
18.353354,32.0,13.6466465,186.23096,54.20352,disease,weather,3
13.338183,36.0,22.661816,513.55786,91.86319,disease,weather,3
14.066659,46.0,31.933342,1019.73834,106.326355,disease,weather,3
28.225887,46.0,17.774113,315.91907,47.89195,disease,weather,3
11.109721,19.0,7.890279,62.2565,52.41017,disease,weather,3
15.896358,53.0,37.10364,1376.6802,107.70857,disease,weather,3
16.7414,23.0,6.2586,39.17008,31.496626,disease,weather,3
6.9415536,25.0,18.058447,326.1075,113.07181,disease,weather,3
12.464217,35.0,22.535782,507.86145,94.95903,disease,weather,3
33.738346,21.999998,11.738348,137.78882,42.119473,disease,weather,3
13.705136,21.0,7.2948637,53.21504,42.0391,disease,weather,3
8.979266,37.0,28.020733,785.1615,121.8842,disease,weather,3
14.959775,23.0,8.040225,64.64522,42.361816,disease,weather,3
27.107841,30.0,2.8921585,8.364581,10.128761,disease,weather,3
11.247237,18.0,6.752763,45.599804,46.177097,disease,weather,3
11.84405,43.0,31.155949,970.6931,113.616516,disease,weather,3
21.668266,25.0,3.3317337,11.10045,14.278369,disease,weather,3
27.27873,15.000001,12.278729,150.7672,58.08466,disease,weather,3
11.058791,16.999998,5.941207,35.29794,42.348278,disease,weather,3
28.590807,4.9999986,23.590809,556.52625,140.45992,disease,weather,3
29.721027,8.999999,20.721027,429.36096,107.02726,disease,weather,3
36.186703,18.0,18.186703,330.75616,67.12607,disease,weather,3
30.448551,9.999999,20.448551,418.14325,101.10895,disease,weather,3
45.655346,9.999999,35.655346,1271.3037,128.1291,disease,weather,3
29.621454,27.999998,1.6214561,2.62912,5.62796,disease,weather,3
32.052498,21.0,11.052498,122.15771,41.666267,disease,weather,3
31.4368,33.0,1.5632,2.4435942,4.851886,disease,weather,3
23.905611,39.0,15.094389,227.84058,47.9906,disease,weather,3
8.80778,38.0,29.192219,852.1856,124.73233,disease,weather,3
16.623707,52.0,35.376293,1251.4822,103.10226,disease,weather,3
11.660548,45.0,33.33945,1111.519,117.68136,disease,weather,3
18.600111,61.0,42.399887,1797.7504,106.53223,disease,weather,3
14.492421,47.0,32.50758,1056.7428,105.72874,disease,weather,3
17.648191,46.0,28.351809,803.8251,89.08913,disease,weather,3
14.09805,67.0,52.90195,2798.6165,130.46417,disease,weather,3
17.668573,59.0,41.33143,1708.287,107.818436,disease,weather,3
11.633723,46.0,34.366276,1181.0409,119.25752,disease,weather,3
14.475863,48.0,33.524136,1123.8677,107.31867,disease,weather,3
29.449694,63.0,33.55031,1125.6232,72.58068,disease,weather,3
16.491362,88.0,71.50864,5113.485,136.86995,disease,weather,3
40.76257,65.0,24.23743,587.45306,45.833664,disease,weather,3
40.326878,60.0,19.673122,387.03174,39.218052,disease,weather,3
40.114544,62.0,21.885456,478.97318,42.86452,disease,weather,3
34.946846,83.0,48.053154,2309.1057,81.48273,disease,weather,3
50.08116,84.0,33.91884,1150.4875,50.59449,disease,weather,3
71.458855,94.0,22.541145,508.10324,27.246826,disease,weather,3
78.24789,93.0,14.752113,217.62485,17.228958,disease,weather,3
67.83122,83.0,15.168777,230.09181,20.113577,disease,weather,3
35.11714,77.0,41.88286,1754.1738,74.71268,disease,weather,3
81.43573,45.0,36.43573,1327.5624,57.63518,disease,weather,3
69.51228,54.0,15.512283,240.63094,25.118607,disease,weather,3
56.200024,77.0,20.799976,432.639,31.23119,disease,weather,3
48.842876,64.0,15.157124,229.73839,26.86412,disease,weather,3
72.63825,30.0,42.638252,1818.0205,83.084526,disease,weather,3
82.0634,90.0,7.9365997,62.989616,9.2252035,disease,weather,3
61.481213,75.0,13.518787,182.75761,19.810472,disease,weather,3
36.704933,44.0,7.295067,53.218,18.078365,disease,weather,3
60.685604,58.0,2.685604,7.2124696,4.5255766,disease,weather,3
62.963665,55.0,7.963665,63.41996,13.501894,disease,weather,3
52.850376,60.0,7.149624,51.117123,12.67098,disease,weather,3
33.567265,73.0,39.432735,1554.9407,74.00535,disease,weather,3
51.05153,98.0,46.94847,2204.159,62.9963,disease,weather,3
51.14475,81.0,29.855251,891.33606,45.18568,disease,weather,3
28.789988,87.0,58.210014,3388.4058,100.54413,disease,weather,3
56.423107,88.0,31.576893,997.10016,43.72831,disease,weather,3
57.733532,103.0,45.266468,2049.0532,56.324856,disease,weather,3
65.862885,109.0,43.137115,1860.8108,49.33822,disease,weather,3
54.720768,112.0,57.279232,3280.9104,68.712776,disease,weather,3
38.950413,73.0,34.049587,1159.3744,60.82977,disease,weather,3
49.192883,57.0,7.8071175,60.951084,14.703653,disease,weather,3
64.18539,48.0,16.185387,261.96674,28.854715,disease,weather,3
88.44814,59.0,29.448143,867.1931,39.94373,disease,weather,3
94.690125,44.0,50.690125,2569.4888,73.09839,disease,weather,3
83.45019,78.0,5.4501877,29.704546,6.75154,disease,weather,3
53.53225,65.0,11.467751,131.50931,19.349586,disease,weather,3
60.409733,59.0,1.4097328,1.9873466,2.361169,disease,weather,3
67.72606,61.0,6.726059,45.23987,10.450191,disease,weather,3
75.19515,68.0,7.1951523,51.770218,10.049435,disease,weather,3
51.01182,84.0,32.98818,1088.2198,48.867096,disease,weather,3
55.66637,46.0,9.66637,93.43871,19.015867,disease,weather,3
51.7339,67.0,15.266102,233.05386,25.714815,disease,weather,3
49.79177,41.0,8.791771,77.295235,19.366888,disease,weather,3
33.079247,46.0,12.9207535,166.94588,32.677986,disease,weather,3
37.420753,70.0,32.579247,1061.4073,60.65727,disease,weather,3
44.05848,74.0,29.94152,896.4947,50.7232,disease,weather,3
52.041992,90.0,37.958008,1440.8103,53.44618,disease,weather,3
58.773773,100.0,41.226227,1699.6018,51.93078,disease,weather,3
37.85121,114.0,76.14879,5798.638,100.293945,disease,weather,3
48.85509,142.0,93.14491,8675.975,97.607994,disease,weather,3
54.439728,108.0,53.560272,2868.703,65.94479,disease,weather,3
89.88722,126.0,36.112778,1304.1327,33.455227,disease,weather,3
53.89273,103.0,49.10727,2411.524,62.5998,disease,weather,3
61.78303,105.0,43.21697,1867.7064,51.824177,disease,weather,3
29.434235,45.0,15.565765,242.29305,41.82421,disease,weather_lag3,1
46.100494,36.0,10.100494,102.01999,24.605198,disease,weather_lag3,1
45.51808,39.0,6.5180817,42.48539,15.424111,disease,weather_lag3,1
60.2593,33.0,27.2593,743.06946,58.459156,disease,weather_lag3,1
60.97821,46.0,14.97821,224.34679,28.002357,disease,weather_lag3,1
57.388046,61.0,3.6119537,13.046209,6.101889,disease,weather_lag3,1
55.38642,40.0,15.386421,236.74196,32.261242,disease,weather_lag3,1
52.688923,86.0,33.311077,1109.6278,48.037113,disease,weather_lag3,1
63.751396,85.0,21.248604,451.50317,28.56928,disease,weather_lag3,1
50.316635,89.0,38.683365,1496.4027,55.533016,disease,weather_lag3,1
28.021574,75.0,46.978424,2206.9724,91.20114,disease,weather_lag3,1
32.251583,63.0,30.748417,945.46515,64.56253,disease,weather_lag3,1
47.999706,62.0,14.000294,196.00822,25.455147,disease,weather_lag3,1
34.922512,73.0,38.077488,1449.8951,70.56449,disease,weather_lag3,1
39.9015,71.0,31.0985,967.11664,56.083096,disease,weather_lag3,1
30.291323,72.0,41.70868,1739.6139,81.54881,disease,weather_lag3,1
43.2783,51.0,7.7216988,59.62463,16.380648,disease,weather_lag3,1
44.672043,53.0,8.327957,69.35487,17.052898,disease,weather_lag3,1
33.015194,44.0,10.984806,120.66596,28.526333,disease,weather_lag3,1
54.64585,54.0,0.64585114,0.41712368,1.1889108,disease,weather_lag3,1
49.310688,56.0,6.689312,44.746895,12.703957,disease,weather_lag3,1
46.377956,25.0,21.377956,457.01703,59.90072,disease,weather_lag3,1
32.634136,42.0,9.365864,87.719406,25.098068,disease,weather_lag3,1
51.71904,21.999998,29.719042,883.22144,80.62786,disease,weather_lag3,1
55.337906,32.0,23.337906,544.65784,53.442787,disease,weather_lag3,1
29.28426,20.0,9.28426,86.19748,37.67637,disease,weather_lag3,1
33.30384,40.0,6.6961594,44.83855,18.2696,disease,weather_lag3,1
46.81414,25.0,21.81414,475.85672,60.75166,disease,weather_lag3,1
45.87159,34.0,11.87159,140.93465,29.72669,disease,weather_lag3,1
29.604448,43.0,13.395552,179.44081,36.900085,disease,weather_lag3,1
29.861757,34.0,4.1382427,17.125053,12.960003,disease,weather_lag3,1
34.491463,16.999998,17.491465,305.95132,67.939285,disease,weather_lag3,1
35.376923,35.0,0.3769226,0.14207065,1.071154,disease,weather_lag3,1
25.167212,41.0,15.832788,250.67719,47.8569,disease,weather_lag3,1
29.589956,42.0,12.410044,154.00919,34.66979,disease,weather_lag3,1
29.478327,42.0,12.521673,156.7923,35.03628,disease,weather_lag3,1
34.886314,35.0,0.11368561,0.012924418,0.3253444,disease,weather_lag3,1
27.088753,30.0,2.9112473,8.475361,10.199022,disease,weather_lag3,1
28.687815,26.999998,1.6878166,2.8487248,6.0617094,disease,weather_lag3,1
30.959135,24.0,6.959135,48.42956,25.324762,disease,weather_lag3,1
40.033985,34.0,6.033985,36.408978,16.300583,disease,weather_lag3,1
27.737217,40.0,12.262783,150.37585,36.206932,disease,weather_lag3,1
33.576035,21.0,12.576035,158.15665,46.086292,disease,weather_lag3,1
36.9615,11.000003,25.961494,673.9992,108.25973,disease,weather_lag3,1
27.325891,24.0,3.3258915,11.061554,12.959898,disease,weather_lag3,1
31.829561,21.999998,9.829563,96.62031,36.52106,disease,weather_lag3,1
39.541462,21.999998,17.541464,307.70294,57.00698,disease,weather_lag3,1
33.953907,29.0,4.953907,24.541195,15.738204,disease,weather_lag3,1
25.135468,32.0,6.8645325,47.121807,24.02897,disease,weather_lag3,1
24.77077,32.0,7.229231,52.26178,25.468147,disease,weather_lag3,1
33.194347,31.0,2.1943474,4.8151603,6.8365746,disease,weather_lag3,1
20.640387,27.999998,7.3596115,54.163883,30.26132,disease,weather_lag3,1
18.887094,15.999999,2.8870955,8.33532,16.55108,disease,weather_lag3,1
27.742199,26.0,1.742199,3.035257,6.4835415,disease,weather_lag3,1
38.48867,35.0,3.4886703,12.170821,9.494444,disease,weather_lag3,1
16.714968,33.0,16.285032,265.20227,65.513596,disease,weather_lag3,1
18.468397,21.999998,3.531601,12.472205,17.453625,disease,weather_lag3,1
19.707535,29.0,9.292465,86.34991,38.156174,disease,weather_lag3,1
30.884846,34.0,3.1151543,9.704186,9.602102,disease,weather_lag3,1
17.553885,25.0,7.4461155,55.444637,34.996174,disease,weather_lag3,1
12.8919935,30.0,17.108006,292.68384,79.77249,disease,weather_lag3,1
30.887371,33.0,2.112629,4.463201,6.613604,disease,weather_lag3,1
25.6238,30.0,4.3761997,19.151125,15.73499,disease,weather_lag3,1
17.401064,27.999998,10.598934,112.3374,46.690247,disease,weather_lag3,1
23.640474,32.0,8.359526,69.88167,30.048365,disease,weather_lag3,1
21.84694,41.0,19.15306,366.83975,60.951454,disease,weather_lag3,1
23.958487,26.0,2.0415134,4.167777,8.172839,disease,weather_lag3,1
29.641054,26.999998,2.641056,6.9751773,9.32559,disease,weather_lag3,1
18.328634,42.0,23.671366,560.33356,78.474724,disease,weather_lag3,1
24.309204,35.0,10.690796,114.29311,36.051052,disease,weather_lag3,1
29.23164,34.0,4.76836,22.737259,15.082197,disease,weather_lag3,1
30.18199,33.0,2.8180103,7.941182,8.920297,disease,weather_lag3,1
30.22976,38.0,7.770241,60.37664,22.776691,disease,weather_lag3,1
24.397863,24.0,0.3978634,0.15829527,1.644136,disease,weather_lag3,1
38.036797,25.0,13.036797,169.95807,41.362495,disease,weather_lag3,1
42.407867,46.0,3.5921326,12.903417,8.126274,disease,weather_lag3,1
27.541853,40.0,12.458147,155.20543,36.890156,disease,weather_lag3,1
24.703077,13.999999,10.703078,114.555885,55.30867,disease,weather_lag3,1
43.510895,-1.2389615e-06,43.510895,1893.198,200.0,disease,weather_lag3,1
36.931396,-1.2389615e-06,36.931396,1363.9281,200.0,disease,weather_lag3,1
29.98577,2.9999988,26.985771,728.2319,163.6207,disease,weather_lag3,1
24.936615,3.9999988,20.936617,438.34192,144.70676,disease,weather_lag3,1
48.07439,2.9999988,45.07439,2031.7007,176.50487,disease,weather_lag3,1
32.450172,2.9999988,29.450174,867.31274,166.14967,disease,weather_lag3,1
33.500614,-1.2389615e-06,33.500614,1122.2911,200.0,disease,weather_lag3,1
29.388088,44.0,14.611912,213.50797,39.820934,disease,weather_lag3,1
32.391594,44.0,11.608406,134.7551,30.391842,disease,weather_lag3,1
26.015575,31.0,4.9844246,24.844488,17.48443,disease,weather_lag3,1
18.657955,26.999998,8.342043,69.58968,36.54147,disease,weather_lag3,1
25.015408,50.0,24.984592,624.22986,66.61189,disease,weather_lag3,1
31.575367,39.0,7.424633,55.125175,21.040297,disease,weather_lag3,1
22.577858,-1.2389615e-06,22.57786,509.75977,200.0,disease,weather_lag3,1
23.017115,-1.2389615e-06,23.017117,529.78766,200.0,disease,weather_lag3,1
18.694176,33.0,14.305824,204.6566,55.34791,disease,weather_lag3,1
22.734493,38.0,15.265507,233.03569,50.269646,disease,weather_lag3,1
20.291088,31.0,10.708912,114.68079,41.7574,disease,weather_lag3,1
12.057986,34.0,21.942013,481.45193,95.279945,disease,weather_lag3,1
7.378775,20.0,12.621225,159.29533,92.19715,disease,weather_lag3,1
9.845767,21.0,11.154233,124.416916,72.32262,disease,weather_lag3,1
9.588931,37.0,27.411068,751.36664,117.67201,disease,weather_lag3,1
8.689216,21.999998,13.310782,177.17693,86.745674,disease,weather_lag3,1
11.387073,46.0,34.612926,1198.0547,120.62969,disease,weather_lag3,1
11.704013,26.0,14.295987,204.37524,75.83271,disease,weather_lag3,1
20.157427,31.0,10.842573,117.56139,42.38905,disease,weather_lag3,1
17.617905,32.0,14.382095,206.84467,57.971394,disease,weather_lag3,1
36.142685,23.0,13.142685,172.73016,44.443993,disease,weather_lag3,1
31.015774,23.0,8.015774,64.25263,29.679382,disease,weather_lag3,1
20.18263,32.0,11.817369,139.65022,45.292347,disease,weather_lag3,1
29.443468,30.0,0.5565319,0.30972776,1.8724747,disease,weather_lag3,1
38.811546,26.999998,11.811548,139.51266,35.895065,disease,weather_lag3,1
27.418667,26.999998,0.41866875,0.17528352,1.5386955,disease,weather_lag3,1
34.900757,36.0,1.0992432,1.2083355,3.1007938,disease,weather_lag3,1
25.470535,33.0,7.5294647,56.69284,25.754732,disease,weather_lag3,1
32.76063,39.0,6.2393684,38.929718,17.389389,disease,weather_lag3,1
29.352407,37.0,7.6475925,58.485672,23.05144,disease,weather_lag3,1
44.555794,44.0,0.55579376,0.3089067,1.2552397,disease,weather_lag3,1
23.902777,27.999998,4.0972214,16.787224,15.788063,disease,weather_lag3,1
27.002518,32.0,4.9974823,24.974829,16.939896,disease,weather_lag3,1
23.042114,34.0,10.957886,120.07526,38.420334,disease,weather_lag3,1
46.113514,26.999998,19.113516,365.32648,52.284496,disease,weather_lag3,1
23.024221,25.0,1.9757786,3.903701,8.228258,disease,weather_lag3,1
55.731995,59.0,3.2680054,10.679859,5.696764,disease,weather_lag3,1
53.589314,56.0,2.4106865,5.8114095,4.3994923,disease,weather_lag3,1
26.746632,39.0,12.253368,150.14503,37.274517,disease,weather_lag3,1
63.57604,40.0,23.576038,555.8296,45.524117,disease,weather_lag3,1
60.97228,42.0,18.972279,359.94736,36.849297,disease,weather_lag3,1
47.117573,49.0,1.8824272,3.5435321,3.9169264,disease,weather_lag3,1
18.371174,41.0,22.628826,512.0638,76.228325,disease,weather_lag3,1
27.51351,31.0,3.4864902,12.155614,11.916872,disease,weather_lag3,1
40.016575,36.0,4.016575,16.132874,10.567629,disease,weather_lag3,1
15.750108,48.0,32.249893,1040.0557,101.175964,disease,weather_lag3,1
13.036952,48.0,34.963047,1222.4147,114.56354,disease,weather_lag3,1
13.508334,65.0,51.491665,2651.3916,131.17503,disease,weather_lag3,1
22.136276,68.0,45.863724,2103.4812,101.7653,disease,weather_lag3,1
29.268974,8.999999,20.268974,410.83133,105.929016,disease,weather_lag3,1
27.152891,7.9999986,19.152893,366.8333,108.96909,disease,weather_lag3,1
32.407066,11.999999,20.407066,416.44836,91.909096,disease,weather_lag3,1
40.06047,15.999999,24.06047,578.90625,85.83756,disease,weather_lag3,1
56.134895,30.0,26.134895,683.0328,60.683643,disease,weather_lag3,1
58.299694,18.0,40.299694,1624.0653,105.63526,disease,weather_lag3,1
28.839575,8.999999,19.839577,393.6088,104.86152,disease,weather_lag3,1
37.210705,27.999998,9.210707,84.83712,28.249063,disease,weather_lag3,1
51.18508,30.0,21.185081,448.80768,52.189594,disease,weather_lag3,1
47.23824,38.0,9.238239,85.34506,21.67628,disease,weather_lag3,1
20.008028,34.0,13.991972,195.77528,51.81442,disease,weather_lag3,1
15.825158,32.0,16.174843,261.62555,67.64157,disease,weather_lag3,1
23.7144,36.0,12.285601,150.93599,41.147865,disease,weather_lag3,1
19.382624,46.0,26.617376,708.48474,81.42034,disease,weather_lag3,1
18.92159,46.0,27.07841,733.24023,83.41881,disease,weather_lag3,1
22.263683,19.0,3.2636833,10.6516285,15.818672,disease,weather_lag3,1
12.091731,53.0,40.908268,1673.4863,125.694214,disease,weather_lag3,1
12.590602,23.0,10.409398,108.35557,58.495205,disease,weather_lag3,1
37.804497,25.0,12.804497,163.95514,40.77573,disease,weather_lag3,1
35.853672,35.0,0.853672,0.72875595,2.4096763,disease,weather_lag3,1
20.077341,21.999998,1.922657,3.69661,9.138681,disease,weather_lag3,1
23.880058,21.0,2.8800583,8.294736,12.834467,disease,weather_lag3,1
26.321138,37.0,10.678862,114.038086,33.729218,disease,weather_lag3,1
36.760216,23.0,13.760216,189.34354,46.051426,disease,weather_lag3,1
20.852009,30.0,9.147991,83.685745,35.978878,disease,weather_lag3,1
24.082241,18.0,6.082241,36.993656,28.90645,disease,weather_lag3,1
28.156855,43.0,14.843145,220.31897,41.719513,disease,weather_lag3,1
32.971478,25.0,7.9714775,63.544453,27.501377,disease,weather_lag3,1
17.523615,15.000001,2.523614,6.368627,15.518655,disease,weather_lag3,1
21.069262,16.999998,4.0692635,16.558905,21.378212,disease,weather_lag3,1
25.161432,4.9999986,20.161434,406.48343,133.69019,disease,weather_lag3,1
12.329631,8.999999,3.3296318,11.086448,31.220718,disease,weather_lag3,1
22.993616,18.0,4.993616,24.936201,24.362898,disease,weather_lag3,1
9.648921,9.999999,0.35107803,0.12325579,3.5735097,disease,weather_lag3,1
15.854398,9.999999,5.8543987,34.273983,45.287453,disease,weather_lag3,1
11.715533,27.999998,16.284466,265.18384,82.00553,disease,weather_lag3,1
25.569126,21.0,4.569126,20.876913,19.622984,disease,weather_lag3,1
26.313007,33.0,6.6869926,44.71587,22.54815,disease,weather_lag3,1
39.39996,39.0,0.39995956,0.15996765,1.0203055,disease,weather_lag3,1
24.478264,38.0,13.521736,182.83734,43.28461,disease,weather_lag3,1
27.68615,52.0,24.31385,591.1633,61.024033,disease,weather_lag3,1
31.279745,45.0,13.720255,188.24539,35.97352,disease,weather_lag3,1
43.34106,61.0,17.65894,311.83813,33.848495,disease,weather_lag3,1
33.812916,47.0,13.187084,173.89919,32.63608,disease,weather_lag3,1
27.729893,46.0,18.270107,333.7968,49.55957,disease,weather_lag3,1
42.034294,67.0,24.965706,623.2865,45.794228,disease,weather_lag3,1
45.869576,59.0,13.1304245,172.40805,25.041437,disease,weather_lag3,1
52.771614,46.0,6.771614,45.854755,13.711659,disease,weather_lag3,1
43.77621,48.0,4.223789,17.840395,9.20454,disease,weather_lag3,1
61.810417,63.0,1.1895828,1.4151073,1.9062235,disease,weather_lag3,1
53.74933,88.0,34.25067,1173.1085,48.32569,disease,weather_lag3,1
50.182957,65.0,14.817043,219.54477,25.72784,disease,weather_lag3,1
50.94736,60.0,9.052639,81.95027,16.318802,disease,weather_lag3,1
47.32857,62.0,14.671429,215.25082,26.83915,disease,weather_lag3,1
52.462147,83.0,30.537853,932.5605,45.08692,disease,weather_lag3,1
63.95768,84.0,20.04232,401.6946,27.091965,disease,weather_lag3,1
74.5786,94.0,19.421402,377.19086,23.04136,disease,weather_lag3,1
60.25657,93.0,32.74343,1072.1323,42.730217,disease,weather_lag3,1
57.994793,83.0,25.005207,625.2604,35.46969,disease,weather_lag3,1
48.375862,77.0,28.624138,819.34125,45.66132,disease,weather_lag3,1
65.98661,45.0,20.98661,440.4378,37.818275,disease,weather_lag3,1
82.212616,54.0,28.212616,795.9517,41.424377,disease,weather_lag3,1
63.26092,77.0,13.7390785,188.76228,19.590742,disease,weather_lag3,1
58.13115,64.0,5.8688507,34.44341,9.610735,disease,weather_lag3,1
67.519264,30.0,37.519264,1407.6952,76.94739,disease,weather_lag3,1
90.57008,90.0,0.5700836,0.32499534,0.6314264,disease,weather_lag3,1
86.190956,75.0,11.190956,125.237495,13.88534,disease,weather_lag3,1
58.000946,44.0,14.000946,196.02649,27.452581,disease,weather_lag3,1
87.616394,58.0,29.616394,877.1308,40.67728,disease,weather_lag3,1
83.78134,55.0,28.781342,828.3656,41.47725,disease,weather_lag3,1
84.27624,60.0,24.276237,589.3357,33.65244,disease,weather_lag3,1
53.54395,73.0,19.45605,378.5379,30.749872,disease,weather_lag3,1
70.01313,98.0,27.98687,783.2649,33.3151,disease,weather_lag3,1
48.639553,81.0,32.360447,1047.1985,49.923725,disease,weather_lag3,1
49.76943,87.0,37.23057,1386.1155,54.44283,disease,weather_lag3,1
74.228455,88.0,13.771545,189.65546,16.977966,disease,weather_lag3,1
94.34882,103.0,8.651176,74.84286,8.767396,disease,weather_lag3,1
81.92936,109.0,27.07064,732.8196,28.35671,disease,weather_lag3,1
59.75358,112.0,52.24642,2729.6885,60.838818,disease,weather_lag3,1
80.14771,73.0,7.1477127,51.089798,9.334404,disease,weather_lag3,1
83.747734,57.0,26.747734,715.4413,38.008045,disease,weather_lag3,1
75.16808,48.0,27.168083,738.10474,44.11546,disease,weather_lag3,1
59.05267,59.0,0.052669525,0.0027740789,0.08923055,disease,weather_lag3,1
72.74482,44.0,28.74482,826.26465,49.243847,disease,weather_lag3,1
65.65332,78.0,12.34668,152.4405,17.18955,disease,weather_lag3,1
62.35278,65.0,2.6472206,7.0077767,4.1573033,disease,weather_lag3,1
31.956306,59.0,27.043694,731.3614,59.46524,disease,weather_lag3,1
40.02931,61.0,20.970692,439.7699,41.514076,disease,weather_lag3,1
34.931362,68.0,33.068638,1093.5348,64.25377,disease,weather_lag3,1
37.46199,84.0,46.53801,2165.7864,76.62975,disease,weather_lag3,1
33.020752,46.0,12.979248,168.46088,32.850227,disease,weather_lag3,1
52.056652,67.0,14.943348,223.30365,25.102919,disease,weather_lag3,1
43.58082,41.0,2.5808182,6.6606226,6.1026087,disease,weather_lag3,1
41.131115,46.0,4.868885,23.706041,11.175995,disease,weather_lag3,1
48.947884,70.0,21.052116,443.19162,35.39721,disease,weather_lag3,1
49.966293,74.0,24.033707,577.6191,38.774582,disease,weather_lag3,1
43.725822,90.0,46.274178,2141.2996,69.207535,disease,weather_lag3,1
53.529575,100.0,46.470425,2159.5005,60.53612,disease,weather_lag3,1
71.85786,114.0,42.142143,1775.9602,45.34879,disease,weather_lag3,1
62.933662,142.0,79.06634,6251.486,77.162865,disease,weather_lag3,1
54.30763,108.0,53.69237,2882.8708,66.16124,disease,weather_lag3,1
71.00102,126.0,54.998978,3024.8875,55.836235,disease,weather_lag3,1
86.75349,103.0,16.246513,263.9492,17.123812,disease,weather_lag3,1
67.55448,105.0,37.44552,1402.1669,43.401386,disease,weather_lag3,1
31.744455,39.0,7.2555447,52.64293,20.511982,disease,weather_lag3,3
24.05707,33.0,8.94293,79.976,31.347317,disease,weather_lag3,3
32.84004,46.0,13.159962,173.18459,33.383953,disease,weather_lag3,3
43.808704,61.0,17.191296,295.54065,32.80509,disease,weather_lag3,3
32.750313,40.0,7.249687,52.557964,19.930325,disease,weather_lag3,3
36.73321,86.0,49.26679,2427.2166,80.28273,disease,weather_lag3,3
34.965984,85.0,50.034016,2503.4028,83.413666,disease,weather_lag3,3
28.90082,89.0,60.099182,3611.9116,101.948715,disease,weather_lag3,3
21.83647,75.0,53.16353,2826.3608,109.80064,disease,weather_lag3,3
28.090519,63.0,34.90948,1218.6719,76.647896,disease,weather_lag3,3
25.15348,62.0,36.84652,1357.666,84.55547,disease,weather_lag3,3
27.101282,73.0,45.89872,2106.6924,91.70456,disease,weather_lag3,3
31.186504,71.0,39.813496,1585.1144,77.923195,disease,weather_lag3,3
35.344643,72.0,36.655357,1343.6152,68.29471,disease,weather_lag3,3
52.8476,51.0,1.847599,3.4136221,3.5582895,disease,weather_lag3,3
28.426077,53.0,24.573923,603.8777,60.358852,disease,weather_lag3,3
27.04033,44.0,16.95967,287.63037,47.746597,disease,weather_lag3,3
23.840797,54.0,30.159203,909.5775,77.48945,disease,weather_lag3,3
23.213196,56.0,32.786804,1074.9745,82.781166,disease,weather_lag3,3
29.698624,25.0,4.6986237,22.077065,17.180044,disease,weather_lag3,3
23.347048,42.0,18.652952,347.93262,57.088894,disease,weather_lag3,3
29.274532,21.999998,7.274534,52.91885,28.374846,disease,weather_lag3,3
34.10685,32.0,2.1068497,4.4388156,6.374074,disease,weather_lag3,3
30.113802,20.0,10.113802,102.28899,40.363342,disease,weather_lag3,3
19.30018,40.0,20.69982,428.48254,69.81369,disease,weather_lag3,3
25.28258,25.0,0.28257942,0.07985113,1.1239655,disease,weather_lag3,3
30.345007,34.0,3.654993,13.358974,11.360611,disease,weather_lag3,3
42.731956,43.0,0.26804352,0.07184733,0.62530595,disease,weather_lag3,3
35.106354,34.0,1.1063538,1.2240187,3.2018874,disease,weather_lag3,3
40.93912,16.999998,23.939123,573.0816,82.635445,disease,weather_lag3,3
29.780354,35.0,5.2196465,27.244709,16.114906,disease,weather_lag3,3
34.66588,41.0,6.3341217,40.121098,16.742346,disease,weather_lag3,3
40.026485,42.0,1.9735146,3.8947597,4.811896,disease,weather_lag3,3
25.496737,42.0,16.503263,272.3577,48.900925,disease,weather_lag3,3
15.556466,35.0,19.443535,378.05106,76.9181,disease,weather_lag3,3
18.402609,30.0,11.597391,134.49948,47.92052,disease,weather_lag3,3
28.561697,26.999998,1.5616989,2.4389036,5.621495,disease,weather_lag3,3
29.775574,24.0,5.7755737,33.35725,21.480286,disease,weather_lag3,3
25.02519,34.0,8.97481,80.54721,30.410099,disease,weather_lag3,3
27.590406,40.0,12.409594,153.99802,36.719982,disease,weather_lag3,3
19.043108,21.0,1.956892,3.8294263,9.773927,disease,weather_lag3,3
16.006947,11.000003,5.0069437,25.069485,37.078926,disease,weather_lag3,3
25.102865,24.0,1.1028652,1.2163117,4.4920607,disease,weather_lag3,3
37.740646,21.999998,15.740648,247.768,52.69661,disease,weather_lag3,3
29.102812,21.999998,7.1028137,50.449963,27.798134,disease,weather_lag3,3
43.683147,29.0,14.683147,215.59482,40.403168,disease,weather_lag3,3
29.86949,32.0,2.1305103,4.5390744,6.887111,disease,weather_lag3,3
26.624619,32.0,5.3753815,28.894726,18.338308,disease,weather_lag3,3
26.982592,31.0,4.0174084,16.13957,13.857291,disease,weather_lag3,3
21.640915,27.999998,6.359083,40.43794,25.620329,disease,weather_lag3,3
18.53289,15.999999,2.5328913,6.4155383,14.669442,disease,weather_lag3,3
16.711937,26.0,9.288063,86.26811,43.49165,disease,weather_lag3,3
21.753397,35.0,13.246603,175.47249,46.68127,disease,weather_lag3,3
19.715126,33.0,13.284874,176.48787,50.40251,disease,weather_lag3,3
21.685574,21.999998,0.3144245,0.098862775,1.4394891,disease,weather_lag3,3
17.15034,29.0,11.849661,140.41446,51.352436,disease,weather_lag3,3
17.511717,34.0,16.488283,271.8635,64.0176,disease,weather_lag3,3
14.772611,25.0,10.227389,104.599495,51.429306,disease,weather_lag3,3
15.114909,30.0,14.885091,221.56593,65.98746,disease,weather_lag3,3
20.026955,33.0,12.973045,168.29991,48.930004,disease,weather_lag3,3
18.830105,30.0,11.169895,124.766556,45.75004,disease,weather_lag3,3
18.410437,27.999998,9.589561,91.95969,41.325024,disease,weather_lag3,3
18.06218,32.0,13.93782,194.26283,55.682034,disease,weather_lag3,3
16.797215,41.0,24.202785,585.77484,83.7507,disease,weather_lag3,3
19.084333,26.0,6.9156666,47.826443,30.6788,disease,weather_lag3,3
13.8484125,26.999998,13.151586,172.9642,64.39215,disease,weather_lag3,3
15.957118,42.0,26.042881,678.2316,89.869484,disease,weather_lag3,3
17.33771,35.0,17.66229,311.9565,67.49356,disease,weather_lag3,3
15.054761,34.0,18.94524,358.92212,77.24119,disease,weather_lag3,3
16.883715,33.0,16.116285,259.73465,64.615425,disease,weather_lag3,3
18.690681,38.0,19.309319,372.8498,68.121666,disease,weather_lag3,3
21.70866,24.0,2.2913399,5.2502384,10.025846,disease,weather_lag3,3
39.041977,25.0,14.041977,197.17711,43.852417,disease,weather_lag3,3
37.920124,46.0,8.079876,65.28439,19.256111,disease,weather_lag3,3
49.48948,40.0,9.489479,90.05022,21.208033,disease,weather_lag3,3
26.988176,13.999999,12.988177,168.69275,63.37524,disease,weather_lag3,3
23.849232,-1.2389615e-06,23.849234,568.78595,200.0,disease,weather_lag3,3
31.974,-1.2389615e-06,31.974003,1022.33685,200.0,disease,weather_lag3,3
35.720493,2.9999988,32.720493,1070.6307,169.00867,disease,weather_lag3,3
19.002213,3.9999988,15.0022135,225.0664,130.4415,disease,weather_lag3,3
36.29381,2.9999988,33.29381,1108.4779,169.46085,disease,weather_lag3,3
41.474052,2.9999988,38.474052,1480.2527,173.01797,disease,weather_lag3,3
49.090183,-1.2389615e-06,49.090183,2409.8462,200.0,disease,weather_lag3,3
32.295376,44.0,11.704624,136.99823,30.682394,disease,weather_lag3,3
20.192032,44.0,23.807968,566.81934,74.17733,disease,weather_lag3,3
18.572727,31.0,12.427273,154.4371,50.13754,disease,weather_lag3,3
24.882948,26.999998,2.1170502,4.4819016,8.1608715,disease,weather_lag3,3
26.289513,50.0,23.710487,562.1872,62.159233,disease,weather_lag3,3
23.266554,39.0,15.733446,247.54132,50.535786,disease,weather_lag3,3
22.648056,-1.2389615e-06,22.648058,512.9345,200.0,disease,weather_lag3,3
25.349277,-1.2389615e-06,25.34928,642.58594,200.0,disease,weather_lag3,3
22.953342,33.0,10.046658,100.935326,35.91084,disease,weather_lag3,3
25.009895,38.0,12.990105,168.74281,41.231953,disease,weather_lag3,3
16.7653,31.0,14.234699,202.62666,59.602676,disease,weather_lag3,3
14.52522,34.0,19.474781,379.2671,80.26664,disease,weather_lag3,3
9.814223,20.0,10.185777,103.750046,68.3283,disease,weather_lag3,3
13.479444,21.0,7.5205564,56.55877,43.623425,disease,weather_lag3,3
25.351217,37.0,11.648783,135.69414,37.36505,disease,weather_lag3,3
20.235962,21.999998,1.7640362,3.1118236,8.353242,disease,weather_lag3,3
10.749724,46.0,35.250275,1242.5819,124.230644,disease,weather_lag3,3
14.06104,26.0,11.93896,142.53877,59.603848,disease,weather_lag3,3
18.17109,31.0,12.828911,164.58095,52.180706,disease,weather_lag3,3
12.049232,32.0,19.950768,398.0331,90.583954,disease,weather_lag3,3
11.054156,23.0,11.945844,142.70319,70.15791,disease,weather_lag3,3
13.711888,23.0,9.288112,86.26902,50.60002,disease,weather_lag3,3
26.850578,32.0,5.1494217,26.516544,17.499987,disease,weather_lag3,3
22.716639,30.0,7.2833614,53.047356,27.632118,disease,weather_lag3,3
36.7364,26.999998,9.7364025,94.79753,30.552095,disease,weather_lag3,3
21.066925,26.999998,5.933073,35.201355,24.686718,disease,weather_lag3,3
27.493362,36.0,8.506638,72.362885,26.79536,disease,weather_lag3,3
27.902235,33.0,5.097765,25.987207,16.740814,disease,weather_lag3,3
33.9277,39.0,5.0723,25.728228,13.910489,disease,weather_lag3,3
19.438698,37.0,17.561302,308.39932,62.231422,disease,weather_lag3,3
29.761549,44.0,14.238451,202.73349,38.606705,disease,weather_lag3,3
30.218397,27.999998,2.218399,4.921294,7.620956,disease,weather_lag3,3
37.161915,32.0,5.161915,26.645365,14.927045,disease,weather_lag3,3
22.653915,34.0,11.346085,128.73364,40.054016,disease,weather_lag3,3
29.869005,26.999998,2.869007,8.231202,10.08988,disease,weather_lag3,3
23.393766,25.0,1.6062336,2.5799863,6.6381836,disease,weather_lag3,3
31.749388,59.0,27.250612,742.5959,60.056847,disease,weather_lag3,3
34.38479,56.0,21.615211,467.21738,47.82931,disease,weather_lag3,3
30.926228,39.0,8.073772,65.1858,23.09226,disease,weather_lag3,3
16.778,40.0,23.222,539.2613,81.799286,disease,weather_lag3,3
33.603504,42.0,8.396496,70.501144,22.211924,disease,weather_lag3,3
21.99676,49.0,27.00324,729.175,76.06894,disease,weather_lag3,3
17.305614,41.0,23.694386,561.4239,81.27651,disease,weather_lag3,3
12.251994,31.0,18.748005,351.4877,86.69198,disease,weather_lag3,3
7.648726,36.0,28.351274,803.79474,129.90654,disease,weather_lag3,3
14.291846,48.0,33.708153,1136.2396,108.226524,disease,weather_lag3,3
21.39577,48.0,26.60423,707.7851,76.67393,disease,weather_lag3,3
13.550097,65.0,51.4499,2647.0923,130.99896,disease,weather_lag3,3
17.401814,68.0,50.598186,2560.1765,118.494415,disease,weather_lag3,3
21.39822,8.999999,12.398221,153.71588,81.57202,disease,weather_lag3,3
26.282513,7.9999986,18.282515,334.25034,106.65796,disease,weather_lag3,3
23.446037,11.999999,11.446038,131.0118,64.58289,disease,weather_lag3,3
15.686484,15.999999,0.3135147,0.09829147,1.9788544,disease,weather_lag3,3
23.368925,30.0,6.631075,43.971153,24.849947,disease,weather_lag3,3
29.630138,18.0,11.630138,135.26012,48.835205,disease,weather_lag3,3
21.281696,8.999999,12.281697,150.84009,81.11631,disease,weather_lag3,3
28.08846,27.999998,0.08846283,0.007825673,0.3154404,disease,weather_lag3,3
27.282614,30.0,2.7173862,7.384188,9.487648,disease,weather_lag3,3
27.784502,38.0,10.215498,104.3564,31.057463,disease,weather_lag3,3
17.84868,34.0,16.15132,260.8651,62.30176,disease,weather_lag3,3
15.593457,32.0,16.406544,269.17468,68.944534,disease,weather_lag3,3
22.414305,36.0,13.585695,184.57112,46.514957,disease,weather_lag3,3
22.138348,46.0,23.861652,569.3785,70.03883,disease,weather_lag3,3
25.675203,46.0,20.324797,413.09735,56.71361,disease,weather_lag3,3
21.998209,19.0,2.998209,8.989257,14.62605,disease,weather_lag3,3
15.46643,53.0,37.53357,1408.7688,109.64079,disease,weather_lag3,3
10.796233,23.0,12.203767,148.93193,72.21968,disease,weather_lag3,3
11.993651,25.0,13.006349,169.1651,70.31665,disease,weather_lag3,3
22.279787,35.0,12.720213,161.80382,44.414318,disease,weather_lag3,3
17.450312,21.999998,4.5496864,20.699646,23.065403,disease,weather_lag3,3
13.8917055,21.0,7.1082945,50.52785,40.744896,disease,weather_lag3,3
15.690869,37.0,21.309132,454.0791,80.88358,disease,weather_lag3,3
26.884878,23.0,3.8848782,15.0922785,15.575373,disease,weather_lag3,3
20.511036,30.0,9.488964,90.040436,37.571846,disease,weather_lag3,3
14.828219,18.0,3.1717806,10.060192,19.3235,disease,weather_lag3,3
22.309807,43.0,20.690193,428.0841,63.36014,disease,weather_lag3,3
29.151989,25.0,4.151989,17.239012,15.334577,disease,weather_lag3,3
24.467491,15.000001,9.46749,89.63337,47.976147,disease,weather_lag3,3
15.487058,16.999998,1.5129404,2.2889886,9.314112,disease,weather_lag3,3
36.412994,4.9999986,31.412996,986.7763,151.706,disease,weather_lag3,3
36.459267,8.999999,27.459267,754.01135,120.80822,disease,weather_lag3,3
29.052525,18.0,11.052525,122.1583,46.979515,disease,weather_lag3,3
29.681503,9.999999,19.681503,387.36157,99.19737,disease,weather_lag3,3
26.78172,9.999999,16.78172,281.6261,91.25032,disease,weather_lag3,3
21.522438,27.999998,6.47756,41.958786,26.1601,disease,weather_lag3,3
29.258389,21.0,8.2583885,68.20098,32.86372,disease,weather_lag3,3
20.307474,33.0,12.692526,161.10022,47.620064,disease,weather_lag3,3
12.977965,39.0,26.022034,677.14624,100.127174,disease,weather_lag3,3
11.516589,38.0,26.48341,701.371,106.967834,disease,weather_lag3,3
18.68135,52.0,33.31865,1110.1324,94.27847,disease,weather_lag3,3
20.420803,45.0,24.579197,604.1369,75.14184,disease,weather_lag3,3
21.67597,61.0,39.324028,1546.3792,95.128075,disease,weather_lag3,3
20.135044,47.0,26.864956,721.7258,80.03259,disease,weather_lag3,3
17.172184,46.0,28.827816,831.04297,91.26743,disease,weather_lag3,3
19.375917,67.0,47.624084,2268.0535,110.27168,disease,weather_lag3,3
31.539017,59.0,27.460983,754.1056,60.661102,disease,weather_lag3,3
25.586906,46.0,20.413094,416.6944,57.030243,disease,weather_lag3,3
19.110655,48.0,28.889345,834.59424,86.09466,disease,weather_lag3,3
57.987995,63.0,5.012005,25.120193,8.285128,disease,weather_lag3,3
47.08482,88.0,40.91518,1674.052,60.57702,disease,weather_lag3,3
33.63843,65.0,31.361568,983.548,63.588947,disease,weather_lag3,3
35.72117,60.0,24.278831,589.4617,50.728237,disease,weather_lag3,3
36.65664,62.0,25.34336,642.28595,51.376896,disease,weather_lag3,3
31.216509,83.0,51.783493,2681.5303,90.676025,disease,weather_lag3,3
41.105442,84.0,42.894558,1839.9431,68.57345,disease,weather_lag3,3
61.401993,94.0,32.598007,1062.6301,41.95314,disease,weather_lag3,3
67.35911,93.0,25.640892,657.4553,31.97934,disease,weather_lag3,3
49.795216,83.0,33.204784,1102.5577,50.009007,disease,weather_lag3,3
47.47863,77.0,29.52137,871.5113,47.43203,disease,weather_lag3,3
81.17047,45.0,36.17047,1308.303,57.335873,disease,weather_lag3,3
77.033134,54.0,23.033134,530.52527,35.156197,disease,weather_lag3,3
63.253994,77.0,13.746006,188.95268,19.60159,disease,weather_lag3,3
77.258514,64.0,13.258514,175.78821,18.771986,disease,weather_lag3,3
91.43274,30.0,61.43274,3773.9814,101.17986,disease,weather_lag3,3
84.86975,90.0,5.130249,26.319454,5.867509,disease,weather_lag3,3
74.61925,75.0,0.38075256,0.14497252,0.50896204,disease,weather_lag3,3
68.456505,44.0,24.456505,598.1206,43.49505,disease,weather_lag3,3
73.56447,58.0,15.564468,242.25267,23.660595,disease,weather_lag3,3
78.45123,55.0,23.451233,549.9603,35.14577,disease,weather_lag3,3
68.01518,60.0,8.0151825,64.24315,12.522237,disease,weather_lag3,3
69.40649,73.0,3.5935135,12.91334,5.046839,disease,weather_lag3,3
65.52376,98.0,32.476242,1054.7063,39.720516,disease,weather_lag3,3
44.412716,81.0,36.587284,1338.6294,58.347004,disease,weather_lag3,3
46.13309,87.0,40.86691,1670.1042,61.392563,disease,weather_lag3,3
71.01166,88.0,16.988342,288.60376,21.367416,disease,weather_lag3,3
46.69834,103.0,56.30166,3169.8767,75.22015,disease,weather_lag3,3
76.06629,109.0,32.93371,1084.6292,35.591255,disease,weather_lag3,3
94.95171,112.0,17.048286,290.64407,16.475616,disease,weather_lag3,3
63.213314,73.0,9.786686,95.77922,14.369646,disease,weather_lag3,3
60.84119,57.0,3.8411903,14.754744,6.519266,disease,weather_lag3,3
60.62629,48.0,12.626289,159.42319,23.247208,disease,weather_lag3,3
72.151085,59.0,13.151085,172.95103,20.054861,disease,weather_lag3,3
93.94207,44.0,49.94207,2494.2104,72.4102,disease,weather_lag3,3
65.32178,78.0,12.678223,160.73734,17.69197,disease,weather_lag3,3
52.268715,65.0,12.731285,162.08562,21.713013,disease,weather_lag3,3
45.953144,59.0,13.046856,170.22044,24.86225,disease,weather_lag3,3
54.32738,61.0,6.672619,44.52384,11.571613,disease,weather_lag3,3
59.74703,68.0,8.252972,68.11154,12.920804,disease,weather_lag3,3
44.002174,84.0,39.997826,1599.826,62.49555,disease,weather_lag3,3
44.247463,46.0,1.7525368,3.0713851,3.8838468,disease,weather_lag3,3
43.763878,67.0,23.236122,539.91736,41.956135,disease,weather_lag3,3
42.059494,41.0,1.059494,1.1225276,2.551169,disease,weather_lag3,3
37.475037,46.0,8.524963,72.675,20.42518,disease,weather_lag3,3
38.220943,70.0,31.779057,1009.90845,58.729954,disease,weather_lag3,3
39.99225,74.0,34.00775,1156.5271,59.66678,disease,weather_lag3,3
54.37435,90.0,35.62565,1269.1869,49.35177,disease,weather_lag3,3
42.325733,100.0,57.674267,3326.321,81.045456,disease,weather_lag3,3
49.566135,114.0,64.43387,4151.7236,78.786316,disease,weather_lag3,3
53.8546,142.0,88.1454,7769.612,90.01106,disease,weather_lag3,3
63.813366,108.0,44.186634,1952.4586,51.43562,disease,weather_lag3,3
92.81292,126.0,33.18708,1101.3823,30.333748,disease,weather_lag3,3
78.06103,103.0,24.938972,621.95233,27.547586,disease,weather_lag3,3
65.23962,105.0,39.760384,1580.8881,46.711082,disease,weather_lag3,3
204.58537,198.0,6.585373,43.367138,3.271541,pest,weather,1
229.31642,232.0,2.6835785,7.2015934,1.1634437,pest,weather,1
215.41156,210.0,5.41156,29.284983,2.5441527,pest,weather,1
201.88737,131.0,70.887375,5025.02,42.5894,pest,weather,1
166.35944,103.0,63.359436,4014.4182,47.04453,pest,weather,1
151.40584,157.0,5.594162,31.29465,3.6277928,pest,weather,1
187.97266,165.0,22.972656,527.7429,13.016677,pest,weather,1
160.85919,202.0,41.14081,1692.566,22.675907,pest,weather,1
187.979,218.0,30.020996,901.2602,14.789433,pest,weather,1
153.09668,218.0,64.90332,4212.441,34.9792,pest,weather,1
160.59396,142.0,18.593964,345.73547,12.289712,pest,weather,1
146.9171,161.0,14.082901,198.3281,9.1472025,pest,weather,1
148.55206,170.0,21.447937,460.014,13.465892,pest,weather,1
128.4392,172.0,43.560806,1897.5438,28.998083,pest,weather,1
106.934715,222.0,115.065285,13240.02,69.96238,pest,weather,1
135.1962,186.0,50.803802,2581.0264,31.634125,pest,weather,1
180.54141,223.0,42.458588,1802.7317,21.04299,pest,weather,1
122.119095,163.0,40.880905,1671.2484,28.676373,pest,weather,1
84.23414,109.0,24.765862,613.3479,25.63301,pest,weather,1
105.05108,199.0,93.94892,8826.399,61.798115,pest,weather,1
144.29002,116.0,28.290024,800.32544,21.737307,pest,weather,1
125.46547,101.0,24.46547,598.5592,21.606358,pest,weather,1
112.761795,119.0,6.238205,38.9152,5.38329,pest,weather,1
154.87308,55.0,99.87308,9974.632,95.17474,pest,weather,1
90.08512,52.0,38.08512,1450.4764,53.608883,pest,weather,1
104.3799,61.0,43.379898,1881.8156,52.460907,pest,weather,1
172.88155,93.0,79.881546,6381.0615,60.088074,pest,weather,1
190.41351,98.0,92.41351,8540.258,64.08404,pest,weather,1
128.61311,98.0,30.613113,937.1627,27.017954,pest,weather,1
106.335205,108.0,1.6647949,2.771542,1.5534497,pest,weather,1
76.99177,46.999992,29.991776,899.5066,48.377045,pest,weather,1
34.2241,32.000008,2.2240906,4.946579,6.716861,pest,weather,1
29.047012,48.0,18.952988,359.21573,49.1985,pest,weather,1
31.150078,114.0,82.84992,6864.1094,114.15759,pest,weather,1
49.07247,85.0,35.92753,1290.7874,53.59419,pest,weather,1
35.77063,105.0,69.22937,4792.7056,98.35769,pest,weather,1
39.27735,97.0,57.72265,3331.904,84.71349,pest,weather,1
68.12845,118.0,49.87155,2487.1716,53.588318,pest,weather,1
53.4993,67.0,13.500702,182.26895,22.407934,pest,weather,1
67.56993,46.999992,20.569939,423.12238,35.908092,pest,weather,1
51.358368,90.0,38.641632,1493.1758,54.67187,pest,weather,1
26.794022,129.0,102.20598,10446.0625,131.20654,pest,weather,1
27.427055,90.0,62.572945,3915.3733,106.573296,pest,weather,1
40.187546,24.0,16.187546,262.03665,50.43828,pest,weather,1
46.773994,43.000008,3.7739868,14.242976,8.40775,pest,weather,1
94.40453,59.0,35.404533,1253.481,46.15839,pest,weather,1
90.28918,54.0,36.289177,1316.9044,50.30062,pest,weather,1
72.48509,42.0,30.485092,929.3408,53.256004,pest,weather,1
44.428795,110.0,65.571205,4299.583,84.92095,pest,weather,1
44.995964,102.0,57.004036,3249.4602,77.55864,pest,weather,1
30.288956,31.0,0.7110443,0.505584,2.3203015,pest,weather,1
35.35913,87.0,51.64087,2666.7793,84.40869,pest,weather,1
57.157135,20.0,37.157135,1380.6527,96.31548,pest,weather,1
47.160217,24.0,23.160217,536.3957,65.09316,pest,weather,1
53.75564,74.0,20.244362,409.8342,31.692318,pest,weather,1
36.510002,88.99999,52.48999,2755.199,83.64273,pest,weather,1
39.195045,126.0,86.804955,7535.1,105.093895,pest,weather,1
40.228477,84.0,43.771523,1915.9462,70.46938,pest,weather,1
43.430946,152.0,108.56905,11787.239,111.10734,pest,weather,1
27.144226,78.0,50.855774,2586.3098,96.73527,pest,weather,1
36.75112,52.0,15.2488785,232.52829,34.363235,pest,weather,1
70.61167,83.0,12.388329,153.47069,16.129412,pest,weather,1
49.132385,103.0,53.867615,2901.72,70.816765,pest,weather,1
32.669632,99.0,66.33037,4399.718,100.75272,pest,weather,1
35.62181,128.0,92.37819,8533.7295,112.91672,pest,weather,1
51.07792,118.0,66.92208,4478.565,79.16123,pest,weather,1
33.818047,52.0,18.181953,330.58344,42.373264,pest,weather,1
18.852211,40.0,21.147789,447.22897,71.86744,pest,weather,1
29.360184,88.99999,59.63981,3556.9067,100.77682,pest,weather,1
30.513298,81.0,50.486702,2548.907,90.54831,pest,weather,1
9.305321,75.0,65.69468,4315.791,155.84943,pest,weather,1
14.580269,100.0,85.41973,7296.5303,149.10025,pest,weather,1
130.71632,64.0,66.716324,4451.068,68.52669,pest,weather,1
108.93435,63.0,45.93435,2109.9644,53.43243,pest,weather,1
69.51677,57.0,12.516769,156.66951,19.786736,pest,weather,1
40.640404,69.0,28.359596,804.2667,51.732018,pest,weather,1
33.090263,82.0,48.909737,2392.1624,84.993706,pest,weather,1
63.077652,34.000008,29.077644,845.5094,59.905945,pest,weather,1
58.422035,34.000008,24.422028,596.4354,52.848923,pest,weather,1
44.06363,51.0,6.936371,48.11324,14.593113,pest,weather,1
74.977005,8.000008,66.977,4485.918,161.43507,pest,weather,1
77.34398,6.0,71.34398,5089.9634,171.20367,pest,weather,1
75.31866,10.000008,65.31865,4266.526,153.11691,pest,weather,1
54.87336,8.000008,46.873352,2197.111,149.104,pest,weather,1
55.40725,6.0,49.40725,2441.0764,160.91666,pest,weather,1
69.91863,136.0,66.08137,4366.747,64.182014,pest,weather,1
40.070198,136.0,95.9298,9202.527,108.96768,pest,weather,1
42.681183,169.0,126.31882,15956.443,119.34818,pest,weather,1
94.75505,71.0,23.75505,564.3024,28.662836,pest,weather,1
80.71019,132.0,51.28981,2630.6445,48.225063,pest,weather,1
43.0534,116.0,72.9466,5321.2065,91.72592,pest,weather,1
29.169823,2.9999998,26.169823,684.8596,162.69795,pest,weather,1
96.78768,16.0,80.78768,6526.6494,143.25621,pest,weather,1
89.69096,106.0,16.309036,265.98465,16.668154,pest,weather,1
42.049408,124.0,81.95059,6715.8994,98.706276,pest,weather,1
45.20021,127.0,81.79979,6691.2056,95.00545,pest,weather,1
82.82697,225.0,142.17303,20213.172,92.37205,pest,weather,1
128.09776,197.0,68.90224,4747.518,42.388622,pest,weather,1
87.08697,191.0,103.91303,10797.918,74.73419,pest,weather,1
65.829796,168.0,102.170204,10438.751,87.38852,pest,weather,1
57.113266,214.0,156.88673,24613.447,115.73518,pest,weather,1
87.55819,152.0,64.44181,4152.747,53.80055,pest,weather,1
66.09996,136.0,69.90004,4886.0156,69.17373,pest,weather,1
94.68389,225.99998,131.3161,17243.918,81.89754,pest,weather,1
54.544052,241.0,186.45595,34765.82,126.1781,pest,weather,1
29.49501,162.0,132.50499,17557.572,138.39001,pest,weather,1
92.743286,216.0,123.256714,15192.218,79.84414,pest,weather,1
101.799286,190.0,88.200714,7779.366,60.453003,pest,weather,1
74.48714,158.0,83.51286,6974.3984,71.842995,pest,weather,1
118.35122,165.0,46.64878,2176.1086,32.92647,pest,weather,1
170.21011,195.0,24.789886,614.53845,13.5756855,pest,weather,1
155.96428,232.0,76.03572,5781.4307,39.197277,pest,weather,1
135.2747,201.0,65.725296,4319.8145,39.09024,pest,weather,1
136.19357,285.0,148.80643,22143.354,70.6594,pest,weather,1
193.36707,237.0,43.632935,1903.833,20.277079,pest,weather,1
148.52242,190.0,41.477585,1720.39,24.505075,pest,weather,1
147.37477,183.0,35.62523,1269.157,21.566557,pest,weather,1
183.7275,233.0,49.272507,2427.78,23.647352,pest,weather,1
169.03622,186.0,16.963776,287.76968,9.556082,pest,weather,1
165.57785,205.0,39.42215,1554.1058,21.276041,pest,weather,1
163.43106,209.0,45.56894,2076.5283,24.471073,pest,weather,1
207.25563,282.0,74.74437,5586.7207,30.554321,pest,weather,1
230.04303,189.0,41.04303,1684.5303,19.588934,pest,weather,1
190.6925,185.0,5.692505,32.404613,3.0304065,pest,weather,1
200.23827,299.0,98.761734,9753.88,39.56497,pest,weather,1
175.00252,304.0,128.99748,16640.35,53.860878,pest,weather,1
175.56665,288.0,112.43335,12641.258,48.507957,pest,weather,1
191.08406,266.0,74.91594,5612.398,32.77994,pest,weather,1
146.49089,222.0,75.50911,5701.6255,40.98289,pest,weather,1
146.6564,134.0,12.656403,160.18452,9.019144,pest,weather,1
149.37428,201.0,51.625717,2665.2146,29.468897,pest,weather,1
189.56317,232.0,42.43683,1800.8844,20.133081,pest,weather,1
150.97629,298.0,147.02371,21615.973,65.49286,pest,weather,1
155.83258,248.0,92.16742,8494.833,45.64635,pest,weather,1
155.33832,59.0,96.33832,9281.071,89.8937,pest,weather,1
191.41464,35.0,156.41464,24465.541,138.16655,pest,weather,1
148.04048,32.000008,116.040474,13465.392,128.90486,pest,weather,1
107.632256,25.0,82.632256,6828.09,124.60356,pest,weather,1
159.96483,29.0,130.96483,17151.787,138.61292,pest,weather,1
197.7219,75.0,122.72189,15060.663,89.997826,pest,weather,1
95.760414,49.0,46.760414,2186.5364,64.603874,pest,weather,1
84.310486,92.0,7.689514,59.128628,8.722696,pest,weather,1
196.32838,139.0,57.328384,3286.5437,34.192387,pest,weather,1
173.9777,119.0,54.977707,3022.5483,37.5303,pest,weather,1
99.814476,82.0,17.814476,317.35556,19.596321,pest,weather,1
129.33748,217.0,87.66252,7684.718,50.622604,pest,weather,1
131.21625,205.0,73.78375,5444.042,43.89065,pest,weather,1
118.85022,155.0,36.14978,1306.8066,26.401133,pest,weather,1
154.38435,244.0,89.61565,8030.964,44.989544,pest,weather,1
152.7767,140.0,12.776703,163.24414,8.727951,pest,weather,1
72.77933,211.0,138.22067,19104.955,97.41419,pest,weather,1
132.14551,117.0,15.145508,229.38641,12.157962,pest,weather,1
161.75073,270.0,108.24927,11717.904,50.144333,pest,weather,1
159.24725,282.0,122.75275,15068.236,55.63899,pest,weather,1
115.40745,251.99998,136.59253,18657.52,74.3548,pest,weather,1
98.340004,166.0,67.659996,4577.875,51.191647,pest,weather,1
136.84843,150.0,13.151566,172.96368,9.169696,pest,weather,1
131.06659,152.0,20.93341,438.20767,14.79045,pest,weather,1
142.22766,160.0,17.772339,315.85602,11.760895,pest,weather,1
138.13785,168.0,29.862152,891.7481,19.508957,pest,weather,1
153.4945,139.0,14.494507,210.09073,9.91096,pest,weather,1
145.13948,165.0,19.86052,394.44022,12.807476,pest,weather,1
183.78438,87.0,96.78438,9367.216,71.48447,pest,weather,1
188.78719,123.0,65.787186,4327.9536,42.200058,pest,weather,1
182.47932,46.0,136.47932,18626.605,119.467545,pest,weather,1
164.83754,42.0,122.83754,15089.062,118.77683,pest,weather,1
226.85953,58.0,168.85953,28513.541,118.55634,pest,weather,1
184.56187,46.999992,137.56189,18923.273,118.81222,pest,weather,1
218.21196,143.0,75.21196,5656.839,41.644222,pest,weather,1
181.31996,159.0,22.319962,498.1807,13.117045,pest,weather,1
93.830124,133.0,39.169876,1534.2792,34.53675,pest,weather,1
141.69196,167.0,25.308044,640.49713,16.396957,pest,weather,1
145.62756,128.0,17.627563,310.731,12.884347,pest,weather,1
149.19037,256.0,106.80963,11408.297,52.720715,pest,weather,1
109.01155,200.0,90.98845,8278.897,58.890003,pest,weather,1
102.29497,288.0,185.70503,34486.36,95.16137,pest,weather,1
123.98856,211.0,87.01144,7570.99,51.9489,pest,weather,1
116.3058,190.0,73.6942,5430.835,48.118057,pest,weather,1
107.504265,101.0,6.504265,42.30546,6.238975,pest,weather,1
148.33463,128.0,20.334625,413.49698,14.717393,pest,weather,1
158.7859,206.0,47.214096,2229.171,25.885921,pest,weather,1
177.49281,198.0,20.507187,420.5447,10.922812,pest,weather,1
147.98083,203.0,55.019165,3027.1086,31.351665,pest,weather,1
176.54002,154.0,22.540024,508.05267,13.638301,pest,weather,1
163.9516,215.0,51.0484,2605.9392,26.94191,pest,weather,1
155.09439,143.0,12.094391,146.27429,8.1144705,pest,weather,1
243.6128,101.0,142.6128,20338.408,82.766975,pest,weather,1
237.08829,148.0,89.08829,7936.723,46.26902,pest,weather,1
240.91322,240.0,0.91322327,0.83397675,0.37978715,pest,weather,1
257.36905,242.0,15.369049,236.20767,6.155387,pest,weather,1
224.8656,214.0,10.865601,118.06128,4.9516754,pest,weather,1
109.681656,130.0,20.318344,412.8351,16.954443,pest,weather,1
125.58876,122.0,3.5887604,12.879201,2.8989687,pest,weather,1
141.49644,163.0,21.503555,462.4029,14.12401,pest,weather,1
131.84169,106.0,25.84169,667.79297,21.73016,pest,weather,1
125.59318,144.0,18.406822,338.8111,13.655259,pest,weather,1
162.94586,106.0,56.94586,3242.8313,42.34745,pest,weather,1
229.65697,96.0,133.65697,17864.186,82.0845,pest,weather,1
165.83635,51.0,114.83635,13187.387,105.91984,pest,weather,1
117.33626,121.0,3.663742,13.423006,3.074431,pest,weather,1
98.82497,127.0,28.175034,793.8325,24.952984,pest,weather,1
115.79613,141.0,25.203873,635.23517,19.629478,pest,weather,1
73.31399,117.0,43.686012,1908.4677,45.909405,pest,weather,1
104.039925,120.0,15.960075,254.724,14.247528,pest,weather,1
107.68834,108.0,0.31166077,0.09713244,0.28899178,pest,weather,1
126.20626,76.0,50.20626,2520.6687,49.658463,pest,weather,1
112.66866,98.0,14.668663,215.16968,13.925813,pest,weather,1
156.17426,75.0,81.174255,6589.26,70.22777,pest,weather,1
75.36859,44.0,31.368591,983.9885,52.55753,pest,weather,1
76.93743,135.0,58.06257,3371.262,54.79218,pest,weather,1
113.724754,123.0,9.275246,86.03018,7.8363123,pest,weather,1
169.50337,186.0,16.496628,272.13873,9.280716,pest,weather,1
140.71251,213.0,72.28749,5225.4814,40.873585,pest,weather,1
110.60461,144.0,33.395393,1115.2523,26.233139,pest,weather,1
115.26706,149.0,33.73294,1137.9113,25.529432,pest,weather,1
118.93352,108.0,10.933517,119.5418,9.635877,pest,weather,1
140.71619,146.0,5.2838135,27.918684,3.6857448,pest,weather,1
118.90535,125.0,6.0946503,37.14476,4.997554,pest,weather,1
118.28199,159.0,40.71801,1657.9563,29.369387,pest,weather,1
108.04497,166.0,57.955032,3358.786,42.295998,pest,weather,1
114.824875,191.0,76.175125,5802.65,49.81617,pest,weather,1
150.12495,134.0,16.124954,260.01416,11.350608,pest,weather,1
188.78857,190.0,1.2114258,1.4675524,0.6396316,pest,weather,1
200.14645,127.0,73.146454,5350.404,44.717865,pest,weather,1
200.79018,168.0,32.790176,1075.1957,17.782566,pest,weather,1
181.13249,124.0,57.132492,3264.1216,37.447662,pest,weather,1
155.52686,185.0,29.473145,868.66626,17.31032,pest,weather,1
155.87582,95.0,60.875824,3705.866,48.53064,pest,weather,1
191.7722,178.0,13.772202,189.67354,7.449019,pest,weather,1
114.71618,143.0,28.283821,799.97455,21.949587,pest,weather,1
123.37612,142.0,18.623878,346.84885,14.035836,pest,weather,1
155.78943,116.0,39.78943,1583.1986,29.279598,pest,weather,1
177.33148,173.0,4.331482,18.761736,2.4727905,pest,weather,1
173.54839,147.0,26.548386,704.8168,16.564354,pest,weather,1
178.15271,106.0,72.15271,5206.0137,50.784462,pest,weather,1
178.4554,130.0,48.4554,2347.9255,31.41809,pest,weather,1
203.78258,154.0,49.782578,2478.305,27.828396,pest,weather,1
155.27876,84.0,71.27876,5080.662,59.578007,pest,weather,1
189.46266,210.0,20.537338,421.78226,10.282482,pest,weather,3
211.98608,131.0,80.986084,6558.7456,47.22412,pest,weather,3
227.62198,103.0,124.62198,15530.638,75.38639,pest,weather,3
218.41669,157.0,61.416687,3772.0095,32.71921,pest,weather,3
275.12857,165.0,110.12857,12128.302,50.043816,pest,weather,3
316.21375,202.0,114.213745,13044.779,44.079784,pest,weather,3
246.48856,218.0,28.488556,811.59784,12.266634,pest,weather,3
195.8533,218.0,22.146698,490.47623,10.70268,pest,weather,3
158.04391,142.0,16.043915,257.4072,10.694378,pest,weather,3
141.83719,161.0,19.162811,367.21335,12.65552,pest,weather,3
154.09302,170.0,15.906982,253.03209,9.816307,pest,weather,3
186.89793,172.0,14.897934,221.94844,8.302045,pest,weather,3
144.9638,222.0,77.036194,5934.575,41.985718,pest,weather,3
122.69381,186.0,63.30619,4007.6738,41.015522,pest,weather,3
135.71846,223.0,87.28154,7618.0674,48.66298,pest,weather,3
188.90727,163.0,25.907272,671.18677,14.723919,pest,weather,3
165.08006,109.0,56.080063,3144.9734,40.92239,pest,weather,3
140.66829,199.0,58.33171,3402.5884,34.346283,pest,weather,3
156.70735,116.0,40.70735,1657.0885,29.85424,pest,weather,3
141.42015,101.0,40.42015,1633.7886,33.347187,pest,weather,3
138.4765,119.0,19.476501,379.3341,15.12876,pest,weather,3
142.49591,55.0,87.49591,7655.534,88.60529,pest,weather,3
123.76964,52.0,71.76964,5150.881,81.66329,pest,weather,3
118.55169,61.0,57.55169,3312.197,64.10598,pest,weather,3
123.612564,93.0,30.612564,937.1291,28.264809,pest,weather,3
134.23676,98.0,36.236755,1313.1024,31.206736,pest,weather,3
138.2201,98.0,40.220093,1617.6559,34.053066,pest,weather,3
115.77009,108.0,7.770088,60.37427,6.944707,pest,weather,3
103.46945,46.999992,56.46946,3188.7998,75.0577,pest,weather,3
131.3651,32.000008,99.36509,9873.421,121.64787,pest,weather,3
78.97932,48.0,30.979317,959.7181,48.794273,pest,weather,3
54.422775,114.0,59.577225,3549.4458,70.74723,pest,weather,3
54.78273,85.0,30.21727,913.0834,43.234627,pest,weather,3
55.8479,105.0,49.1521,2415.929,61.11625,pest,weather,3
44.57306,97.0,52.42694,2748.5842,74.063446,pest,weather,3
53.07406,118.0,64.92594,4215.378,75.9039,pest,weather,3
50.42334,67.0,16.57666,274.78568,28.23401,pest,weather,3
47.727066,46.999992,0.72707367,0.5286361,1.5350919,pest,weather,3
40.87037,90.0,49.12963,2413.7207,75.081375,pest,weather,3
47.55915,129.0,81.44085,6632.612,92.253334,pest,weather,3
60.507492,90.0,29.492508,869.80804,39.19075,pest,weather,3
75.02944,24.0,51.02944,2604.004,103.059135,pest,weather,3
72.87208,43.000008,29.87207,892.3406,51.560425,pest,weather,3
44.854446,59.0,14.145554,200.09668,27.241114,pest,weather,3
39.25917,54.0,14.740829,217.29205,31.61261,pest,weather,3
54.440125,42.0,12.4401245,154.7567,25.798649,pest,weather,3
112.43069,110.0,2.430687,5.908239,2.1855679,pest,weather,3
74.3832,102.0,27.616798,762.68756,31.314543,pest,weather,3
61.806908,31.0,30.806908,949.06555,66.38926,pest,weather,3
48.271027,87.0,38.728973,1499.9333,57.2613,pest,weather,3
56.771263,20.0,36.771263,1352.1257,95.79434,pest,weather,3
41.849487,24.0,17.849487,318.6042,54.212986,pest,weather,3
49.90213,74.0,24.09787,580.70734,38.89823,pest,weather,3
44.282402,88.99999,44.71759,1999.6628,67.10202,pest,weather,3
61.817024,126.0,64.182976,4119.4546,68.34628,pest,weather,3
40.356247,84.0,43.643753,1904.7772,70.19149,pest,weather,3
55.32807,152.0,96.67193,9345.462,93.255035,pest,weather,3
39.334793,78.0,38.665207,1494.9982,65.905785,pest,weather,3
36.151833,52.0,15.848167,251.16441,35.956524,pest,weather,3
39.645737,83.0,43.354263,1879.5922,70.698364,pest,weather,3
49.572838,103.0,53.427162,2854.4617,70.03496,pest,weather,3
47.8536,99.0,51.1464,2615.9543,69.6563,pest,weather,3
52.139297,128.0,75.8607,5754.846,84.224495,pest,weather,3
37.326912,118.0,80.67309,6508.147,103.87523,pest,weather,3
45.782654,52.0,6.217346,38.655396,12.716664,pest,weather,3
42.005753,40.0,2.0057526,4.023043,4.8917365,pest,weather,3
51.623817,88.99999,37.376175,1396.9784,53.157677,pest,weather,3
48.1969,81.0,32.8031,1076.0435,50.78001,pest,weather,3
38.752823,75.0,36.247177,1313.8579,63.72972,pest,weather,3
41.079002,100.0,58.920998,3471.684,83.529076,pest,weather,3
53.03103,64.0,10.968971,120.31833,18.745407,pest,weather,3
35.45906,63.0,27.54094,758.50336,55.943943,pest,weather,3
77.45014,57.0,20.450142,418.2083,30.42041,pest,weather,3
39.644928,69.0,29.355072,861.7203,54.038548,pest,weather,3
50.295563,82.0,31.704437,1005.1713,47.929707,pest,weather,3
59.46924,34.000008,25.46923,648.6817,54.497562,pest,weather,3
88.64674,34.000008,54.646736,2986.2659,89.112404,pest,weather,3
70.48405,51.0,19.484047,379.62808,32.076717,pest,weather,3
50.59104,8.000008,42.591034,1813.9962,145.3841,pest,weather,3
38.935684,6.0,32.935684,1084.7593,146.59033,pest,weather,3
79.48085,10.000008,69.48084,4827.5874,155.29767,pest,weather,3
72.7338,8.000008,64.733795,4190.4644,160.36353,pest,weather,3
57.74682,6.0,51.74682,2677.7332,162.35106,pest,weather,3
42.332596,136.0,93.667404,8773.583,105.04799,pest,weather,3
57.686363,136.0,78.31364,6133.026,80.86644,pest,weather,3
48.60978,169.0,120.39022,14493.806,110.64781,pest,weather,3
69.55983,71.0,1.4401703,2.0740905,2.049192,pest,weather,3
95.98155,132.0,36.018448,1297.3286,31.597687,pest,weather,3
94.66627,116.0,21.333733,455.12814,20.253582,pest,weather,3
60.861412,2.9999998,57.861412,3347.943,181.20932,pest,weather,3
129.2006,16.0,113.20061,12814.378,155.92305,pest,weather,3
86.21052,106.0,19.789482,391.6236,20.591467,pest,weather,3
91.77115,124.0,32.22885,1038.6989,29.87318,pest,weather,3
62.332825,127.0,64.667175,4181.8438,68.310585,pest,weather,3
65.42302,225.0,159.57698,25464.812,109.892784,pest,weather,3
82.148125,197.0,114.851875,13190.953,82.2874,pest,weather,3
58.3556,191.0,132.64441,17594.54,106.38976,pest,weather,3
52.186577,168.0,115.81342,13412.749,105.19571,pest,weather,3
69.91618,214.0,144.08382,20760.146,101.49742,pest,weather,3
86.58004,152.0,65.41996,4279.771,54.841103,pest,weather,3
83.93891,136.0,52.06109,2710.357,47.341408,pest,weather,3
73.19469,225.99998,152.8053,23349.459,102.144394,pest,weather,3
82.87864,241.0,158.12137,25002.367,97.642365,pest,weather,3
123.64787,162.0,38.352127,1470.8856,26.85273,pest,weather,3
163.60693,216.0,52.393066,2745.0334,27.60385,pest,weather,3
97.34051,190.0,92.65949,8585.781,64.49455,pest,weather,3
155.91199,158.0,2.0880127,4.359797,1.3303173,pest,weather,3
146.62224,165.0,18.377762,337.74213,11.794897,pest,weather,3
112.04091,195.0,82.95909,6882.211,54.037815,pest,weather,3
101.17984,232.0,130.82016,17113.914,78.52825,pest,weather,3
125.88196,201.0,75.11804,5642.72,45.96035,pest,weather,3
120.02981,285.0,164.97018,27215.162,81.46076,pest,weather,3
95.69072,237.0,141.30928,19968.312,84.94933,pest,weather,3
88.97486,190.0,101.02514,10206.079,72.42598,pest,weather,3
140.54527,183.0,42.454727,1802.4038,26.243452,pest,weather,3
114.48739,233.0,118.51261,14045.239,68.211174,pest,weather,3
93.81104,186.0,92.18896,8498.804,65.89373,pest,weather,3
100.84876,205.0,104.15124,10847.48,68.10637,pest,weather,3
123.94532,209.0,85.05468,7234.2983,51.092285,pest,weather,3
180.20688,282.0,101.79312,10361.84,44.046562,pest,weather,3
176.57066,189.0,12.429337,154.4884,6.799964,pest,weather,3
211.95212,185.0,26.952118,726.4167,13.579531,pest,weather,3
223.57149,299.0,75.42851,5689.4604,28.86821,pest,weather,3
215.87273,304.0,88.12727,7766.4165,33.9034,pest,weather,3
191.80283,288.0,96.197174,9253.896,40.09863,pest,weather,3
201.97359,266.0,64.02641,4099.3813,27.363262,pest,weather,3
166.18085,222.0,55.819153,3115.7778,28.759354,pest,weather,3
167.37434,134.0,33.374344,1113.8468,22.1481,pest,weather,3
164.5513,201.0,36.4487,1328.5077,19.941769,pest,weather,3
183.65518,232.0,48.34482,2337.2214,23.261982,pest,weather,3
131.29059,298.0,166.70941,27792.027,77.6674,pest,weather,3
193.46184,248.0,54.538162,2974.4111,24.707983,pest,weather,3
147.55785,59.0,88.557846,7842.492,85.74629,pest,weather,3
205.47162,35.0,170.47162,29060.572,141.78107,pest,weather,3
148.51993,32.000008,116.51992,13576.892,129.09369,pest,weather,3
156.88057,25.0,131.88057,17392.484,145.01886,pest,weather,3
200.46577,29.0,171.46577,29400.512,149.4478,pest,weather,3
133.5843,75.0,58.584305,3432.1208,56.173264,pest,weather,3
148.93619,49.0,99.93619,9987.241,100.97818,pest,weather,3
146.37712,92.0,54.37712,2956.8713,45.62277,pest,weather,3
164.4364,139.0,25.436401,647.0105,16.765556,pest,weather,3
104.02588,119.0,14.974121,224.2243,13.428147,pest,weather,3
138.15668,82.0,56.156677,3153.5725,51.015194,pest,weather,3
104.4545,217.0,112.5455,12666.49,70.02267,pest,weather,3
164.69534,205.0,40.304657,1624.4653,21.804255,pest,weather,3
175.70044,155.0,20.70044,428.50818,12.519148,pest,weather,3
178.56842,244.0,65.43158,4281.2915,30.968513,pest,weather,3
67.30007,140.0,72.69993,5285.28,70.13979,pest,weather,3
95.78458,211.0,115.21542,13274.594,75.11162,pest,weather,3
101.475655,117.0,15.524345,241.0053,14.211512,pest,weather,3
161.15273,270.0,108.847275,11847.7295,50.491287,pest,weather,3
204.44936,282.0,77.550644,6014.1025,31.884367,pest,weather,3
164.77742,251.99998,87.222565,7607.776,41.85571,pest,weather,3
159.12961,166.0,6.870392,47.202286,4.226248,pest,weather,3
147.52356,150.0,2.4764404,6.132757,1.664702,pest,weather,3
135.04185,152.0,16.958145,287.57867,11.815799,pest,weather,3
114.70253,160.0,45.29747,2051.8608,32.97929,pest,weather,3
126.61109,168.0,41.38891,1713.0417,28.09732,pest,weather,3
161.39642,139.0,22.396423,501.5998,14.911244,pest,weather,3
139.80215,165.0,25.197845,634.9314,16.533903,pest,weather,3
158.22655,87.0,71.22655,5073.221,58.09041,pest,weather,3
177.97803,123.0,54.978027,3022.5835,36.532917,pest,weather,3
202.89073,46.0,156.89073,24614.701,126.071976,pest,weather,3
184.03717,42.0,142.03717,20174.559,125.67594,pest,weather,3
190.78348,58.0,132.78348,17631.451,106.74622,pest,weather,3
204.99945,46.999992,157.99945,24963.826,125.39666,pest,weather,3
234.13905,143.0,91.13905,8306.327,48.331806,pest,weather,3
215.14299,159.0,56.14299,3152.0354,30.011515,pest,weather,3
169.0538,133.0,36.053802,1299.8767,23.872438,pest,weather,3
164.06154,167.0,2.9384613,8.634555,1.7751753,pest,weather,3
161.86852,128.0,33.868515,1147.0763,23.36819,pest,weather,3
116.26118,256.0,139.73883,19526.941,75.0757,pest,weather,3
121.868904,200.0,78.131096,6104.4683,48.548397,pest,weather,3
121.77855,288.0,166.22145,27629.57,81.12746,pest,weather,3
126.01773,211.0,84.98227,7221.9863,50.431927,pest,weather,3
112.73286,190.0,77.26714,5970.2114,51.046417,pest,weather,3
133.69698,101.0,32.696976,1069.0922,27.863142,pest,weather,3
137.34003,128.0,9.340027,87.2361,7.040044,pest,weather,3
120.11895,206.0,85.88105,7375.5547,52.66854,pest,weather,3
206.20583,198.0,8.205826,67.33558,4.0602217,pest,weather,3
212.87007,203.0,9.870071,97.41831,4.7467093,pest,weather,3
219.28462,154.0,65.28462,4262.082,34.97847,pest,weather,3
177.10909,215.0,37.890915,1435.7214,19.326723,pest,weather,3
213.78088,143.0,70.78088,5009.9336,39.67751,pest,weather,3
201.89575,101.0,100.89575,10179.953,66.62078,pest,weather,3
226.30531,148.0,78.30531,6131.722,41.840343,pest,weather,3
217.19713,240.0,22.802872,519.97095,9.975072,pest,weather,3
227.12433,242.0,14.875671,221.2856,6.341889,pest,weather,3
249.24281,214.0,35.242813,1242.0559,15.215698,pest,weather,3
187.61523,130.0,57.615234,3319.5151,36.279892,pest,weather,3
200.06136,122.0,78.061356,6093.575,48.476078,pest,weather,3
140.11551,163.0,22.884491,523.69995,15.099518,pest,weather,3
230.75581,106.0,124.75581,15564.013,74.09274,pest,weather,3
219.43257,144.0,75.43257,5690.0728,41.51118,pest,weather,3
179.03966,106.0,73.03966,5334.7915,51.248764,pest,weather,3
169.68604,96.0,73.686035,5429.632,55.468506,pest,weather,3
223.12679,51.0,172.12679,29627.63,125.58189,pest,weather,3
275.13974,121.0,154.13974,23759.059,77.82089,pest,weather,3
158.9771,127.0,31.977097,1022.5347,22.363396,pest,weather,3
126.489685,141.0,14.510315,210.54924,10.849252,pest,weather,3
210.51765,117.0,93.517654,8745.552,57.10694,pest,weather,3
216.42035,120.0,96.42035,9296.884,57.32135,pest,weather,3
130.16388,108.0,22.16388,491.23755,18.612293,pest,weather,3
159.29883,76.0,83.29883,6938.695,70.80259,pest,weather,3
223.12158,98.0,125.12158,15655.41,77.92786,pest,weather,3
213.37595,75.0,138.37595,19147.902,95.96913,pest,weather,3
149.47253,44.0,105.472534,11124.455,109.031006,pest,weather,3
123.97808,135.0,11.021919,121.482704,8.511855,pest,weather,3
127.97378,123.0,4.973778,24.738466,3.9635832,pest,weather,3
150.53624,186.0,35.46376,1257.6783,21.075745,pest,weather,3
115.111046,213.0,97.888954,9582.247,59.668182,pest,weather,3
110.03017,144.0,33.969833,1153.9496,26.744724,pest,weather,3
115.78919,149.0,33.210808,1102.9578,25.084717,pest,weather,3
142.96036,108.0,34.960358,1222.2266,27.861258,pest,weather,3
167.17494,146.0,21.174942,448.37817,13.522758,pest,weather,3
162.4031,125.0,37.403107,1398.9924,26.028324,pest,weather,3
191.46158,159.0,32.46158,1053.754,18.525043,pest,weather,3
148.57245,166.0,17.427551,303.71954,11.080151,pest,weather,3
145.10826,191.0,45.89174,2106.0518,27.30771,pest,weather,3
154.23318,134.0,20.233185,409.38177,14.039455,pest,weather,3
164.648,190.0,25.352005,642.7242,14.296995,pest,weather,3
148.11478,127.0,21.114777,445.8338,15.349795,pest,weather,3
225.3868,168.0,57.386795,3293.2441,29.175762,pest,weather,3
211.16362,124.0,87.16362,7597.4966,52.012573,pest,weather,3
238.04591,185.0,53.045914,2813.869,25.078089,pest,weather,3
196.7423,95.0,101.742294,10351.494,69.748055,pest,weather,3
169.81784,178.0,8.182159,66.94773,4.704853,pest,weather,3
209.41292,143.0,66.41292,4410.676,37.6904,pest,weather,3
221.6995,142.0,79.69949,6352.0093,43.827114,pest,weather,3
143.64618,116.0,27.64618,764.3112,21.29527,pest,weather,3
146.75868,173.0,26.241318,688.60675,16.413202,pest,weather,3
126.04986,147.0,20.950142,438.90845,15.345285,pest,weather,3
94.85887,106.0,11.141129,124.12475,11.093489,pest,weather,3
114.32071,130.0,15.679291,245.84016,12.835008,pest,weather,3
120.45323,154.0,33.54677,1125.3856,24.446253,pest,weather,3
93.45439,84.0,9.4543915,89.38552,10.655574,pest,weather,3
186.56505,198.0,11.434952,130.75812,5.946953,pest,weather_lag3,1
144.73598,232.0,87.26402,7615.01,46.32636,pest,weather_lag3,1
138.61122,210.0,71.38878,5096.358,40.9561,pest,weather_lag3,1
171.09697,131.0,40.09697,1607.767,26.54576,pest,weather_lag3,1
164.04657,103.0,61.04657,3726.6836,45.719795,pest,weather_lag3,1
150.77829,157.0,6.22171,38.70968,4.042982,pest,weather_lag3,1
186.06944,165.0,21.069443,443.92142,12.003005,pest,weather_lag3,1
205.77348,202.0,3.7734833,14.239176,1.8507742,pest,weather_lag3,1
173.16098,218.0,44.83902,2010.5377,22.92612,pest,weather_lag3,1
119.24064,218.0,98.75936,9753.411,58.569073,pest,weather_lag3,1
125.58553,142.0,16.414467,269.43472,12.268576,pest,weather_lag3,1
149.65256,161.0,11.347443,128.76445,7.305552,pest,weather_lag3,1
154.85936,170.0,15.14064,229.23898,9.321351,pest,weather_lag3,1
145.0114,172.0,26.988602,728.38464,17.026896,pest,weather_lag3,1
120.778755,222.0,101.221245,10245.74,59.05923,pest,weather_lag3,1
105.46147,186.0,80.53853,6486.4546,55.265297,pest,weather_lag3,1
104.26447,223.0,118.73553,14098.125,72.56243,pest,weather_lag3,1
69.86383,163.0,93.13617,8674.346,79.99196,pest,weather_lag3,1
62.24787,109.0,46.75213,2185.7615,54.601704,pest,weather_lag3,1
84.369576,199.0,114.630424,13140.134,80.90524,pest,weather_lag3,1
91.22168,116.0,24.77832,613.96515,23.914795,pest,weather_lag3,1
68.703766,101.0,32.296234,1043.0468,38.061893,pest,weather_lag3,1
102.22588,119.0,16.774117,281.37097,15.164696,pest,weather_lag3,1
107.61514,55.0,52.615143,2768.3533,64.71125,pest,weather_lag3,1
72.450195,52.0,20.450195,418.21048,32.864864,pest,weather_lag3,1
85.504524,61.0,24.504524,600.4717,33.452244,pest,weather_lag3,1
122.66098,93.0,29.66098,879.77374,27.507042,pest,weather_lag3,1
132.7287,98.0,34.7287,1206.0825,30.103493,pest,weather_lag3,1
77.876686,98.0,20.123314,404.94775,22.883436,pest,weather_lag3,1
90.4672,108.0,17.532799,307.39905,17.66821,pest,weather_lag3,1
68.181694,46.999992,21.181702,448.6645,36.779633,pest,weather_lag3,1
58.222725,32.000008,26.222717,687.6309,58.128845,pest,weather_lag3,1
50.58647,48.0,2.5864716,6.689835,5.2471123,pest,weather_lag3,1
60.3238,114.0,53.6762,2881.1345,61.582184,pest,weather_lag3,1
66.36953,85.0,18.63047,347.09442,24.615877,pest,weather_lag3,1
53.88923,105.0,51.11077,2612.311,64.3351,pest,weather_lag3,1
67.303444,97.0,29.696556,881.88544,36.14843,pest,weather_lag3,1
91.0867,118.0,26.9133,724.3257,25.743675,pest,weather_lag3,1
100.37711,67.0,33.377113,1114.0317,39.88253,pest,weather_lag3,1
94.54067,46.999992,47.54068,2260.1162,67.176,pest,weather_lag3,1
101.424324,90.0,11.424324,130.51518,11.936126,pest,weather_lag3,1
80.08478,129.0,48.915222,2392.699,46.789845,pest,weather_lag3,1
76.609024,90.0,13.390976,179.31824,16.07473,pest,weather_lag3,1
80.82207,24.0,56.822067,3228.7473,108.41624,pest,weather_lag3,1
77.28831,43.000008,34.2883,1175.6875,57.010193,pest,weather_lag3,1
130.41533,59.0,71.41533,5100.1494,75.40607,pest,weather_lag3,1
99.64354,54.0,45.64354,2083.3328,59.414852,pest,weather_lag3,1
124.94195,42.0,82.94195,6879.3667,99.36621,pest,weather_lag3,1
89.780205,110.0,20.219795,408.84012,20.24204,pest,weather_lag3,1
58.92756,102.0,43.07244,1855.2352,53.530228,pest,weather_lag3,1
29.244461,31.0,1.755539,3.081917,5.828051,pest,weather_lag3,1
70.36793,87.0,16.632072,276.62582,21.13782,pest,weather_lag3,1
104.66166,20.0,84.66166,7167.5967,135.8263,pest,weather_lag3,1
78.44916,24.0,54.449158,2964.7107,106.29499,pest,weather_lag3,1
83.28833,74.0,9.28833,86.27308,11.810577,pest,weather_lag3,1
61.163155,88.99999,27.836838,774.8895,37.07546,pest,weather_lag3,1
57.537598,126.0,68.4624,4687.1006,74.603134,pest,weather_lag3,1
47.54332,84.0,36.45668,1329.0895,55.42916,pest,weather_lag3,1
57.355843,152.0,94.64416,8957.517,90.414635,pest,weather_lag3,1
55.290253,78.0,22.709747,515.7326,34.07563,pest,weather_lag3,1
56.39245,52.0,4.3924484,19.293604,8.104713,pest,weather_lag3,1
66.85045,83.0,16.149551,260.808,21.554226,pest,weather_lag3,1
52.787933,103.0,50.212067,2521.2517,64.462074,pest,weather_lag3,1
37.30458,99.0,61.69542,3806.3247,90.52582,pest,weather_lag3,1
39.415497,128.0,88.5845,7847.2144,105.82593,pest,weather_lag3,1
48.743454,118.0,69.256546,4796.469,83.06958,pest,weather_lag3,1
63.653824,52.0,11.653824,135.81161,20.15294,pest,weather_lag3,1
51.220833,40.0,11.220833,125.90709,24.601469,pest,weather_lag3,1
41.769043,88.99999,47.23095,2230.7627,72.23567,pest,weather_lag3,1
76.9655,81.0,4.0345,16.277191,5.1080775,pest,weather_lag3,1
75.51727,75.0,0.51727295,0.2675713,0.687327,pest,weather_lag3,1
76.81931,100.0,23.180687,537.34424,26.219633,pest,weather_lag3,1
192.06676,64.0,128.06676,16401.094,100.02606,pest,weather_lag3,1
145.66168,63.0,82.66168,6832.9536,79.23035,pest,weather_lag3,1
104.71675,57.0,47.71675,2276.8884,59.012753,pest,weather_lag3,1
99.54769,69.0,30.547691,933.16144,36.248127,pest,weather_lag3,1
82.54663,82.0,0.54663086,0.2988053,0.66440845,pest,weather_lag3,1
90.062,34.000008,56.06199,3142.9465,90.37737,pest,weather_lag3,1
76.83155,34.000008,42.831543,1834.541,77.29124,pest,weather_lag3,1
61.47818,51.0,10.47818,109.79225,18.631489,pest,weather_lag3,1
127.439186,8.000008,119.43918,14265.718,176.37314,pest,weather_lag3,1
100.076675,6.0,94.076675,8850.421,177.37485,pest,weather_lag3,1
90.49794,10.000008,80.49793,6479.917,160.19817,pest,weather_lag3,1
73.18554,8.000008,65.18553,4249.1533,160.58408,pest,weather_lag3,1
81.497765,6.0,75.497765,5699.9126,172.57072,pest,weather_lag3,1
46.79534,136.0,89.20466,7957.471,97.60058,pest,weather_lag3,1
46.68843,136.0,89.31157,7976.556,97.774734,pest,weather_lag3,1
64.014404,169.0,104.985596,11021.976,90.11082,pest,weather_lag3,1
129.49533,71.0,58.49533,3421.7036,58.350815,pest,weather_lag3,1
70.3644,132.0,61.635597,3798.9468,60.91545,pest,weather_lag3,1
63.407494,116.0,52.592506,2765.9717,58.62911,pest,weather_lag3,1
82.54538,2.9999998,79.54538,6327.4673,185.97235,pest,weather_lag3,1
130.50243,16.0,114.502426,13110.806,156.31471,pest,weather_lag3,1
86.450714,106.0,19.549286,382.1746,20.316147,pest,weather_lag3,1
54.503136,124.0,69.496864,4829.814,77.866264,pest,weather_lag3,1
45.495697,127.0,81.5043,6642.951,94.5001,pest,weather_lag3,1
59.065155,225.0,165.93484,27534.373,116.82873,pest,weather_lag3,1
84.05482,197.0,112.94518,12756.614,80.37235,pest,weather_lag3,1
29.19474,191.0,161.80527,26180.945,146.9656,pest,weather_lag3,1
31.84327,168.0,136.15674,18538.658,136.26352,pest,weather_lag3,1
70.92754,214.0,143.07245,20469.725,100.427246,pest,weather_lag3,1
67.61414,152.0,84.38586,7120.9727,76.849205,pest,weather_lag3,1
106.28234,136.0,29.717659,883.1393,24.531427,pest,weather_lag3,1
42.331284,225.99998,183.6687,33734.19,136.89697,pest,weather_lag3,1
90.03549,241.0,150.96451,22790.283,91.20744,pest,weather_lag3,1
110.18677,162.0,51.813232,2684.611,38.071823,pest,weather_lag3,1
98.914734,216.0,117.085266,13708.96,74.35998,pest,weather_lag3,1
112.766075,190.0,77.233925,5965.079,51.018875,pest,weather_lag3,1
109.93214,158.0,48.067863,2310.5195,35.880627,pest,weather_lag3,1
122.376625,165.0,42.623375,1816.7521,29.663774,pest,weather_lag3,1
123.0124,195.0,71.9876,5182.215,45.27346,pest,weather_lag3,1
144.33195,232.0,87.668045,7685.686,46.590805,pest,weather_lag3,1
125.40189,201.0,75.59811,5715.0737,46.3221,pest,weather_lag3,1
137.66391,285.0,147.33609,21707.924,69.71785,pest,weather_lag3,1
129.49187,237.0,107.50813,11557.999,58.66877,pest,weather_lag3,1
174.46104,190.0,15.538956,241.45914,8.527086,pest,weather_lag3,1
134.8089,183.0,48.1911,2322.3823,30.327093,pest,weather_lag3,1
193.25957,233.0,39.740433,1579.302,18.646118,pest,weather_lag3,1
171.4983,186.0,14.501694,210.29912,8.112875,pest,weather_lag3,1
202.13614,205.0,2.863861,8.2017,1.4068321,pest,weather_lag3,1
121.42387,209.0,87.57613,7669.579,53.008358,pest,weather_lag3,1
155.43036,282.0,126.56964,16019.874,57.869617,pest,weather_lag3,1
137.13817,189.0,51.86183,2689.6497,31.803593,pest,weather_lag3,1
151.42342,185.0,33.576584,1127.387,19.960909,pest,weather_lag3,1
166.0773,299.0,132.9227,17668.443,57.161552,pest,weather_lag3,1
135.96501,304.0,168.03499,28235.758,76.38561,pest,weather_lag3,1
118.49638,288.0,169.50362,28731.477,83.397354,pest,weather_lag3,1
104.58413,266.0,161.41586,26055.08,87.11429,pest,weather_lag3,1
118.060295,222.0,103.939705,10803.462,61.13016,pest,weather_lag3,1
102.23655,134.0,31.76345,1008.9168,26.891226,pest,weather_lag3,1
89.530334,201.0,111.469666,12425.486,76.7353,pest,weather_lag3,1
147.38498,232.0,84.61502,7159.7017,44.606415,pest,weather_lag3,1
131.5517,298.0,166.4483,27705.037,77.49861,pest,weather_lag3,1
113.94085,248.0,134.05914,17971.854,74.07793,pest,weather_lag3,1
136.55856,59.0,77.55856,6015.3306,79.32004,pest,weather_lag3,1
114.108955,35.0,79.108955,6258.227,106.108925,pest,weather_lag3,1
111.81,32.000008,79.80999,6369.6343,110.99366,pest,weather_lag3,1
131.70294,25.0,106.70294,11385.518,136.185,pest,weather_lag3,1
174.01796,29.0,145.01796,21030.209,142.8622,pest,weather_lag3,1
149.76208,75.0,74.762085,5589.369,66.52553,pest,weather_lag3,1
159.55684,49.0,110.55684,12222.814,106.02082,pest,weather_lag3,1
145.21051,92.0,53.21051,2831.3584,44.863533,pest,weather_lag3,1
137.7425,139.0,1.2575073,1.5813247,0.9087924,pest,weather_lag3,1
100.82255,119.0,18.177452,330.41977,16.538296,pest,weather_lag3,1
74.14132,82.0,7.8586807,61.75886,10.0661125,pest,weather_lag3,1
110.93043,217.0,106.06957,11250.754,64.69029,pest,weather_lag3,1
147.51175,205.0,57.48825,3304.899,32.61636,pest,weather_lag3,1
194.50848,155.0,39.508484,1560.9203,22.608025,pest,weather_lag3,1
156.65674,244.0,87.34326,7628.845,43.600048,pest,weather_lag3,1
138.277,140.0,1.7230072,2.9687538,1.2383398,pest,weather_lag3,1
18.722801,211.0,192.27719,36970.52,167.39929,pest,weather_lag3,1
59.99006,117.0,57.00994,3250.1333,64.42164,pest,weather_lag3,1
124.67492,270.0,145.32507,21119.377,73.64292,pest,weather_lag3,1
106.72831,282.0,175.2717,30720.168,90.17697,pest,weather_lag3,1
98.12018,251.99998,153.8798,23678.994,87.90113,pest,weather_lag3,1
76.77741,166.0,89.22259,7960.67,73.50156,pest,weather_lag3,1
114.9023,150.0,35.097702,1231.8486,26.498604,pest,weather_lag3,1
138.69421,152.0,13.305786,177.04395,9.1544895,pest,weather_lag3,1
144.31792,160.0,15.682083,245.92773,10.306381,pest,weather_lag3,1
121.96537,168.0,46.03463,2119.1873,31.751812,pest,weather_lag3,1
129.92699,139.0,9.073013,82.31957,6.747566,pest,weather_lag3,1
150.49612,165.0,14.503876,210.36241,9.194328,pest,weather_lag3,1
150.30247,87.0,63.302475,4007.2034,53.35172,pest,weather_lag3,1
144.41098,123.0,21.41098,458.43008,16.013538,pest,weather_lag3,1
129.8204,46.0,83.820404,7025.8604,95.347755,pest,weather_lag3,1
130.56563,42.0,88.56563,7843.8706,102.64573,pest,weather_lag3,1
155.51515,58.0,97.51515,9509.205,91.342606,pest,weather_lag3,1
155.9711,46.999992,108.97111,11874.702,107.37598,pest,weather_lag3,1
193.8275,143.0,50.8275,2583.4348,30.180136,pest,weather_lag3,1
155.0874,159.0,3.9125977,15.30842,2.491407,pest,weather_lag3,1
38.00817,133.0,94.99183,9023.447,111.09624,pest,weather_lag3,1
102.23678,167.0,64.76322,4194.275,48.10875,pest,weather_lag3,1
105.09592,128.0,22.904083,524.59705,19.652067,pest,weather_lag3,1
139.4186,256.0,116.581406,13591.225,58.966076,pest,weather_lag3,1
82.84867,200.0,117.15133,13724.434,82.83676,pest,weather_lag3,1
115.94385,288.0,172.05615,29603.32,85.188156,pest,weather_lag3,1
110.46163,211.0,100.53837,10107.964,62.55077,pest,weather_lag3,1
123.2031,190.0,66.7969,4461.8257,42.654045,pest,weather_lag3,1
130.42426,101.0,29.424255,865.7868,25.428844,pest,weather_lag3,1
192.4081,128.0,64.4081,4148.403,40.20379,pest,weather_lag3,1
227.58392,206.0,21.583923,465.86575,9.956054,pest,weather_lag3,1
234.87297,198.0,36.87297,1359.616,17.036394,pest,weather_lag3,1
223.82574,203.0,20.825745,433.71164,9.75843,pest,weather_lag3,1
245.6733,154.0,91.673294,8403.993,45.874115,pest,weather_lag3,1
188.98096,215.0,26.019043,676.9906,12.881322,pest,weather_lag3,1
184.0002,143.0,41.0002,1681.0162,25.07656,pest,weather_lag3,1
228.41058,101.0,127.41058,16233.457,77.356705,pest,weather_lag3,1
265.93964,148.0,117.93964,13909.758,56.98398,pest,weather_lag3,1
305.4596,240.0,65.459595,4284.9585,24.001629,pest,weather_lag3,1
257.08078,242.0,15.08078,227.42993,6.0434227,pest,weather_lag3,1
236.90968,214.0,22.909683,524.8536,10.16154,pest,weather_lag3,1
110.00006,130.0,19.999939,399.99756,16.666613,pest,weather_lag3,1
77.08467,122.0,44.91533,2017.3867,45.121838,pest,weather_lag3,1
115.35117,163.0,47.648827,2270.4106,34.236485,pest,weather_lag3,1
139.11295,106.0,33.112946,1096.4672,27.01852,pest,weather_lag3,1
142.94801,144.0,1.0519867,1.106676,0.73322463,pest,weather_lag3,1
175.85378,106.0,69.853775,4879.55,49.56739,pest,weather_lag3,1
172.36647,96.0,76.36647,5831.838,56.912083,pest,weather_lag3,1
185.7496,51.0,134.7496,18157.455,113.83301,pest,weather_lag3,1
136.73764,121.0,15.73764,247.67332,12.212139,pest,weather_lag3,1
97.83501,127.0,29.164993,850.59686,25.943464,pest,weather_lag3,1
110.04938,141.0,30.950623,957.94104,24.657001,pest,weather_lag3,1
133.69873,117.0,16.69873,278.8476,13.321752,pest,weather_lag3,1
175.85806,120.0,55.858063,3120.1233,37.76004,pest,weather_lag3,1
81.76437,108.0,26.235626,688.3081,27.650742,pest,weather_lag3,1
126.58116,76.0,50.58116,2558.4539,49.936687,pest,weather_lag3,1
139.03296,98.0,41.03296,1683.7037,34.622154,pest,weather_lag3,1
173.40912,75.0,98.40912,9684.3545,79.23149,pest,weather_lag3,1
118.11094,44.0,74.11094,5492.431,91.43237,pest,weather_lag3,1
163.01218,135.0,28.012177,784.682,18.799349,pest,weather_lag3,1
179.86087,123.0,56.86087,3233.1587,37.549168,pest,weather_lag3,1
193.33397,186.0,7.333969,53.7871,3.8667607,pest,weather_lag3,1
117.123474,213.0,95.876526,9192.309,58.08525,pest,weather_lag3,1
92.62885,144.0,51.371147,2638.9949,43.419178,pest,weather_lag3,1
80.55386,149.0,68.44614,4684.8735,59.634052,pest,weather_lag3,1
112.72054,108.0,4.720543,22.283525,4.2773933,pest,weather_lag3,1
127.95577,146.0,18.044228,325.59415,13.173095,pest,weather_lag3,1
151.28485,125.0,26.284851,690.8934,19.027355,pest,weather_lag3,1
131.1176,159.0,27.8824,777.4283,19.221445,pest,weather_lag3,1
114.66248,166.0,51.337517,2635.5405,36.5831,pest,weather_lag3,1
134.2377,191.0,56.7623,3221.9585,34.905113,pest,weather_lag3,1
163.00255,134.0,29.002548,841.1478,19.530167,pest,weather_lag3,1
194.63507,190.0,4.635071,21.483881,2.4101133,pest,weather_lag3,1
213.52414,127.0,86.52414,7486.427,50.81821,pest,weather_lag3,1
242.98985,168.0,74.98985,5623.478,36.492313,pest,weather_lag3,1
188.39075,124.0,64.39075,4146.1685,41.22449,pest,weather_lag3,1
167.0557,185.0,17.944305,321.9981,10.1940155,pest,weather_lag3,1
174.51514,95.0,79.51514,6322.6567,59.006065,pest,weather_lag3,1
181.04468,178.0,3.0446777,9.270062,1.6959882,pest,weather_lag3,1
106.04892,143.0,36.95108,1365.3823,29.673752,pest,weather_lag3,1
118.22974,142.0,23.770264,565.02545,18.268677,pest,weather_lag3,1
129.41908,116.0,13.419083,180.07178,10.935647,pest,weather_lag3,1
179.86853,173.0,6.8685303,47.17671,3.8929687,pest,weather_lag3,1
150.18126,147.0,3.1812592,10.12041,2.1409552,pest,weather_lag3,1
135.3009,106.0,29.300903,858.5429,24.28578,pest,weather_lag3,1
139.74194,130.0,9.741943,94.905464,7.2231584,pest,weather_lag3,1
160.83981,154.0,6.839813,46.783047,4.344948,pest,weather_lag3,1
155.61128,84.0,71.61128,5128.176,59.77288,pest,weather_lag3,1
193.72394,210.0,16.276062,264.9102,8.062966,pest,weather_lag3,3
201.44478,131.0,70.44478,4962.467,42.379837,pest,weather_lag3,3
241.2187,103.0,138.2187,19104.41,80.308655,pest,weather_lag3,3
234.39896,157.0,77.39896,5990.5986,39.549904,pest,weather_lag3,3
187.96564,165.0,22.965637,527.4205,13.0129595,pest,weather_lag3,3
211.32942,202.0,9.329422,87.03812,4.5142794,pest,weather_lag3,3
161.69444,218.0,56.305557,3170.3157,29.65835,pest,weather_lag3,3
92.49987,218.0,125.50013,15750.282,80.83748,pest,weather_lag3,3
71.2016,142.0,70.7984,5012.4136,66.41451,pest,weather_lag3,3
78.883835,161.0,82.116165,6743.0645,68.46328,pest,weather_lag3,3
108.99824,170.0,61.001762,3721.215,43.729137,pest,weather_lag3,3
88.784515,172.0,83.215485,6924.817,63.819344,pest,weather_lag3,3
66.15978,222.0,155.84021,24286.172,108.16235,pest,weather_lag3,3
79.3285,186.0,106.6715,11378.81,80.40712,pest,weather_lag3,3
87.363,223.0,135.637,18397.395,87.40539,pest,weather_lag3,3
86.79451,163.0,76.20549,5807.277,61.014545,pest,weather_lag3,3
64.16153,109.0,44.83847,2010.4884,51.788025,pest,weather_lag3,3
78.497215,199.0,120.502785,14520.921,86.849724,pest,weather_lag3,3
73.76101,116.0,42.23899,1784.1323,44.51809,pest,weather_lag3,3
93.20764,101.0,7.7923584,60.720848,8.02477,pest,weather_lag3,3
100.91023,119.0,18.089767,327.2397,16.451956,pest,weather_lag3,3
99.86561,55.0,44.86561,2012.9229,57.94135,pest,weather_lag3,3
74.86721,52.0,22.86721,522.9093,36.049046,pest,weather_lag3,3
67.31774,61.0,6.3177414,39.913857,9.847026,pest,weather_lag3,3
81.01155,93.0,11.988449,143.72292,13.778912,pest,weather_lag3,3
76.69531,98.0,21.304688,453.8897,24.39068,pest,weather_lag3,3
76.23957,98.0,21.76043,473.5163,24.977598,pest,weather_lag3,3
58.37343,108.0,49.62657,2462.7966,59.656845,pest,weather_lag3,3
70.4539,46.999992,23.45391,550.08594,39.93722,pest,weather_lag3,3
71.49888,32.000008,39.49887,1560.1608,76.32714,pest,weather_lag3,3
57.67444,48.0,9.674438,93.59476,18.309893,pest,weather_lag3,3
63.08757,114.0,50.91243,2592.0754,57.499718,pest,weather_lag3,3
64.275665,85.0,20.724335,429.49805,27.76653,pest,weather_lag3,3
68.90564,105.0,36.09436,1302.8029,41.51028,pest,weather_lag3,3
44.623665,97.0,52.376335,2743.2805,73.96552,pest,weather_lag3,3
45.008247,118.0,72.99175,5327.796,89.55591,pest,weather_lag3,3
47.734245,67.0,19.265755,371.1693,33.583267,pest,weather_lag3,3
44.011353,46.999992,2.9886398,8.931968,6.5676203,pest,weather_lag3,3
50.4563,90.0,39.5437,1563.7043,56.307484,pest,weather_lag3,3
49.02826,129.0,79.97174,6395.4795,89.84163,pest,weather_lag3,3
84.790596,90.0,5.209404,27.13789,5.9607377,pest,weather_lag3,3
118.22433,24.0,94.22433,8878.224,132.50099,pest,weather_lag3,3
100.69908,43.000008,57.699074,3329.183,80.30541,pest,weather_lag3,3
107.5418,59.0,48.5418,2356.3064,58.29383,pest,weather_lag3,3
55.668465,54.0,1.6684647,2.7837744,3.0427427,pest,weather_lag3,3
54.551033,42.0,12.551033,157.52843,25.998753,pest,weather_lag3,3
48.51789,110.0,61.48211,3780.0498,77.5712,pest,weather_lag3,3
62.46849,102.0,39.53151,1562.7402,48.071835,pest,weather_lag3,3
46.408836,31.0,15.408836,237.43224,39.81157,pest,weather_lag3,3
36.738632,87.0,50.261368,2526.205,81.23795,pest,weather_lag3,3
36.294464,20.0,16.294464,265.50955,57.89011,pest,weather_lag3,3
62.379364,24.0,38.379364,1472.9756,88.86234,pest,weather_lag3,3
58.554245,74.0,15.445755,238.57135,23.304806,pest,weather_lag3,3
47.213356,88.99999,41.786636,1746.1229,61.354683,pest,weather_lag3,3
53.70053,126.0,72.29947,5227.2134,80.46661,pest,weather_lag3,3
58.796944,84.0,25.203056,635.19403,35.299156,pest,weather_lag3,3
41.993256,152.0,110.006744,12101.483,113.41295,pest,weather_lag3,3
41.108017,78.0,36.891983,1361.0184,61.9471,pest,weather_lag3,3
40.568405,52.0,11.431595,130.68137,24.698696,pest,weather_lag3,3
47.91176,83.0,35.08824,1231.1847,53.605946,pest,weather_lag3,3
39.707428,103.0,63.292572,4005.9497,88.70256,pest,weather_lag3,3
43.702812,99.0,55.297188,3057.779,77.49979,pest,weather_lag3,3
55.927002,128.0,72.073,5194.517,78.37131,pest,weather_lag3,3
48.516167,118.0,69.48383,4828.003,83.455956,pest,weather_lag3,3
44.27675,52.0,7.7232513,59.648613,16.043856,pest,weather_lag3,3
50.41385,40.0,10.413849,108.44825,23.03596,pest,weather_lag3,3
35.666405,88.99999,53.333588,2844.4717,85.562096,pest,weather_lag3,3
40.6939,81.0,40.3061,1624.5817,66.24177,pest,weather_lag3,3
34.016624,75.0,40.983376,1679.6371,75.187386,pest,weather_lag3,3
63.16665,100.0,36.83335,1356.6958,45.148132,pest,weather_lag3,3
93.58786,64.0,29.58786,875.44147,37.550938,pest,weather_lag3,3
64.50977,63.0,1.5097733,2.2794154,2.3680904,pest,weather_lag3,3
142.14941,57.0,85.149414,7250.423,85.5131,pest,weather_lag3,3
95.57544,69.0,26.57544,706.25397,32.295753,pest,weather_lag3,3
67.23069,82.0,14.76931,218.13252,19.793932,pest,weather_lag3,3
78.03538,34.000008,44.03537,1939.1138,78.60976,pest,weather_lag3,3
83.66197,34.000008,49.661964,2466.3108,84.414635,pest,weather_lag3,3
62.363243,51.0,11.363243,129.12329,20.047491,pest,weather_lag3,3
41.857857,8.000008,33.85785,1146.354,135.81749,pest,weather_lag3,3
36.725243,6.0,30.725243,944.0405,143.82712,pest,weather_lag3,3
76.52011,10.000008,66.5201,4424.9243,153.76794,pest,weather_lag3,3
64.738266,8.000008,56.73826,3219.23,156.0066,pest,weather_lag3,3
45.64827,6.0,39.64827,1571.9852,153.53183,pest,weather_lag3,3
36.87858,136.0,99.12142,9825.057,114.67173,pest,weather_lag3,3
54.7873,136.0,81.2127,6595.5024,85.134285,pest,weather_lag3,3
45.400116,169.0,123.599884,15276.932,115.29834,pest,weather_lag3,3
22.993797,71.0,48.006203,2304.5955,102.147606,pest,weather_lag3,3
22.317154,132.0,109.682846,12030.327,142.1525,pest,weather_lag3,3
25.39119,116.0,90.60881,8209.956,128.16754,pest,weather_lag3,3
47.84867,2.9999998,44.84867,2011.4033,176.40057,pest,weather_lag3,3
123.099434,16.0,107.099434,11470.289,153.98976,pest,weather_lag3,3
134.71959,106.0,28.71959,824.8148,23.861446,pest,weather_lag3,3
91.53956,124.0,32.46044,1053.6803,30.120173,pest,weather_lag3,3
135.59514,127.0,8.595139,73.8764,6.546304,pest,weather_lag3,3
107.9705,225.0,117.0295,13695.904,70.29422,pest,weather_lag3,3
57.622917,197.0,139.37708,19425.969,109.47725,pest,weather_lag3,3
46.698128,191.0,144.30188,20823.033,121.41609,pest,weather_lag3,3
51.06359,168.0,116.93641,13674.124,106.76024,pest,weather_lag3,3
80.159195,214.0,133.8408,17913.361,90.9989,pest,weather_lag3,3
99.26168,152.0,52.73832,2781.3303,41.9788,pest,weather_lag3,3
73.403336,136.0,62.596664,3918.3423,59.785736,pest,weather_lag3,3
80.370995,225.99998,145.629,21207.805,95.0671,pest,weather_lag3,3
115.37728,241.0,125.62272,15781.067,70.49984,pest,weather_lag3,3
112.7704,162.0,49.2296,2423.5535,35.833263,pest,weather_lag3,3
115.994484,216.0,100.005516,10001.104,60.24529,pest,weather_lag3,3
91.807724,190.0,98.192276,9641.723,69.68742,pest,weather_lag3,3
129.92188,158.0,28.078125,788.3811,19.503988,pest,weather_lag3,3
217.55573,165.0,52.555725,2762.1042,27.476114,pest,weather_lag3,3
219.6184,195.0,24.618393,606.06525,11.875205,pest,weather_lag3,3
178.48709,232.0,53.51291,2863.6313,26.072884,pest,weather_lag3,3
166.06511,201.0,34.93489,1220.4465,19.03471,pest,weather_lag3,3
114.50812,285.0,170.49188,29067.482,85.35089,pest,weather_lag3,3
122.56015,237.0,114.43985,13096.4795,63.65547,pest,weather_lag3,3
126.64205,190.0,63.35795,4014.2295,40.018658,pest,weather_lag3,3
124.59654,183.0,58.403458,3410.9639,37.974064,pest,weather_lag3,3
156.79362,233.0,76.206375,5807.4116,39.100883,pest,weather_lag3,3
188.18239,186.0,2.1823883,4.762819,1.1664838,pest,weather_lag3,3
160.80563,205.0,44.194366,1953.142,24.16276,pest,weather_lag3,3
173.45862,209.0,35.54138,1263.1898,18.58574,pest,weather_lag3,3
109.204285,282.0,172.79572,29858.36,88.3404,pest,weather_lag3,3
124.33748,189.0,64.66252,4181.2417,41.273407,pest,weather_lag3,3
128.49817,185.0,56.50183,3192.457,36.046036,pest,weather_lag3,3
166.75688,299.0,132.24312,17488.242,56.786327,pest,weather_lag3,3
176.45282,304.0,127.54718,16268.283,53.09457,pest,weather_lag3,3
172.08443,288.0,115.91557,13436.42,50.388832,pest,weather_lag3,3
126.47778,266.0,139.52222,19466.45,71.09815,pest,weather_lag3,3
122.81012,222.0,99.18988,9838.633,57.533043,pest,weather_lag3,3
136.90186,134.0,2.9018555,8.420765,2.1423666,pest,weather_lag3,3
135.90099,201.0,65.099014,4237.882,38.645782,pest,weather_lag3,3
117.993484,232.0,114.006516,12997.485,65.1478,pest,weather_lag3,3
141.48497,298.0,156.51503,24496.955,71.22657,pest,weather_lag3,3
175.75464,248.0,72.24536,5219.392,34.097733,pest,weather_lag3,3
176.7593,59.0,117.75929,13867.251,99.8979,pest,weather_lag3,3
142.97122,35.0,107.97122,11657.785,121.3356,pest,weather_lag3,3
126.42948,32.000008,94.429474,8916.926,119.20694,pest,weather_lag3,3
130.04431,25.0,105.04431,11034.308,135.50232,pest,weather_lag3,3
151.94331,29.0,122.94331,15115.059,135.89153,pest,weather_lag3,3
112.072556,75.0,37.072556,1374.3744,39.63441,pest,weather_lag3,3
100.94997,49.0,51.949966,2698.799,69.289734,pest,weather_lag3,3
116.5877,92.0,24.5877,604.555,23.575405,pest,weather_lag3,3
98.53865,139.0,40.46135,1637.1208,34.067173,pest,weather_lag3,3
78.38983,119.0,40.61017,1649.1858,41.14717,pest,weather_lag3,3
68.463585,82.0,13.536415,183.23453,17.992943,pest,weather_lag3,3
69.18257,217.0,147.81743,21849.992,103.302895,pest,weather_lag3,3
67.94602,205.0,137.05399,18783.795,100.425705,pest,weather_lag3,3
99.13908,155.0,55.860924,3120.4429,43.96091,pest,weather_lag3,3
78.35293,244.0,165.64706,27438.95,102.77373,pest,weather_lag3,3
74.768684,140.0,65.231316,4255.1245,60.74565,pest,weather_lag3,3
92.59254,211.0,118.40746,14020.327,78.004196,pest,weather_lag3,3
102.63842,117.0,14.36158,206.25497,13.077476,pest,weather_lag3,3
51.077293,270.0,218.9227,47927.15,136.3676,pest,weather_lag3,3
114.39414,282.0,167.60587,28091.727,84.56526,pest,weather_lag3,3
112.832954,251.99998,139.16702,19367.46,76.290825,pest,weather_lag3,3
108.83495,166.0,57.165047,3267.8425,41.599545,pest,weather_lag3,3
109.29683,150.0,40.70317,1656.7482,31.395042,pest,weather_lag3,3
151.01292,152.0,0.9870758,0.9743186,0.6515074,pest,weather_lag3,3
156.47504,160.0,3.5249634,12.425366,2.2276406,pest,weather_lag3,3
144.61043,168.0,23.389572,547.0721,14.96404,pest,weather_lag3,3
174.32669,139.0,35.32669,1247.9751,22.549429,pest,weather_lag3,3
159.32954,165.0,5.670456,32.15407,3.496725,pest,weather_lag3,3
164.50954,87.0,77.50954,6007.7285,61.635464,pest,weather_lag3,3
151.77507,123.0,28.77507,828.00464,20.944454,pest,weather_lag3,3
179.20802,46.0,133.20802,17744.377,118.29775,pest,weather_lag3,3
173.29088,42.0,131.29088,17237.295,121.96604,pest,weather_lag3,3
160.52194,58.0,102.52194,10510.749,93.83217,pest,weather_lag3,3
141.86264,46.999992,94.86265,8998.922,100.456764,pest,weather_lag3,3
170.41985,143.0,27.419846,751.84796,17.497196,pest,weather_lag3,3
146.23907,159.0,12.760925,162.84122,8.361266,pest,weather_lag3,3
143.80583,133.0,10.805832,116.76601,7.807517,pest,weather_lag3,3
111.52704,167.0,55.47296,3077.2495,39.833088,pest,weather_lag3,3
72.7871,128.0,55.2129,3048.464,54.996456,pest,weather_lag3,3
77.30693,256.0,178.69307,31931.213,107.224335,pest,weather_lag3,3
68.073235,200.0,131.92676,17404.67,98.4259,pest,weather_lag3,3
83.97068,288.0,204.02933,41627.965,109.701836,pest,weather_lag3,3
86.21039,211.0,124.78961,15572.447,83.97392,pest,weather_lag3,3
73.59213,190.0,116.40787,13550.792,88.324234,pest,weather_lag3,3
69.97439,101.0,31.025612,962.58856,36.292698,pest,weather_lag3,3
89.51541,128.0,38.48459,1481.0636,35.38562,pest,weather_lag3,3
103.43145,206.0,102.56855,10520.308,66.294846,pest,weather_lag3,3
139.48576,198.0,58.514236,3423.9158,34.676563,pest,weather_lag3,3
152.11792,203.0,50.88208,2588.986,28.65644,pest,weather_lag3,3
164.56143,154.0,10.561432,111.543846,6.630703,pest,weather_lag3,3
159.53171,215.0,55.468292,3076.7314,29.620079,pest,weather_lag3,3
176.01205,143.0,33.012054,1089.7958,20.696432,pest,weather_lag3,3
262.34656,101.0,161.34656,26032.71,88.811386,pest,weather_lag3,3
242.24341,148.0,94.24341,8881.82,48.29981,pest,weather_lag3,3
201.68927,240.0,38.31073,1467.712,17.347366,pest,weather_lag3,3
268.94238,242.0,26.942383,725.89197,10.546153,pest,weather_lag3,3
230.67337,214.0,16.67337,278.00128,7.499154,pest,weather_lag3,3
179.45218,130.0,49.45218,2445.518,31.961113,pest,weather_lag3,3
145.8722,122.0,23.872192,569.8816,17.82357,pest,weather_lag3,3
93.55264,163.0,69.44736,4822.9355,54.138874,pest,weather_lag3,3
175.60777,106.0,69.60777,4845.242,49.43597,pest,weather_lag3,3
184.84848,144.0,40.84848,1668.5984,24.843344,pest,weather_lag3,3
169.72586,106.0,63.72586,4060.9854,46.22407,pest,weather_lag3,3
148.73497,96.0,52.73497,2780.977,43.095573,pest,weather_lag3,3
205.73251,51.0,154.73251,23942.15,120.53987,pest,weather_lag3,3
172.57037,121.0,51.570374,2659.5034,35.13323,pest,weather_lag3,3
145.16112,127.0,18.161118,329.8262,13.345857,pest,weather_lag3,3
123.24184,141.0,17.758163,315.35236,13.440843,pest,weather_lag3,3
161.23868,117.0,44.238678,1957.0607,31.799088,pest,weather_lag3,3
128.90247,120.0,8.902466,79.2539,7.153377,pest,weather_lag3,3
102.06652,108.0,5.9334793,35.206177,5.649143,pest,weather_lag3,3
96.17754,76.0,20.177544,407.13327,23.438066,pest,weather_lag3,3
69.679535,98.0,28.320465,802.04877,33.779274,pest,weather_lag3,3
81.92382,75.0,6.9238205,47.93929,8.824435,pest,weather_lag3,3
86.6746,44.0,42.6746,1821.1213,65.31431,pest,weather_lag3,3
66.808655,135.0,68.191345,4650.0596,67.5802,pest,weather_lag3,3
104.562294,123.0,18.437706,339.949,16.204536,pest,weather_lag3,3
155.68164,186.0,30.31836,919.20294,17.746553,pest,weather_lag3,3
115.22905,213.0,97.77095,9559.159,59.57483,pest,weather_lag3,3
82.10177,144.0,61.89823,3831.391,54.75254,pest,weather_lag3,3
113.78146,149.0,35.218536,1240.3453,26.80443,pest,weather_lag3,3
141.00642,108.0,33.006424,1089.4241,26.510502,pest,weather_lag3,3
142.156,146.0,3.8439941,14.776291,2.6679952,pest,weather_lag3,3
146.68794,125.0,21.687943,470.36685,15.965334,pest,weather_lag3,3
152.63518,159.0,6.3648224,40.510963,4.0847907,pest,weather_lag3,3
148.28432,166.0,17.715683,313.84543,11.273667,pest,weather_lag3,3
152.68669,191.0,38.31331,1467.9097,22.295485,pest,weather_lag3,3
126.365685,134.0,7.6343155,58.282772,5.864302,pest,weather_lag3,3
149.31194,190.0,40.688065,1655.5186,23.982689,pest,weather_lag3,3
198.67459,127.0,71.67459,5137.247,44.01608,pest,weather_lag3,3
264.9956,168.0,96.995605,9408.147,44.80212,pest,weather_lag3,3
221.2028,124.0,97.202805,9448.385,56.316345,pest,weather_lag3,3
208.2231,185.0,23.223099,539.3123,11.8116665,pest,weather_lag3,3
233.25787,95.0,138.25787,19115.24,84.23736,pest,weather_lag3,3
231.05562,178.0,53.05562,2814.8987,25.94054,pest,weather_lag3,3
235.15028,143.0,92.15028,8491.675,48.73739,pest,weather_lag3,3
131.55083,142.0,10.449173,109.18522,7.639657,pest,weather_lag3,3
103.39771,116.0,12.602287,158.81764,11.488075,pest,weather_lag3,3
115.06423,173.0,57.93577,3356.5532,40.2242,pest,weather_lag3,3
101.44265,147.0,45.55735,2075.4722,36.67434,pest,weather_lag3,3
127.51553,106.0,21.515533,462.91818,18.427498,pest,weather_lag3,3
121.32274,130.0,8.677261,75.29486,6.9052734,pest,weather_lag3,3
139.63303,154.0,14.366974,206.40994,9.785666,pest,weather_lag3,3
122.52419,84.0,38.524193,1484.1134,37.307194,pest,weather_lag3,3
