y_pred,y_true,abs_error,squared_error,smape,dataset,scenario,horizon
46.019314,45.0,1.0193138,1.0390006,2.2397747,disease,weather,1
43.72258,36.0,7.72258,59.63824,19.373632,disease,weather,1
39.758015,39.0,0.7580147,0.5745863,1.9249208,disease,weather,1
41.852314,33.0,8.852314,78.363464,23.652748,disease,weather,1
38.742397,46.0,7.2576027,52.6728,17.128622,disease,weather,1
40.809193,61.0,20.190807,407.6687,39.664017,disease,weather,1
50.98391,40.0,10.98391,120.64627,24.14473,disease,weather,1
45.988243,86.0,40.011757,1600.9407,60.629272,disease,weather,1
68.28641,85.0,16.713593,279.34418,21.807013,disease,weather,1
60.145542,89.0,28.854458,832.5797,38.693024,disease,weather,1
75.88507,75.0,0.8850708,0.78335035,1.1731721,disease,weather,1
88.07922,63.0,25.079224,628.96747,33.200096,disease,weather,1
72.92327,62.0,10.923271,119.317856,16.191826,disease,weather,1
57.705914,73.0,15.294086,233.90909,23.402287,disease,weather,1
80.35861,71.0,9.358612,87.58362,12.366144,disease,weather,1
84.45223,72.0,12.452232,155.05809,15.918253,disease,weather,1
87.40784,51.0,36.407837,1325.5306,52.609505,disease,weather,1
68.37299,53.0,15.372993,236.32893,25.33182,disease,weather,1
54.632103,44.0,10.632103,113.04161,21.559113,disease,weather,1
44.134697,54.0,9.865303,97.3242,20.105639,disease,weather,1
55.17922,56.0,0.8207817,0.67368263,1.4765021,disease,weather,1
56.40127,25.0,31.401272,986.03986,77.151794,disease,weather,1
35.11338,42.0,6.8866196,47.42553,17.861023,disease,weather,1
45.68173,21.999998,23.68173,560.82434,69.97969,disease,weather,1
36.451523,32.0,4.451523,19.816055,13.006351,disease,weather,1
46.55492,20.0,26.55492,705.16376,79.79852,disease,weather,1
41.056103,40.0,1.0561028,1.115353,2.605856,disease,weather,1
44.713364,25.0,19.713364,388.6167,56.55548,disease,weather,1
37.775406,34.0,3.775406,14.25369,10.520055,disease,weather,1
44.267876,43.0,1.2678757,1.6075087,2.9057097,disease,weather,1
43.19672,34.0,9.19672,84.57966,23.826714,disease,weather,1
36.571545,16.999998,19.571547,383.04544,73.066956,disease,weather,1
36.18355,35.0,1.1835518,1.4007949,3.3253522,disease,weather,1
39.860416,41.0,1.1395836,1.2986507,2.818644,disease,weather,1
39.36369,42.0,2.6363106,6.9501333,6.4803114,disease,weather,1
37.789326,42.0,4.2106743,17.729778,10.554481,disease,weather,1
44.96821,35.0,9.968208,99.36517,24.930428,disease,weather,1
34.5748,30.0,4.5747986,20.928782,14.168991,disease,weather,1
34.52393,26.999998,7.5239315,56.609547,24.458555,disease,weather,1
32.57608,24.0,8.57608,73.54916,30.316982,disease,weather,1
37.191677,34.0,3.191677,10.186803,8.966433,disease,weather,1
35.471313,40.0,4.5286865,20.509,12.0010805,disease,weather,1
40.484325,21.0,19.484325,379.63895,63.379814,disease,weather,1
32.544678,11.000003,21.544674,464.17297,98.95433,disease,weather,1
29.683762,24.0,5.6837616,32.305145,21.174974,disease,weather,1
28.960854,21.999998,6.9608555,48.45351,27.318441,disease,weather,1
29.718908,21.999998,7.71891,59.581573,29.849472,disease,weather,1
31.476427,29.0,2.476427,6.132691,8.189728,disease,weather,1
33.992935,32.0,1.9929352,3.9717906,6.039844,disease,weather,1
31.35812,32.0,0.64188004,0.41200998,2.0261965,disease,weather,1
30.371243,31.0,0.6287575,0.39533597,2.0490296,disease,weather,1
31.639174,27.999998,3.6391754,13.243598,12.203978,disease,weather,1
29.031282,15.999999,13.031283,169.81435,57.87658,disease,weather,1
25.231062,26.0,0.76893806,0.59126574,3.001843,disease,weather,1
32.98168,35.0,2.0183182,4.0736084,5.9378295,disease,weather,1
35.136166,33.0,2.1361656,4.5632033,6.270284,disease,weather,1
31.874102,21.999998,9.874104,97.49792,36.65622,disease,weather,1
27.815538,29.0,1.1844616,1.4029492,4.169499,disease,weather,1
29.92747,34.0,4.0725307,16.585506,12.741097,disease,weather,1
31.013424,25.0,6.013424,36.161266,21.471367,disease,weather,1
28.067818,30.0,1.9321823,3.7333286,6.654916,disease,weather,1
35.071835,33.0,2.0718346,4.2924986,6.0872,disease,weather,1
33.20373,30.0,3.2037315,10.263896,10.137793,disease,weather,1
33.21736,27.999998,5.2173634,27.22088,17.045372,disease,weather,1
31.62662,32.0,0.37338066,0.13941312,1.1736618,disease,weather,1
33.941578,41.0,7.058422,49.821323,18.837133,disease,weather,1
33.405544,26.0,7.4055443,54.842087,24.932165,disease,weather,1
31.885643,26.999998,4.885645,23.869526,16.59367,disease,weather,1
36.595654,42.0,5.4043465,29.20696,13.752277,disease,weather,1
36.04084,35.0,1.0408401,1.0833483,2.9302585,disease,weather,1
35.084236,34.0,1.0842361,1.175568,3.1388814,disease,weather,1
38.837933,33.0,5.8379326,34.081455,16.253063,disease,weather,1
36.525986,38.0,1.4740143,2.172718,3.9557054,disease,weather,1
36.778244,24.0,12.778244,163.28352,42.048744,disease,weather,1
32.31223,25.0,7.312229,53.468697,25.517168,disease,weather,1
36.472355,46.0,9.527645,90.776024,23.105066,disease,weather,1
37.25578,40.0,2.7442207,7.5307474,7.104247,disease,weather,1
37.62841,13.999999,23.62841,558.30176,91.532585,disease,weather,1
32.46706,-1.2389615e-06,32.46706,1054.11,200.0,disease,weather,1
25.95899,-1.2389615e-06,25.958992,673.86926,200.0,disease,weather,1
21.863354,2.9999988,18.863356,355.82617,151.73622,disease,weather,1
19.13184,3.9999988,15.131841,228.97261,130.83128,disease,weather,1
21.772196,2.9999988,18.772198,352.39542,151.55862,disease,weather,1
15.644279,2.9999988,12.6442795,159.8778,135.6371,disease,weather,1
15.458791,-1.2389615e-06,15.458792,238.97424,200.0,disease,weather,1
9.651111,44.0,34.34889,1179.8462,128.0454,disease,weather,1
24.373009,44.0,19.626991,385.21878,57.411514,disease,weather,1
33.957527,31.0,2.9575272,8.746967,9.106034,disease,weather,1
29.481367,26.999998,2.481369,6.157192,8.786506,disease,weather,1
27.45063,50.0,22.54937,508.4741,58.22902,disease,weather,1
43.33272,39.0,4.3327217,18.772478,10.524908,disease,weather,1
33.527348,-1.2389615e-06,33.527348,1124.083,200.0,disease,weather,1
14.509707,-1.2389615e-06,14.509708,210.53163,200.0,disease,weather,1
18.145983,33.0,14.854017,220.64183,58.084785,disease,weather,1
25.820757,38.0,12.179243,148.33397,38.16703,disease,weather,1
26.105997,31.0,4.894003,23.951265,17.140066,disease,weather,1
29.946032,34.0,4.0539684,16.43466,12.679343,disease,weather,1
23.521322,20.0,3.5213223,12.399711,16.182055,disease,weather,1
22.137531,21.0,1.1375313,1.2939774,5.273975,disease,weather,1
26.75493,37.0,10.2450695,104.96145,32.138912,disease,weather,1
33.663593,21.999998,11.663595,136.03946,41.907448,disease,weather,1
25.152609,46.0,20.847391,434.6137,58.59909,disease,weather,1
37.080177,26.0,11.080177,122.77033,35.130455,disease,weather,1
27.122858,31.0,3.877142,15.032229,13.341196,disease,weather,1
33.821033,32.0,1.8210335,3.3161628,5.5332875,disease,weather,1
27.36069,23.0,4.360689,19.01561,17.31783,disease,weather,1
27.412033,23.0,4.412033,19.466036,17.50389,disease,weather,1
33.18581,32.0,1.1858101,1.4061456,3.6382463,disease,weather,1
33.850082,30.0,3.8500824,14.823134,12.059757,disease,weather,1
35.05242,26.999998,8.0524235,64.84152,25.953615,disease,weather,1
30.452532,26.999998,3.4525337,11.919989,12.018735,disease,weather,1
32.709988,36.0,3.2900124,10.824182,9.576518,disease,weather,1
32.693665,33.0,0.30633545,0.0938414,0.93261796,disease,weather,1
32.592937,39.0,6.4070625,41.05045,17.898588,disease,weather,1
37.968792,37.0,0.96879196,0.93855786,2.5845206,disease,weather,1
37.49339,44.0,6.506611,42.335983,15.968437,disease,weather,1
38.90037,27.999998,10.900373,118.81814,32.586887,disease,weather,1
34.934544,32.0,2.9345436,8.6115465,8.768398,disease,weather,1
38.36402,34.0,4.3640213,19.044682,12.061301,disease,weather,1
35.615185,26.999998,8.615187,74.22144,27.517885,disease,weather,1
34.81368,25.0,9.813679,96.30829,32.814163,disease,weather,1
36.870262,59.0,22.129738,489.7253,46.16601,disease,weather,1
43.128548,56.0,12.871452,165.67429,25.969213,disease,weather,1
42.38083,39.0,3.3808289,11.430004,8.308661,disease,weather,1
43.510197,40.0,3.5101967,12.321481,8.4066305,disease,weather,1
41.994713,42.0,0.0052871704,2.7954171e-05,0.012589294,disease,weather,1
41.18574,49.0,7.8142586,61.062637,17.329254,disease,weather,1
40.397953,41.0,0.60204697,0.36246055,1.4792682,disease,weather,1
47.954975,31.0,16.954975,287.4712,42.948467,disease,weather,1
40.77057,36.0,4.770569,22.758327,12.428119,disease,weather,1
39.370193,48.0,8.6298065,74.473564,19.754578,disease,weather,1
48.03105,48.0,0.031051636,0.0009642041,0.06466999,disease,weather,1
50.386086,65.0,14.6139145,213.5665,25.330463,disease,weather,1
54.649868,68.0,13.350132,178.22603,21.7695,disease,weather,1
53.516132,8.999999,44.516132,1981.686,142.41487,disease,weather,1
31.506392,7.9999986,23.506393,552.55054,119.00046,disease,weather,1
31.478018,11.999999,19.47802,379.39325,89.599396,disease,weather,1
29.312418,15.999999,13.312419,177.2205,58.758373,disease,weather,1
26.798649,30.0,3.2013512,10.24865,11.272632,disease,weather,1
36.9974,18.0,18.997398,360.90115,69.08472,disease,weather,1
25.42664,8.999999,16.42664,269.83447,95.42982,disease,weather,1
28.493368,27.999998,0.49337006,0.24341401,1.7466478,disease,weather,1
32.95847,30.0,2.9584694,8.752542,9.398162,disease,weather,1
29.276804,38.0,8.723196,76.09415,25.932255,disease,weather,1
27.826912,34.0,6.173088,38.107018,19.968935,disease,weather,1
33.576313,32.0,1.576313,2.4847627,4.8075686,disease,weather,1
34.517673,36.0,1.4823265,2.1972919,4.204128,disease,weather,1
36.01734,46.0,9.982658,99.653465,24.3428,disease,weather,1
37.96378,46.0,8.036221,64.58084,19.142113,disease,weather,1
40.68634,19.0,21.68634,470.29736,72.66768,disease,weather,1
26.71295,53.0,26.28705,691.00903,65.95428,disease,weather,1
45.471317,23.0,22.471317,504.9601,65.63717,disease,weather,1
30.071892,25.0,5.071892,25.724087,18.419167,disease,weather,1
33.176693,35.0,1.823307,3.3244486,5.348769,disease,weather,1
37.255646,21.999998,15.255648,232.73479,51.49095,disease,weather,1
32.942543,21.0,11.942543,142.62433,44.27875,disease,weather,1
33.83826,37.0,3.1617393,9.996595,8.926643,disease,weather,1
37.22054,23.0,14.220539,202.22374,47.228203,disease,weather,1
30.83109,30.0,0.8310909,0.69071215,2.7324545,disease,weather,1
33.756733,18.0,15.756733,248.27463,60.887665,disease,weather,1
33.299408,43.0,9.700592,94.10149,25.4277,disease,weather,1
37.031654,25.0,12.031654,144.76071,38.791985,disease,weather,1
29.150755,15.000001,14.150754,200.24384,64.101974,disease,weather,1
27.354702,16.999998,10.354704,107.219894,46.69045,disease,weather,1
30.168053,4.9999986,25.168055,633.43097,143.13022,disease,weather,1
18.074661,8.999999,9.074662,82.349495,67.034355,disease,weather,1
21.523403,18.0,3.5234032,12.41437,17.829453,disease,weather,1
21.29952,9.999999,11.299521,127.679184,72.20253,disease,weather,1
18.740614,9.999999,8.740615,76.398346,60.82414,disease,weather,1
17.532448,27.999998,10.46755,109.56961,45.97842,disease,weather,1
25.880299,21.0,4.8802986,23.817314,20.820253,disease,weather,1
21.076918,33.0,11.923082,142.1599,44.09675,disease,weather,1
25.304527,39.0,13.695473,187.56598,42.595673,disease,weather,1
40.132065,38.0,2.1320648,4.5457006,5.4575925,disease,weather,1
37.08348,52.0,14.916519,222.50255,33.488853,disease,weather,1
45.151897,45.0,0.15189743,0.02307283,0.3369811,disease,weather,1
46.370613,61.0,14.629387,214.01897,27.250263,disease,weather,1
59.7321,47.0,12.732101,162.1064,23.858053,disease,weather,1
50.230648,46.0,4.230648,17.898382,8.792725,disease,weather,1
52.675114,67.0,14.324886,205.20236,23.939625,disease,weather,1
65.06595,59.0,6.0659485,36.79573,9.778587,disease,weather,1
53.331642,46.0,7.331642,53.752975,14.761947,disease,weather,1
52.23164,48.0,4.23164,17.906776,8.443721,disease,weather,1
52.803387,63.0,10.196613,103.970924,17.610216,disease,weather,1
59.3888,88.0,28.611198,818.60065,38.824116,disease,weather,1
64.496666,65.0,0.50333405,0.25334516,0.77736986,disease,weather,1
70.53575,60.0,10.535751,111.00206,16.142324,disease,weather,1
67.84941,62.0,5.849411,34.21561,9.00953,disease,weather,1
64.61449,83.0,18.385513,338.0271,24.910173,disease,weather,1
69.85843,84.0,14.141571,199.98402,18.382576,disease,weather,1
78.79269,94.0,15.207314,231.26239,17.6018,disease,weather,1
84.71549,93.0,8.284508,68.63307,9.3233385,disease,weather,1
78.341965,83.0,4.6580353,21.697292,5.774115,disease,weather,1
91.37109,77.0,14.371094,206.52834,17.070738,disease,weather,1
89.5491,45.0,44.549103,1984.6226,66.21984,disease,weather,1
48.637867,54.0,5.362133,28.75247,10.448645,disease,weather,1
46.800148,77.0,30.199852,912.03107,48.78807,disease,weather,1
65.24557,64.0,1.2455673,1.551438,1.9274428,disease,weather,1
75.96428,30.0,45.96428,2112.7148,86.754295,disease,weather,1
31.769815,90.0,58.230186,3390.7546,95.63977,disease,weather,1
80.10258,75.0,5.102577,26.036295,6.5796165,disease,weather,1
71.289055,44.0,27.289055,744.6925,47.340237,disease,weather,1
54.190964,58.0,3.8090363,14.508758,6.7902727,disease,weather,1
66.42491,55.0,11.4249115,130.52861,18.81807,disease,weather,1
70.561584,60.0,10.561584,111.547066,16.178701,disease,weather,1
48.744923,73.0,24.255077,588.3088,39.845734,disease,weather,1
73.41659,98.0,24.583412,604.3442,28.682652,disease,weather,1
84.19075,81.0,3.1907501,10.180886,3.86311,disease,weather,1
70.24927,87.0,16.750732,280.58704,21.304688,disease,weather,1
85.37556,88.0,2.624443,6.8877015,3.027466,disease,weather,1
80.87355,103.0,22.12645,489.57977,24.067028,disease,weather,1
86.51728,109.0,22.48272,505.4727,22.998194,disease,weather,1
87.15924,112.0,24.84076,617.0633,24.945625,disease,weather,1
103.040306,73.0,30.040306,902.42,34.128895,disease,weather,1
109.24878,57.0,52.24878,2729.935,62.856136,disease,weather,1
76.808426,48.0,28.808426,829.9254,46.164234,disease,weather,1
46.779182,59.0,12.220818,149.34839,23.106281,disease,weather,1
56.321957,44.0,12.321957,151.83061,24.564823,disease,weather,1
54.647877,78.0,23.352123,545.32166,35.209194,disease,weather,1
78.32974,65.0,13.329742,177.68204,18.600105,disease,weather,1
74.654106,59.0,15.654106,245.05104,23.424803,disease,weather,1
76.800514,61.0,15.800514,249.65625,22.932447,disease,weather,1
73.40099,68.0,5.4009933,29.170729,7.6392574,disease,weather,1
76.34204,84.0,7.657959,58.644337,9.552029,disease,weather,1
64.14588,46.0,18.145882,329.273,32.948814,disease,weather,1
67.20847,67.0,0.2084732,0.043461077,0.31067073,disease,weather,1
68.29406,41.0,27.29406,744.9657,49.9461,disease,weather,1
46.468807,46.0,0.46880722,0.2197802,1.0139791,disease,weather,1
49.49367,70.0,20.506329,420.50952,34.322037,disease,weather,1
59.78571,74.0,14.214291,202.04605,21.249342,disease,weather,1
76.68294,90.0,13.317062,177.34415,15.978914,disease,weather,1
72.81701,100.0,27.182991,738.915,31.458696,disease,weather,1
71.21835,114.0,42.781647,1830.2693,46.195904,disease,weather,1
71.10515,142.0,70.89485,5026.08,66.535095,disease,weather,1
81.96251,108.0,26.03749,677.9509,27.413294,disease,weather,1
89.34531,126.0,36.654694,1343.5665,34.042713,disease,weather,1
95.15927,103.0,7.8407288,61.477028,7.913563,disease,weather,1
109.97569,105.0,4.9756927,24.757519,4.6290746,disease,weather,1
39.714104,39.0,0.7141037,0.5099441,1.8144237,disease,weather,3
40.44337,33.0,7.443371,55.40377,20.269686,disease,weather,3
37.797585,46.0,8.202415,67.27962,19.576735,disease,weather,3
36.85238,61.0,24.147621,583.1076,49.355206,disease,weather,3
39.837063,40.0,0.16293716,0.02654852,0.40817425,disease,weather,3
39.242012,86.0,46.757988,2186.3093,74.66821,disease,weather,3
39.047592,85.0,45.952408,2111.6238,74.088356,disease,weather,3
35.32419,89.0,53.67581,2881.0928,86.34814,disease,weather,3
53.905506,75.0,21.094494,444.97766,32.728615,disease,weather,3
55.30619,63.0,7.6938095,59.194706,13.006605,disease,weather,3
59.012638,62.0,2.987362,8.924331,4.937273,disease,weather,3
60.86754,73.0,12.132462,147.19662,18.126068,disease,weather,3
59.304775,71.0,11.695225,136.77829,17.95057,disease,weather,3
69.07148,72.0,2.9285202,8.576231,4.151825,disease,weather,3
81.919914,51.0,30.919914,956.0411,46.524124,disease,weather,3
77.39032,53.0,24.39032,594.8877,37.411243,disease,weather,3
75.23464,44.0,31.234642,975.60284,52.39189,disease,weather,3
60.32728,54.0,6.327278,40.03445,11.068711,disease,weather,3
46.372803,56.0,9.627197,92.68293,18.808115,disease,weather,3
37.36988,25.0,12.369881,153.01395,39.6662,disease,weather,3
49.761726,42.0,7.7617264,60.244396,16.917131,disease,weather,3
54.914783,21.999998,32.914787,1083.3832,85.58768,disease,weather,3
49.236187,32.0,17.236187,297.08615,42.43475,disease,weather,3
48.444286,20.0,28.444286,809.07745,83.11661,disease,weather,3
44.482895,40.0,4.482895,20.096346,10.612551,disease,weather,3
45.03105,25.0,20.031052,401.24304,57.2062,disease,weather,3
39.655636,34.0,5.655636,31.986217,15.356967,disease,weather,3
45.63127,43.0,2.6312714,6.9235888,5.9375687,disease,weather,3
41.400677,34.0,7.4006767,54.770016,19.630264,disease,weather,3
37.981308,16.999998,20.98131,440.21536,76.32161,disease,weather,3
45.465885,35.0,10.465885,109.53475,26.013226,disease,weather,3
39.990276,41.0,1.0097237,1.0195419,2.493444,disease,weather,3
35.30269,42.0,6.6973114,44.85398,17.3275,disease,weather,3
38.62141,42.0,3.3785896,11.414868,8.381371,disease,weather,3
34.068535,35.0,0.93146515,0.8676273,2.6972198,disease,weather,3
30.009153,30.0,0.009153366,8.378411e-05,0.030506566,disease,weather,3
33.391197,26.999998,6.391199,40.847427,21.165995,disease,weather,3
27.320307,24.0,3.3203068,11.024437,12.939544,disease,weather,3
30.33506,34.0,3.6649399,13.431785,11.39329,disease,weather,3
28.971384,40.0,11.028616,121.63037,31.980267,disease,weather,3
34.04538,21.0,13.04538,170.18193,47.398636,disease,weather,3
32.178413,11.000003,21.17841,448.52502,98.0972,disease,weather,3
32.509937,24.0,8.509937,72.41903,30.118376,disease,weather,3
25.956192,21.999998,3.956194,15.65147,16.499199,disease,weather,3
24.867558,21.999998,2.8675594,8.222898,12.236864,disease,weather,3
29.40885,29.0,0.40884972,0.1671581,1.399958,disease,weather,3
31.059725,32.0,0.9402752,0.8841174,2.9821734,disease,weather,3
32.8255,32.0,0.8255005,0.6814511,2.5468388,disease,weather,3
30.180231,31.0,0.8197689,0.67202103,2.6798491,disease,weather,3
28.588333,27.999998,0.58833504,0.34613812,2.079351,disease,weather,3
25.367935,15.999999,9.367936,87.758224,45.29081,disease,weather,3
25.684885,26.0,0.31511497,0.09929745,1.2193699,disease,weather,3
27.656532,35.0,7.3434677,53.926517,23.44039,disease,weather,3
26.428446,33.0,6.571554,43.185326,22.115854,disease,weather,3
23.759697,21.999998,1.7596989,3.0965402,7.691042,disease,weather,3
23.512661,29.0,5.487339,30.11089,20.899109,disease,weather,3
24.798525,34.0,9.201475,84.667145,31.29832,disease,weather,3
21.055082,25.0,3.9449177,15.562375,17.131302,disease,weather,3
22.788984,30.0,7.2110157,51.99875,27.320152,disease,weather,3
26.799809,33.0,6.2001915,38.442375,20.736494,disease,weather,3
26.98494,30.0,3.0150604,9.09059,10.581955,disease,weather,3
29.979528,27.999998,1.9795303,3.9185402,6.8283772,disease,weather,3
29.480434,32.0,2.5195656,6.348211,8.196317,disease,weather,3
26.644081,41.0,14.355919,206.0924,42.445454,disease,weather,3
24.609163,26.0,1.3908367,1.9344268,5.496383,disease,weather,3
27.319187,26.999998,0.31918907,0.10188166,1.1752352,disease,weather,3
31.279036,42.0,10.720964,114.93908,29.260658,disease,weather,3
28.332424,35.0,6.667576,44.456566,21.055803,disease,weather,3
27.49981,34.0,6.5001907,42.25248,21.138897,disease,weather,3
32.402634,33.0,0.59736633,0.35684654,1.8267348,disease,weather,3
29.801525,38.0,8.198475,67.21499,24.183746,disease,weather,3
31.33796,24.0,7.3379593,53.845646,26.520527,disease,weather,3
30.142387,25.0,5.1423874,26.444149,18.651304,disease,weather,3
32.28693,46.0,13.71307,188.0483,35.03285,disease,weather,3
29.46692,40.0,10.533079,110.945755,30.325455,disease,weather,3
29.848515,13.999999,15.8485155,251.17545,72.28758,disease,weather,3
35.033962,-1.2389615e-06,35.033962,1227.3785,200.0,disease,weather,3
33.600677,-1.2389615e-06,33.600677,1129.0055,200.0,disease,weather,3
25.985067,2.9999988,22.98507,528.3134,158.5994,disease,weather,3
23.5778,3.9999988,19.577803,383.29034,141.98235,disease,weather,3
25.41893,2.9999988,22.418932,502.60852,157.77466,disease,weather,3
18.304676,2.9999988,15.304677,234.23314,143.67436,disease,weather,3
22.352734,-1.2389615e-06,22.352736,499.64478,200.0,disease,weather,3
16.433128,44.0,27.566872,759.93243,91.230995,disease,weather,3
20.309381,44.0,23.690619,561.2454,73.677025,disease,weather,3
15.651473,31.0,15.348527,235.57729,65.80082,disease,weather,3
24.545961,26.999998,2.4540367,6.022296,9.521742,disease,weather,3
30.060484,50.0,19.939516,397.5843,49.81113,disease,weather,3
26.961376,39.0,12.038624,144.92847,36.502037,disease,weather,3
18.21616,-1.2389615e-06,18.216162,331.82855,200.0,disease,weather,3
29.202875,-1.2389615e-06,29.202877,852.80804,200.0,disease,weather,3
36.998074,33.0,3.9980736,15.984592,11.423382,disease,weather,3
29.103056,38.0,8.896944,79.15562,26.517254,disease,weather,3
15.468629,31.0,15.531371,241.2235,66.846695,disease,weather,3
19.054813,34.0,14.945187,223.3586,56.33866,disease,weather,3
17.581512,20.0,2.4184875,5.849082,12.870624,disease,weather,3
19.831518,21.0,1.1684818,1.3653498,5.7234306,disease,weather,3
22.124872,37.0,14.875128,221.26942,50.31767,disease,weather,3
24.413437,21.999998,2.4134388,5.824687,10.399742,disease,weather,3
26.96968,46.0,19.03032,362.15305,52.159523,disease,weather,3
32.529057,26.0,6.5290565,42.62858,22.310478,disease,weather,3
24.400251,31.0,6.5997486,43.556683,23.825697,disease,weather,3
27.319983,32.0,4.6800175,21.902563,15.778891,disease,weather,3
18.101835,23.0,4.8981647,23.992018,23.834286,disease,weather,3
18.4942,23.0,4.5058002,20.302237,21.717735,disease,weather,3
26.829731,32.0,5.170269,26.731682,17.57706,disease,weather,3
24.895414,30.0,5.1045856,26.056795,18.597492,disease,weather,3
31.891413,26.999998,4.8914146,23.925938,16.61164,disease,weather,3
28.827332,26.999998,1.8273335,3.3391476,6.5463758,disease,weather,3
26.905281,36.0,9.094719,82.71391,28.915596,disease,weather,3
25.438549,33.0,7.561451,57.17554,25.878298,disease,weather,3
25.529224,39.0,13.470776,181.46179,41.75093,disease,weather,3
28.940523,37.0,8.059477,64.95517,24.444685,disease,weather,3
32.707676,44.0,11.292324,127.51659,29.44249,disease,weather,3
30.895208,27.999998,2.8952103,8.382242,9.831735,disease,weather,3
34.112606,32.0,2.112606,4.4631042,6.390932,disease,weather,3
32.838963,34.0,1.1610374,1.3480079,3.4741337,disease,weather,3
28.41402,26.999998,1.4140224,1.9994595,5.103483,disease,weather,3
29.447416,25.0,4.4474163,19.779512,16.336555,disease,weather,3
32.489937,59.0,26.510063,702.78345,57.951866,disease,weather,3
29.506826,56.0,26.493174,701.88824,61.967384,disease,weather,3
30.225716,39.0,8.774284,76.98807,25.349785,disease,weather,3
35.37994,40.0,4.62006,21.344954,12.258061,disease,weather,3
38.092075,42.0,3.9079247,15.271875,9.75858,disease,weather,3
32.895554,49.0,16.104446,259.35318,39.329235,disease,weather,3
33.063835,41.0,7.936165,62.98271,21.430607,disease,weather,3
36.70688,31.0,5.7068787,32.568462,16.857603,disease,weather,3
41.85462,36.0,5.854622,34.276596,15.039882,disease,weather,3
40.40671,48.0,7.5932884,57.658028,17.178082,disease,weather,3
36.428143,48.0,11.571857,133.90788,27.412323,disease,weather,3
37.42024,65.0,27.579762,760.64325,53.856075,disease,weather,3
39.51481,68.0,28.485191,811.4061,52.988403,disease,weather,3
40.050762,8.999999,31.050762,964.14984,126.60664,disease,weather,3
48.521507,7.9999986,40.521507,1641.9926,143.38438,disease,weather,3
52.79872,11.999999,40.79872,1664.5356,125.92447,disease,weather,3
35.37643,15.999999,19.37643,375.44604,75.42926,disease,weather,3
31.136238,30.0,1.1362381,1.291037,3.717069,disease,weather,3
36.040485,18.0,18.040485,325.4591,66.766556,disease,weather,3
26.556961,8.999999,17.556961,308.2469,98.754,disease,weather,3
25.374762,27.999998,2.6252365,6.8918667,9.836996,disease,weather,3
26.487156,30.0,3.512844,12.340074,12.437674,disease,weather,3
25.934774,38.0,12.065226,145.56967,37.742294,disease,weather,3
32.175217,34.0,1.8247833,3.3298342,5.515005,disease,weather,3
33.888412,32.0,1.8884125,3.5661018,5.7321534,disease,weather,3
29.654036,36.0,6.3459644,40.271263,19.331528,disease,weather,3
29.915958,46.0,16.084042,258.69638,42.373283,disease,weather,3
11.762214,46.0,34.237785,1172.226,118.54735,disease,weather,3
17.974575,19.0,1.025425,1.0514964,5.546649,disease,weather,3
29.868948,53.0,23.131052,535.0456,55.825623,disease,weather,3
33.752533,23.0,10.752533,115.61697,37.8927,disease,weather,3
25.26291,25.0,0.26291084,0.06912211,1.0461426,disease,weather,3
35.657948,35.0,0.65794754,0.43289497,1.8623457,disease,weather,3
25.91643,21.999998,3.9164314,15.338435,16.346926,disease,weather,3
29.698656,21.0,8.698656,75.66662,34.315136,disease,weather,3
31.360985,37.0,5.639015,31.798492,16.497759,disease,weather,3
31.093206,23.0,8.093206,65.49999,29.92319,disease,weather,3
30.289661,30.0,0.2896614,0.08390373,0.9608991,disease,weather,3
32.61555,18.0,14.615551,213.61433,57.75123,disease,weather,3
32.968987,43.0,10.0310135,100.62123,26.40818,disease,weather,3
35.649155,25.0,10.649155,113.404495,35.117237,disease,weather,3
29.18894,15.000001,14.188939,201.32599,64.219406,disease,weather,3
36.522984,16.999998,19.522985,381.14697,72.95179,disease,weather,3
31.582844,4.9999986,26.582846,706.6477,145.32957,disease,weather,3
22.076216,8.999999,13.076217,170.98744,84.15579,disease,weather,3
28.197554,18.0,10.197554,103.9901,44.14759,disease,weather,3
20.491482,9.999999,10.491483,110.07121,68.81583,disease,weather,3
18.40634,9.999999,8.406341,70.666565,59.186375,disease,weather,3
20.526121,27.999998,7.473877,55.858837,30.803522,disease,weather,3
17.751009,21.0,3.248991,10.555943,16.768549,disease,weather,3
18.554482,33.0,14.4455185,208.673,56.039818,disease,weather,3
20.282478,39.0,18.717522,350.3456,63.146896,disease,weather,3
20.826982,38.0,17.173018,294.91254,58.384834,disease,weather,3
26.72763,52.0,25.27237,638.6926,64.202034,disease,weather,3
27.131182,45.0,17.868818,319.29468,49.545338,disease,weather,3
25.89308,61.0,35.10692,1232.4957,80.80486,disease,weather,3
39.304176,47.0,7.6958237,59.2257,17.834187,disease,weather,3
36.471786,46.0,9.5282135,90.78685,23.106602,disease,weather,3
52.752003,67.0,14.247997,203.00543,23.79584,disease,weather,3
52.812267,59.0,6.1877327,38.288036,11.068074,disease,weather,3
48.60137,46.0,2.6013718,6.767135,5.499649,disease,weather,3
61.970154,48.0,13.970154,195.16519,25.407175,disease,weather,3
55.660404,63.0,7.339596,53.869667,12.370758,disease,weather,3
56.12285,88.0,31.877151,1016.1528,44.23608,disease,weather,3
43.622562,65.0,21.377438,456.99484,39.360954,disease,weather,3
62.316963,60.0,2.3169632,5.3683186,3.7884579,disease,weather,3
52.32823,62.0,9.671768,93.5431,16.9193,disease,weather,3
55.945923,83.0,27.054077,731.9231,38.94188,disease,weather,3
51.962914,84.0,32.037086,1026.3749,47.12621,disease,weather,3
52.096478,94.0,41.903522,1755.9052,57.364178,disease,weather,3
69.43349,93.0,23.566513,555.38055,29.016817,disease,weather,3
67.394005,83.0,15.605995,243.54709,20.753479,disease,weather,3
77.01493,77.0,0.014930725,0.00022292655,0.019388674,disease,weather,3
80.5533,45.0,35.5533,1264.0371,56.634594,disease,weather,3
79.112755,54.0,25.112755,630.65045,37.731552,disease,weather,3
71.31143,77.0,5.688568,32.359806,7.671112,disease,weather,3
50.027996,64.0,13.972004,195.21689,24.506268,disease,weather,3
43.355347,30.0,13.355347,178.36528,36.412743,disease,weather,3
71.68533,90.0,18.314667,335.42703,22.654703,disease,weather,3
71.06441,75.0,3.9355927,15.48889,5.3888454,disease,weather,3
34.602676,44.0,9.397324,88.30969,23.91095,disease,weather,3
62.273342,58.0,4.273342,18.261454,7.10605,disease,weather,3
66.476265,55.0,11.476265,131.70465,18.894663,disease,weather,3
43.507927,60.0,16.492073,271.98846,31.8663,disease,weather,3
35.798145,73.0,37.201855,1383.978,68.38693,disease,weather,3
57.970768,98.0,40.029232,1602.3395,51.329147,disease,weather,3
60.156906,81.0,20.843094,434.43457,29.531809,disease,weather,3
59.085323,87.0,27.914677,779.2292,38.21695,disease,weather,3
72.405754,88.0,15.594246,243.18051,19.443499,disease,weather,3
67.47137,103.0,35.528633,1262.2838,41.682816,disease,weather,3
61.734024,109.0,47.265976,2234.0725,55.367966,disease,weather,3
64.107185,112.0,47.892815,2293.7217,54.390533,disease,weather,3
84.06435,73.0,11.064346,122.41976,14.088935,disease,weather,3
87.85896,57.0,30.858963,952.2756,42.60553,disease,weather,3
87.00766,48.0,39.00766,1521.5975,57.785843,disease,weather,3
83.03311,59.0,24.033112,577.59045,33.84156,disease,weather,3
59.74044,44.0,15.74044,247.76146,30.345812,disease,weather,3
38.24163,78.0,39.75837,1580.7279,68.40642,disease,weather,3
46.154205,65.0,18.845795,355.16397,33.90928,disease,weather,3
36.8334,59.0,22.1666,491.35812,46.260693,disease,weather,3
66.60577,61.0,5.6057663,31.424616,8.78607,disease,weather,3
64.48301,68.0,3.5169907,12.369224,5.309346,disease,weather,3
46.188866,84.0,37.811134,1429.6819,58.086586,disease,weather,3
37.16019,46.0,8.839809,78.14223,21.259714,disease,weather,3
57.642254,67.0,9.357746,87.56741,15.015367,disease,weather,3
71.1346,41.0,30.134598,908.094,53.74719,disease,weather,3
65.17106,46.0,19.171059,367.52948,34.489296,disease,weather,3
64.648445,70.0,5.351555,28.63914,7.94893,disease,weather,3
53.16982,74.0,20.830181,433.89645,32.759632,disease,weather,3
56.55243,90.0,33.44757,1118.74,45.645878,disease,weather,3
59.966442,100.0,40.033558,1602.6858,50.052444,disease,weather,3
69.74347,114.0,44.25653,1958.6405,48.172085,disease,weather,3
66.6938,142.0,75.3062,5671.0234,72.169075,disease,weather,3
57.710236,108.0,50.289764,2529.0603,60.696022,disease,weather,3
74.71929,126.0,51.28071,2629.711,51.09694,disease,weather,3
73.177124,103.0,29.822876,889.40393,33.85556,disease,weather,3
85.488106,105.0,19.511894,380.71402,20.486208,disease,weather,3
40.988853,45.0,4.0111465,16.089296,9.329457,disease,weather_lag3,1
38.114883,36.0,2.1148834,4.472732,5.7070413,disease,weather_lag3,1
35.682873,39.0,3.3171272,11.003333,8.883233,disease,weather_lag3,1
36.36396,33.0,3.3639603,11.316229,9.699447,disease,weather_lag3,1
35.95675,46.0,10.043251,100.86689,24.508661,disease,weather_lag3,1
40.368355,61.0,20.631645,425.6648,40.706284,disease,weather_lag3,1
48.429825,40.0,8.429825,71.06194,19.065569,disease,weather_lag3,1
40.423656,86.0,45.576344,2077.2031,72.100975,disease,weather_lag3,1
53.805492,85.0,31.194508,973.0973,44.94708,disease,weather_lag3,1
59.60156,89.0,29.398441,864.2684,39.5668,disease,weather_lag3,1
69.206726,75.0,5.793274,33.562023,8.034679,disease,weather_lag3,1
67.04541,63.0,4.04541,16.365343,6.2215347,disease,weather_lag3,1
61.8401,62.0,0.15990067,0.025568223,0.25823727,disease,weather_lag3,1
49.28515,73.0,23.714851,562.39417,38.78615,disease,weather_lag3,1
66.55398,71.0,4.446022,19.767113,6.464403,disease,weather_lag3,1
81.48381,72.0,9.48381,89.94266,12.35806,disease,weather_lag3,1
78.62348,51.0,27.623482,763.05676,42.62111,disease,weather_lag3,1
65.02095,53.0,12.02095,144.50325,20.370874,disease,weather_lag3,1
44.394188,44.0,0.39418793,0.15538412,0.89188653,disease,weather_lag3,1
35.223885,54.0,18.776115,352.5425,42.087643,disease,weather_lag3,1
45.856876,56.0,10.143124,102.88296,19.916424,disease,weather_lag3,1
48.310867,25.0,23.310867,543.39655,63.594574,disease,weather_lag3,1
40.825676,42.0,1.174324,1.3790369,2.8356524,disease,weather_lag3,1
48.804184,21.999998,26.804186,718.46436,75.71356,disease,weather_lag3,1
35.906937,32.0,3.9069366,15.2641535,11.506738,disease,weather_lag3,1
50.307503,20.0,30.307503,918.54474,86.214134,disease,weather_lag3,1
42.239803,40.0,2.2398033,5.016719,5.4470053,disease,weather_lag3,1
48.278988,25.0,23.278988,541.91125,63.535233,disease,weather_lag3,1
32.290337,34.0,1.7096634,2.9229488,5.1581073,disease,weather_lag3,1
39.654224,43.0,3.3457756,11.194215,8.095838,disease,weather_lag3,1
39.42552,34.0,5.425522,29.436287,14.778299,disease,weather_lag3,1
37.417076,16.999998,20.417078,416.8571,75.03923,disease,weather_lag3,1
35.683598,35.0,0.68359756,0.46730563,1.9342468,disease,weather_lag3,1
32.431572,41.0,8.568428,73.41796,23.337177,disease,weather_lag3,1
35.742863,42.0,6.2571373,39.151768,16.09701,disease,weather_lag3,1
33.733784,42.0,8.266216,68.33033,21.829668,disease,weather_lag3,1
39.114433,35.0,4.1144333,16.928562,11.102921,disease,weather_lag3,1
29.123363,30.0,0.8766365,0.76849157,2.9654486,disease,weather_lag3,1
30.427351,26.999998,3.427353,11.746748,11.936309,disease,weather_lag3,1
26.525284,24.0,2.5252838,6.3770585,9.9961195,disease,weather_lag3,1
27.895792,34.0,6.104208,37.261356,19.724146,disease,weather_lag3,1
30.065367,40.0,9.934633,98.69694,28.358185,disease,weather_lag3,1
34.817406,21.0,13.817406,190.9207,49.509308,disease,weather_lag3,1
25.672901,11.000003,14.672898,215.29395,80.02037,disease,weather_lag3,1
16.675564,24.0,7.324436,53.647366,36.01394,disease,weather_lag3,1
21.038605,21.999998,0.96139336,0.9242772,4.467586,disease,weather_lag3,1
25.31333,21.999998,3.3133316,10.978167,14.005913,disease,weather_lag3,1
27.539124,29.0,1.4608765,2.13416,5.1676655,disease,weather_lag3,1
26.893824,32.0,5.1061764,26.073038,17.340279,disease,weather_lag3,1
27.059496,32.0,4.940504,24.40858,16.7306,disease,weather_lag3,1
27.812708,31.0,3.187292,10.158831,10.838787,disease,weather_lag3,1
25.759737,27.999998,2.240261,5.0187697,8.334346,disease,weather_lag3,1
23.00667,15.999999,7.006671,49.093437,35.925503,disease,weather_lag3,1
21.297039,26.0,4.702961,22.117842,19.886915,disease,weather_lag3,1
25.636473,35.0,9.363527,87.675644,30.88414,disease,weather_lag3,1
28.643972,33.0,4.3560276,18.974976,14.132857,disease,weather_lag3,1
26.258284,21.999998,4.2582855,18.132996,17.647896,disease,weather_lag3,1
21.6863,29.0,7.3136997,53.490204,28.858683,disease,weather_lag3,1
23.627354,34.0,10.372646,107.59179,35.99904,disease,weather_lag3,1
26.567257,25.0,1.5672569,2.4562943,6.0784965,disease,weather_lag3,1
22.350746,30.0,7.649254,58.511086,29.223093,disease,weather_lag3,1
28.222364,33.0,4.7776356,22.825802,15.607484,disease,weather_lag3,1
28.6088,30.0,1.3911991,1.9354349,4.747407,disease,weather_lag3,1
28.75066,27.999998,0.75066185,0.5634932,2.6454737,disease,weather_lag3,1
26.73074,32.0,5.2692604,27.765104,17.94379,disease,weather_lag3,1
26.288841,41.0,14.711159,216.4182,43.725403,disease,weather_lag3,1
30.238588,26.0,4.2385883,17.965631,15.073594,disease,weather_lag3,1
27.170317,26.999998,0.1703186,0.029008426,0.6288263,disease,weather_lag3,1
28.336542,42.0,13.663458,186.69008,38.85166,disease,weather_lag3,1
32.32668,35.0,2.6733208,7.146644,7.9413424,disease,weather_lag3,1
30.014437,34.0,3.9855633,15.884715,12.452077,disease,weather_lag3,1
32.55829,33.0,0.44171143,0.19510898,1.347538,disease,weather_lag3,1
30.06099,38.0,7.9390106,63.02789,23.329107,disease,weather_lag3,1
32.454254,24.0,8.454254,71.47441,29.950813,disease,weather_lag3,1
27.215458,25.0,2.215458,4.9082537,8.485831,disease,weather_lag3,1
27.84933,46.0,18.15067,329.44678,49.155945,disease,weather_lag3,1
33.702442,40.0,6.297558,39.659233,17.089144,disease,weather_lag3,1
33.29165,13.999999,19.291649,372.16772,81.58586,disease,weather_lag3,1
26.385098,-1.2389615e-06,26.3851,696.17346,200.0,disease,weather_lag3,1
13.104354,-1.2389615e-06,13.104355,171.72412,200.0,disease,weather_lag3,1
13.991897,2.9999988,10.991898,120.821815,129.37811,disease,weather_lag3,1
16.628557,3.9999988,12.628558,159.48048,122.437645,disease,weather_lag3,1
14.878396,2.9999988,11.878397,141.09631,132.8799,disease,weather_lag3,1
9.796134,2.9999988,6.796135,46.18745,106.2217,disease,weather_lag3,1
10.597949,-1.2389615e-06,10.59795,112.31654,200.0,disease,weather_lag3,1
7.752585,44.0,36.247414,1313.875,140.07962,disease,weather_lag3,1
16.701523,44.0,27.298477,745.20685,89.9433,disease,weather_lag3,1
22.652407,31.0,8.347593,69.68231,31.117313,disease,weather_lag3,1
23.925026,26.999998,3.0749722,9.455454,12.076468,disease,weather_lag3,1
24.651678,50.0,25.348322,642.5374,67.91092,disease,weather_lag3,1
36.61931,39.0,2.3806915,5.667692,6.296518,disease,weather_lag3,1
30.34917,-1.2389615e-06,30.349173,921.07227,200.0,disease,weather_lag3,1
4.7557664,-1.2389615e-06,4.755768,22.617327,200.0,disease,weather_lag3,1
11.873439,33.0,21.12656,446.33154,94.160645,disease,weather_lag3,1
22.67056,38.0,15.329439,234.9917,50.533367,disease,weather_lag3,1
24.413982,31.0,6.5860176,43.37563,23.770237,disease,weather_lag3,1
19.533255,34.0,14.466745,209.28673,54.04769,disease,weather_lag3,1
16.557333,20.0,3.442667,11.851956,18.834343,disease,weather_lag3,1
18.12998,21.0,2.87002,8.237015,14.669161,disease,weather_lag3,1
26.44051,37.0,10.55949,111.50283,33.289425,disease,weather_lag3,1
27.643091,21.999998,5.643093,31.8445,22.734657,disease,weather_lag3,1
21.469694,46.0,24.530306,601.7359,72.715034,disease,weather_lag3,1
34.556686,26.0,8.556686,73.21688,28.260088,disease,weather_lag3,1
22.984238,31.0,8.015762,64.25245,29.696676,disease,weather_lag3,1
25.589506,32.0,6.410494,41.094433,22.262714,disease,weather_lag3,1
21.868675,23.0,1.1313248,1.2798958,5.0428267,disease,weather_lag3,1
19.36638,23.0,3.6336193,13.203189,17.153315,disease,weather_lag3,1
27.843658,32.0,4.1563416,17.275175,13.890667,disease,weather_lag3,1
27.717955,30.0,2.2820454,5.2077312,7.9075756,disease,weather_lag3,1
29.071573,26.999998,2.0715752,4.291424,7.389039,disease,weather_lag3,1
23.67171,26.999998,3.328289,11.077508,13.136676,disease,weather_lag3,1
25.203043,36.0,10.796957,116.57428,35.28242,disease,weather_lag3,1
26.488985,33.0,6.511015,42.393314,21.889818,disease,weather_lag3,1
29.594858,39.0,9.405142,88.456696,27.422295,disease,weather_lag3,1
32.57228,37.0,4.427719,19.604696,12.7284,disease,weather_lag3,1
33.523014,44.0,10.476986,109.767235,27.02936,disease,weather_lag3,1
35.890953,27.999998,7.890955,62.26717,24.70132,disease,weather_lag3,1
29.5244,32.0,2.4755993,6.128592,8.047537,disease,weather_lag3,1
29.749186,34.0,4.2508144,18.069424,13.33606,disease,weather_lag3,1
30.68792,26.999998,3.6879215,13.600765,12.785767,disease,weather_lag3,1
27.61472,25.0,2.6147194,6.8367577,9.939117,disease,weather_lag3,1
29.18273,59.0,29.81727,889.0696,67.6261,disease,weather_lag3,1
38.982807,56.0,17.017193,289.58484,35.832153,disease,weather_lag3,1
42.37962,39.0,3.3796196,11.421828,8.305813,disease,weather_lag3,1
37.066994,40.0,2.9330063,8.602526,7.6115756,disease,weather_lag3,1
36.84706,42.0,5.152939,26.552778,13.070719,disease,weather_lag3,1
36.402927,49.0,12.597073,158.68623,29.500332,disease,weather_lag3,1
40.47487,41.0,0.5251312,0.2757628,1.2890631,disease,weather_lag3,1
41.336754,31.0,10.336754,106.84848,28.579536,disease,weather_lag3,1
36.38056,36.0,0.38056183,0.1448273,1.0515581,disease,weather_lag3,1
35.27381,48.0,12.726189,161.95587,30.564684,disease,weather_lag3,1
41.400806,48.0,6.5991936,43.549355,14.7631645,disease,weather_lag3,1
40.72161,65.0,24.278389,589.4402,45.928905,disease,weather_lag3,1
45.80303,68.0,22.196972,492.70557,39.009457,disease,weather_lag3,1
52.29418,8.999999,43.29418,1874.3862,141.26686,disease,weather_lag3,1
28.947195,7.9999986,20.947197,438.78506,113.38992,disease,weather_lag3,1
26.437225,11.999999,14.437226,208.4335,75.12106,disease,weather_lag3,1
22.575993,15.999999,6.5759935,43.24369,34.09371,disease,weather_lag3,1
25.445906,30.0,4.5540943,20.739775,16.42716,disease,weather_lag3,1
30.533175,18.0,12.5331745,157.08046,51.647865,disease,weather_lag3,1
23.569756,8.999999,14.5697565,212.2778,89.46802,disease,weather_lag3,1
17.276989,27.999998,10.723009,114.982925,47.36627,disease,weather_lag3,1
23.358002,30.0,6.6419983,44.116142,24.895977,disease,weather_lag3,1
25.495409,38.0,12.504591,156.36479,39.387386,disease,weather_lag3,1
34.363186,34.0,0.36318588,0.13190399,1.0625188,disease,weather_lag3,1
34.28188,32.0,2.2818794,5.2069736,6.88538,disease,weather_lag3,1
28.19501,36.0,7.804991,60.91788,24.316505,disease,weather_lag3,1
31.055874,46.0,14.944126,223.3269,38.787766,disease,weather_lag3,1
34.549717,46.0,11.450283,131.10898,28.430351,disease,weather_lag3,1
38.493076,19.0,19.493076,379.98,67.81017,disease,weather_lag3,1
21.222435,53.0,31.777565,1009.81366,85.62792,disease,weather_lag3,1
40.20386,23.0,17.203861,295.97284,54.43927,disease,weather_lag3,1
22.846369,25.0,2.1536312,4.6381273,9.002276,disease,weather_lag3,1
25.441,35.0,9.559,91.37448,31.630846,disease,weather_lag3,1
28.139658,21.999998,6.13966,37.695423,24.490236,disease,weather_lag3,1
24.386168,21.0,3.3861675,11.46613,14.921583,disease,weather_lag3,1
28.43071,37.0,8.56929,73.43273,26.193481,disease,weather_lag3,1
30.027786,23.0,7.0277863,49.38978,26.506052,disease,weather_lag3,1
24.053625,30.0,5.946375,35.359375,22.00176,disease,weather_lag3,1
27.210884,18.0,9.210884,84.840385,40.746315,disease,weather_lag3,1
27.69465,43.0,15.305349,234.25372,43.29988,disease,weather_lag3,1
31.115995,25.0,6.1159954,37.4054,21.79769,disease,weather_lag3,1
26.680597,15.000001,11.680596,136.43633,56.04812,disease,weather_lag3,1
22.734846,16.999998,5.734848,32.88848,28.865587,disease,weather_lag3,1
21.380627,4.9999986,16.380629,268.32498,124.18681,disease,weather_lag3,1
11.84788,8.999999,2.8478813,8.110428,27.320585,disease,weather_lag3,1
17.492643,18.0,0.50735664,0.25741076,2.8589396,disease,weather_lag3,1
14.29984,9.999999,4.299841,18.488632,35.38987,disease,weather_lag3,1
13.226022,9.999999,3.2260227,10.407223,27.779383,disease,weather_lag3,1
11.940387,27.999998,16.059612,257.91113,80.41792,disease,weather_lag3,1
19.6458,21.0,1.3542004,1.8338586,6.6634216,disease,weather_lag3,1
13.159663,33.0,19.840336,393.63892,85.96395,disease,weather_lag3,1
21.458517,39.0,17.541483,307.7036,58.02816,disease,weather_lag3,1
30.721247,38.0,7.2787533,52.980247,21.183414,disease,weather_lag3,1
30.274021,52.0,21.725979,472.01816,52.81371,disease,weather_lag3,1
42.516113,45.0,2.4838867,6.169693,5.67641,disease,weather_lag3,1
42.114292,61.0,18.885708,356.66995,36.630634,disease,weather_lag3,1
51.409756,47.0,4.4097557,19.445946,8.962029,disease,weather_lag3,1
46.18785,46.0,0.18785095,0.03528798,0.4075395,disease,weather_lag3,1
46.42408,67.0,20.57592,423.3685,36.2814,disease,weather_lag3,1
56.54539,59.0,2.454609,6.025105,4.2487354,disease,weather_lag3,1
52.965385,46.0,6.9653854,48.516594,14.076407,disease,weather_lag3,1
50.241375,48.0,2.241375,5.0237617,4.5629954,disease,weather_lag3,1
46.82235,63.0,16.17765,261.71637,29.46149,disease,weather_lag3,1
53.724663,88.0,34.275337,1174.7987,48.368908,disease,weather_lag3,1
61.147503,65.0,3.852497,14.841734,6.107924,disease,weather_lag3,1
69.18507,60.0,9.185066,84.36544,14.220013,disease,weather_lag3,1
64.423676,62.0,2.4236755,5.874203,3.8342113,disease,weather_lag3,1
53.2181,83.0,29.781898,886.9615,43.726784,disease,weather_lag3,1
63.28101,84.0,20.71899,429.27655,28.135317,disease,weather_lag3,1
76.12924,94.0,17.870758,319.36398,21.00845,disease,weather_lag3,1
78.42909,93.0,14.570908,212.31136,16.99934,disease,weather_lag3,1
71.96603,83.0,11.033974,121.74857,14.240506,disease,weather_lag3,1
86.75314,77.0,9.753143,95.1238,11.912007,disease,weather_lag3,1
80.982124,45.0,35.982124,1294.7133,57.12259,disease,weather_lag3,1
41.79155,54.0,12.20845,149.04626,25.48962,disease,weather_lag3,1
39.770435,77.0,37.229565,1386.0405,63.765396,disease,weather_lag3,1
58.680935,64.0,5.319065,28.292454,8.67138,disease,weather_lag3,1
68.247154,30.0,38.247154,1462.8448,77.859055,disease,weather_lag3,1
45.76041,90.0,44.23959,1957.1412,65.173035,disease,weather_lag3,1
67.08109,75.0,7.918907,62.70909,11.147025,disease,weather_lag3,1
60.41353,44.0,16.413528,269.40393,31.439468,disease,weather_lag3,1
52.967243,58.0,5.032757,25.328642,9.070707,disease,weather_lag3,1
56.54059,55.0,1.5405884,2.3734126,2.7623818,disease,weather_lag3,1
53.402786,60.0,6.5972137,43.523228,11.635012,disease,weather_lag3,1
45.226833,73.0,27.773167,771.3488,46.982845,disease,weather_lag3,1
70.26769,98.0,27.732307,769.0809,32.962128,disease,weather_lag3,1
77.475815,81.0,3.5241852,12.419881,4.4476,disease,weather_lag3,1
63.164246,87.0,23.835754,568.1432,31.746244,disease,weather_lag3,1
75.86566,88.0,12.134338,147.24217,14.810104,disease,weather_lag3,1
81.63334,103.0,21.366661,456.5342,23.144966,disease,weather_lag3,1
82.822014,109.0,26.177986,685.287,27.294037,disease,weather_lag3,1
78.11275,112.0,33.887253,1148.346,35.649635,disease,weather_lag3,1
103.0419,73.0,30.0419,902.5158,34.130398,disease,weather_lag3,1
96.76339,57.0,39.76339,1581.1272,51.720226,disease,weather_lag3,1
68.46906,48.0,20.469063,418.98254,35.149357,disease,weather_lag3,1
41.162666,59.0,17.837334,318.17047,35.61673,disease,weather_lag3,1
35.304657,44.0,8.695343,75.60899,21.92896,disease,weather_lag3,1
38.21746,78.0,39.78254,1582.6504,68.46224,disease,weather_lag3,1
70.2886,65.0,5.288597,27.96926,7.8182445,disease,weather_lag3,1
66.87355,59.0,7.8735504,61.992798,12.510254,disease,weather_lag3,1
60.040394,61.0,0.9596062,0.920844,1.5855966,disease,weather_lag3,1
50.04541,68.0,17.95459,322.3673,30.419804,disease,weather_lag3,1
61.90091,84.0,22.09909,488.3698,30.293285,disease,weather_lag3,1
61.24178,46.0,15.241779,232.31184,28.42508,disease,weather_lag3,1
54.998863,67.0,12.001137,144.02728,19.674177,disease,weather_lag3,1
61.754135,41.0,20.754135,430.73413,40.395718,disease,weather_lag3,1
39.824688,46.0,6.175312,38.13448,14.390525,disease,weather_lag3,1
46.25663,70.0,23.74337,563.7476,40.846478,disease,weather_lag3,1
53.439095,74.0,20.560905,422.75082,32.267815,disease,weather_lag3,1
71.382614,90.0,18.617386,346.60706,23.072355,disease,weather_lag3,1
62.483624,100.0,37.516376,1407.4785,46.178654,disease,weather_lag3,1
73.09984,114.0,40.90016,1672.8232,43.720146,disease,weather_lag3,1
71.63542,142.0,70.36458,4951.174,65.87351,disease,weather_lag3,1
79.92289,108.0,28.07711,788.3241,29.881525,disease,weather_lag3,1
93.14178,126.0,32.858223,1079.6628,29.988094,disease,weather_lag3,1
90.763596,103.0,12.236404,149.7296,12.63024,disease,weather_lag3,1
93.94673,105.0,11.053268,122.17474,11.111787,disease,weather_lag3,1
38.815796,39.0,0.1842041,0.03393115,0.4734363,disease,weather_lag3,3
40.43698,33.0,7.436981,55.30869,20.25405,disease,weather_lag3,3
37.32255,46.0,8.677448,75.29811,20.828571,disease,weather_lag3,3
38.513683,61.0,22.486317,505.63443,45.19241,disease,weather_lag3,3
40.619865,40.0,0.6198654,0.38423315,1.5377486,disease,weather_lag3,3
44.112797,86.0,41.887203,1754.5378,64.38599,disease,weather_lag3,3
41.840607,85.0,43.159393,1862.7333,68.05296,disease,weather_lag3,3
42.721645,89.0,46.278355,2141.686,70.26689,disease,weather_lag3,3
56.557938,75.0,18.442062,340.10965,28.036413,disease,weather_lag3,3
55.57347,63.0,7.426529,55.15333,12.52646,disease,weather_lag3,3
64.5133,62.0,2.513298,6.316667,3.973176,disease,weather_lag3,3
62.24116,73.0,10.758839,115.75261,15.910597,disease,weather_lag3,3
62.108925,71.0,8.891075,79.051216,13.359098,disease,weather_lag3,3
77.02847,72.0,5.028473,25.28554,6.7483387,disease,weather_lag3,3
77.91728,51.0,26.917282,724.5401,41.758995,disease,weather_lag3,3
81.939,53.0,28.939003,837.4659,42.89198,disease,weather_lag3,3
68.83255,44.0,24.83255,616.6555,44.01664,disease,weather_lag3,3
53.736412,54.0,0.26358795,0.06947861,0.4893201,disease,weather_lag3,3
53.381184,56.0,2.6188164,6.858199,4.788422,disease,weather_lag3,3
42.905586,25.0,17.905586,320.61002,52.73671,disease,weather_lag3,3
58.725616,42.0,16.725616,279.74625,33.210255,disease,weather_lag3,3
59.24812,21.999998,37.248123,1387.4227,91.68981,disease,weather_lag3,3
42.305035,32.0,10.305035,106.19374,27.737108,disease,weather_lag3,3
47.898273,20.0,27.898273,778.31366,82.17668,disease,weather_lag3,3
43.96254,40.0,3.9625397,15.70172,9.4388275,disease,weather_lag3,3
52.01927,25.0,27.019272,730.0411,70.16237,disease,weather_lag3,3
42.555267,34.0,8.555267,73.1926,22.350565,disease,weather_lag3,3
54.61521,43.0,11.6152115,134.91313,23.797953,disease,weather_lag3,3
44.70675,34.0,10.706749,114.634476,27.206686,disease,weather_lag3,3
38.039394,16.999998,21.039396,442.6562,76.45214,disease,weather_lag3,3
42.496193,35.0,7.496193,56.19291,19.345964,disease,weather_lag3,3
44.52497,41.0,3.524971,12.425421,8.243139,disease,weather_lag3,3
34.778248,42.0,7.221752,52.153706,18.811975,disease,weather_lag3,3
35.386295,42.0,6.6137047,43.74109,17.092703,disease,weather_lag3,3
37.679745,35.0,2.6797447,7.1810317,7.374117,disease,weather_lag3,3
32.486137,30.0,2.4861374,6.180879,7.957405,disease,weather_lag3,3
35.383614,26.999998,8.3836155,70.28501,26.87762,disease,weather_lag3,3
33.023006,24.0,9.023006,81.41464,31.646898,disease,weather_lag3,3
34.457745,34.0,0.4577446,0.20953012,1.3373054,disease,weather_lag3,3
33.18297,40.0,6.817032,46.471924,18.630106,disease,weather_lag3,3
38.07862,21.0,17.07862,291.6793,57.81659,disease,weather_lag3,3
35.55033,11.000003,24.550327,602.71857,105.47863,disease,weather_lag3,3
36.62922,24.0,12.629219,159.49718,41.660503,disease,weather_lag3,3
29.78487,21.999998,7.784872,60.604233,30.066204,disease,weather_lag3,3
26.814934,21.999998,4.8149357,23.183605,19.727306,disease,weather_lag3,3
30.155333,29.0,1.1553326,1.3347933,3.9060977,disease,weather_lag3,3
31.435642,32.0,0.56435776,0.31849968,1.7793082,disease,weather_lag3,3
31.269154,32.0,0.7308464,0.5341365,2.3102772,disease,weather_lag3,3
30.03114,31.0,0.9688606,0.9386909,3.1749713,disease,weather_lag3,3
29.677948,27.999998,1.6779499,2.815516,5.8183413,disease,weather_lag3,3
24.690994,15.999999,8.690995,75.5334,42.717045,disease,weather_lag3,3
26.90618,26.0,0.9061794,0.82116115,3.4256089,disease,weather_lag3,3
30.963896,35.0,4.036104,16.290136,12.237312,disease,weather_lag3,3
29.429981,33.0,3.5700188,12.745034,11.4368725,disease,weather_lag3,3
28.022358,21.999998,6.02236,36.268818,24.078674,disease,weather_lag3,3
27.697046,29.0,1.3029537,1.6976883,4.596196,disease,weather_lag3,3
29.745441,34.0,4.2545586,18.101269,13.34859,disease,weather_lag3,3
25.22161,25.0,0.22160912,0.0491106,0.8825249,disease,weather_lag3,3
25.562408,30.0,4.4375916,19.692219,15.973359,disease,weather_lag3,3
30.062172,33.0,2.937828,8.630834,9.317244,disease,weather_lag3,3
30.347956,30.0,0.3479557,0.12107317,1.1531649,disease,weather_lag3,3
33.26996,27.999998,5.2699604,27.772482,17.202429,disease,weather_lag3,3
32.247105,32.0,0.24710464,0.061060704,0.76923203,disease,weather_lag3,3
30.45321,41.0,10.546789,111.234764,29.520828,disease,weather_lag3,3
27.416323,26.0,1.4163227,2.00597,5.3029585,disease,weather_lag3,3
32.07491,26.999998,5.074911,25.754723,17.181276,disease,weather_lag3,3
35.433567,42.0,6.566433,43.118042,16.960173,disease,weather_lag3,3
32.46721,35.0,2.5327911,6.415031,7.508214,disease,weather_lag3,3
31.02143,34.0,2.978571,8.871885,9.161813,disease,weather_lag3,3
35.577354,33.0,2.5773544,6.642756,7.5166345,disease,weather_lag3,3
34.2093,38.0,3.790699,14.369399,10.499198,disease,weather_lag3,3
35.676872,24.0,11.676872,136.34935,39.13366,disease,weather_lag3,3
34.109856,25.0,9.109856,82.98947,30.823475,disease,weather_lag3,3
37.105915,46.0,8.894085,79.104744,21.404217,disease,weather_lag3,3
32.680065,40.0,7.319935,53.581448,20.142895,disease,weather_lag3,3
34.027294,13.999999,20.027294,401.0925,83.399635,disease,weather_lag3,3
38.32394,-1.2389615e-06,38.32394,1468.7244,200.0,disease,weather_lag3,3
37.99224,-1.2389615e-06,37.99224,1443.4104,200.0,disease,weather_lag3,3
29.356009,2.9999988,26.35601,694.6393,162.91263,disease,weather_lag3,3
25.482967,3.9999988,21.48297,461.51797,145.7314,disease,weather_lag3,3
27.780079,2.9999988,24.78008,614.0524,161.01376,disease,weather_lag3,3
18.21053,2.9999988,15.21053,231.36023,143.42435,disease,weather_lag3,3
20.219978,-1.2389615e-06,20.21998,408.8476,200.0,disease,weather_lag3,3
15.622783,44.0,28.377216,805.2664,95.18917,disease,weather_lag3,3
17.649261,44.0,26.350739,694.36145,85.485985,disease,weather_lag3,3
9.486392,31.0,21.513607,462.8353,106.275734,disease,weather_lag3,3
22.746218,26.999998,4.2537804,18.094646,17.101925,disease,weather_lag3,3
24.789762,50.0,25.210238,635.5561,67.416275,disease,weather_lag3,3
23.471655,39.0,15.528345,241.1295,49.71325,disease,weather_lag3,3
14.598512,-1.2389615e-06,14.598513,213.11658,200.0,disease,weather_lag3,3
22.895195,-1.2389615e-06,22.895197,524.19006,200.0,disease,weather_lag3,3
25.942139,33.0,7.0578613,49.813408,23.94844,disease,weather_lag3,3
34.803764,38.0,3.1962357,10.215922,8.780413,disease,weather_lag3,3
10.92755,31.0,20.072449,402.9032,95.74825,disease,weather_lag3,3
19.57432,34.0,14.42568,208.10025,53.85297,disease,weather_lag3,3
15.140117,20.0,4.8598833,23.618465,27.66003,disease,weather_lag3,3
25.87958,21.0,4.8795795,23.810297,20.817507,disease,weather_lag3,3
24.784174,37.0,12.215826,149.22641,39.543545,disease,weather_lag3,3
27.030828,21.999998,5.0308304,25.309254,20.521091,disease,weather_lag3,3
21.631342,46.0,24.368658,593.8315,72.06322,disease,weather_lag3,3
32.396973,26.0,6.3969727,40.92126,21.908577,disease,weather_lag3,3
23.20279,31.0,7.7972107,60.796494,28.770515,disease,weather_lag3,3
33.09569,32.0,1.0956917,1.2005403,3.3664033,disease,weather_lag3,3
20.106848,23.0,2.8931522,8.37033,13.423167,disease,weather_lag3,3
24.008162,23.0,1.0081615,1.0163897,4.2893043,disease,weather_lag3,3
30.75547,32.0,1.2445297,1.5488542,3.9662826,disease,weather_lag3,3
31.405422,30.0,1.4054222,1.9752116,4.5775185,disease,weather_lag3,3
34.617607,26.999998,7.617609,58.027966,24.72543,disease,weather_lag3,3
33.78815,26.999998,6.7881527,46.079018,22.333803,disease,weather_lag3,3
30.800222,36.0,5.1997776,27.037687,15.568145,disease,weather_lag3,3
30.397621,33.0,2.6023788,6.7723756,8.209705,disease,weather_lag3,3
27.238344,39.0,11.761656,138.33655,35.513134,disease,weather_lag3,3
34.221035,37.0,2.778965,7.722646,7.8037753,disease,weather_lag3,3
34.319267,44.0,9.680733,93.71658,24.721203,disease,weather_lag3,3
33.975353,27.999998,5.975355,35.70487,19.283005,disease,weather_lag3,3
35.776054,32.0,3.7760544,14.258587,11.142739,disease,weather_lag3,3
35.092243,34.0,1.0922432,1.1929952,3.1616955,disease,weather_lag3,3
32.496098,26.999998,5.4960995,30.20711,18.475496,disease,weather_lag3,3
34.67857,25.0,9.67857,93.67471,32.43566,disease,weather_lag3,3
37.366623,59.0,21.633377,468.003,44.898067,disease,weather_lag3,3
34.709473,56.0,21.290527,453.28656,46.942238,disease,weather_lag3,3
34.539894,39.0,4.460106,19.892544,12.129759,disease,weather_lag3,3
37.403942,40.0,2.596058,6.7395167,6.707818,disease,weather_lag3,3
39.626007,42.0,2.373993,5.6358423,5.8167562,disease,weather_lag3,3
35.385834,49.0,13.614166,185.34552,32.26647,disease,weather_lag3,3
34.08436,41.0,6.915642,47.8261,18.420992,disease,weather_lag3,3
41.093742,31.0,10.093742,101.88364,28.001717,disease,weather_lag3,3
50.43263,36.0,14.432629,208.30077,33.39625,disease,weather_lag3,3
49.225822,48.0,1.2258224,1.5026407,2.5215986,disease,weather_lag3,3
36.456463,48.0,11.543537,133.25325,27.336063,disease,weather_lag3,3
42.832783,65.0,22.167217,491.38553,41.114063,disease,weather_lag3,3
39.80459,68.0,28.195412,794.98126,52.30837,disease,weather_lag3,3
45.784435,8.999999,36.784435,1353.0947,134.2879,disease,weather_lag3,3
49.266068,7.9999986,41.266068,1702.8883,144.12048,disease,weather_lag3,3
52.75713,11.999999,40.75713,1661.1437,125.87689,disease,weather_lag3,3
33.76303,15.999999,17.763031,315.52527,71.390465,disease,weather_lag3,3
27.449837,30.0,2.5501633,6.5033326,8.877878,disease,weather_lag3,3
40.148296,18.0,22.148296,490.54703,76.17866,disease,weather_lag3,3
25.724457,8.999999,16.724457,279.70746,96.326675,disease,weather_lag3,3
26.45601,27.999998,1.5439873,2.3838966,5.6705856,disease,weather_lag3,3
23.227877,30.0,6.7721233,45.861656,25.445778,disease,weather_lag3,3
23.5349,38.0,14.465099,209.2391,47.014294,disease,weather_lag3,3
24.170784,34.0,9.829216,96.61349,33.794342,disease,weather_lag3,3
32.962612,32.0,0.96261215,0.92662215,2.963588,disease,weather_lag3,3
25.571087,36.0,10.428913,108.76223,33.876007,disease,weather_lag3,3
29.269058,46.0,16.730942,279.9244,44.45636,disease,weather_lag3,3
18.824018,46.0,27.175982,738.534,83.845406,disease,weather_lag3,3
19.228958,19.0,0.22895813,0.052421827,1.1978257,disease,weather_lag3,3
27.83117,53.0,25.16883,633.47003,62.275063,disease,weather_lag3,3
35.078754,23.0,12.078754,145.8963,41.5944,disease,weather_lag3,3
29.680304,25.0,4.6803036,21.905241,17.118792,disease,weather_lag3,3
34.826935,35.0,0.17306519,0.029951558,0.4956975,disease,weather_lag3,3
31.67183,21.999998,9.671831,93.54432,36.040627,disease,weather_lag3,3
36.09691,21.0,15.096909,227.91664,52.8817,disease,weather_lag3,3
36.209236,37.0,0.79076385,0.6253075,2.1602845,disease,weather_lag3,3
36.51225,23.0,13.512249,182.58087,45.409977,disease,weather_lag3,3
31.353188,30.0,1.3531876,1.8311166,4.41114,disease,weather_lag3,3
31.973804,18.0,13.973804,195.26721,55.92452,disease,weather_lag3,3
36.64959,43.0,6.3504105,40.327713,15.945871,disease,weather_lag3,3
38.645344,25.0,13.645344,186.1954,42.879314,disease,weather_lag3,3
27.33866,15.000001,12.338658,152.2425,58.28554,disease,weather_lag3,3
37.92104,16.999998,20.921041,437.68997,76.1859,disease,weather_lag3,3
34.160374,4.9999986,29.160376,850.3275,148.92798,disease,weather_lag3,3
27.20155,8.999999,18.20155,331.29642,100.55674,disease,weather_lag3,3
28.473454,18.0,10.4734535,109.69323,45.072845,disease,weather_lag3,3
25.427477,9.999999,15.427478,238.00706,87.09329,disease,weather_lag3,3
18.461967,9.999999,8.461968,71.60491,59.461582,disease,weather_lag3,3
23.431625,27.999998,4.5683727,20.87003,17.76484,disease,weather_lag3,3
20.669628,21.0,0.33037186,0.10914557,1.5856723,disease,weather_lag3,3
19.613728,33.0,13.386272,179.19229,50.885094,disease,weather_lag3,3
19.896503,39.0,19.103497,364.94357,64.871414,disease,weather_lag3,3
24.875338,38.0,13.124662,172.25676,41.748203,disease,weather_lag3,3
27.768734,52.0,24.231266,587.15424,60.75379,disease,weather_lag3,3
26.180845,45.0,18.819155,354.16058,52.87702,disease,weather_lag3,3
24.408005,61.0,36.591995,1338.9741,85.68751,disease,weather_lag3,3
34.6481,47.0,12.351898,152.56938,30.256424,disease,weather_lag3,3
31.45551,46.0,14.544491,211.5422,37.55573,disease,weather_lag3,3
60.13898,67.0,6.861019,47.07358,10.792944,disease,weather_lag3,3
54.98998,59.0,4.010021,16.08027,7.035743,disease,weather_lag3,3
41.89149,46.0,4.108509,16.879847,9.349049,disease,weather_lag3,3
75.975525,48.0,27.975525,782.63,45.130722,disease,weather_lag3,3
62.95389,63.0,0.046108246,0.0021259703,0.073214486,disease,weather_lag3,3
54.56841,88.0,33.43159,1117.6713,46.899017,disease,weather_lag3,3
46.09436,65.0,18.90564,357.42322,34.035282,disease,weather_lag3,3
64.27081,60.0,4.270813,18.239843,6.873397,disease,weather_lag3,3
71.342285,62.0,9.342285,87.27829,14.012487,disease,weather_lag3,3
69.07058,83.0,13.92942,194.02875,18.319677,disease,weather_lag3,3
55.492664,84.0,28.507336,812.6682,40.872883,disease,weather_lag3,3
59.015194,94.0,34.984806,1223.9366,45.72723,disease,weather_lag3,3
74.17395,93.0,18.82605,354.42017,22.522707,disease,weather_lag3,3
82.3907,83.0,0.6092987,0.3712449,0.73679924,disease,weather_lag3,3
81.46494,77.0,4.464943,19.935715,5.635244,disease,weather_lag3,3
87.8885,45.0,42.888496,1839.4231,64.548096,disease,weather_lag3,3
83.282684,54.0,29.282684,857.4756,42.66042,disease,weather_lag3,3
77.69993,77.0,0.6999283,0.4898996,0.9048851,disease,weather_lag3,3
57.32827,64.0,6.67173,44.511982,10.997816,disease,weather_lag3,3
58.1196,30.0,28.119598,790.7118,63.82144,disease,weather_lag3,3
65.29892,90.0,24.70108,610.1434,31.811014,disease,weather_lag3,3
70.34183,75.0,4.6581726,21.698572,6.409954,disease,weather_lag3,3
35.22448,44.0,8.77552,77.00976,22.153559,disease,weather_lag3,3
53.387543,58.0,4.6124573,21.274761,8.281818,disease,weather_lag3,3
79.25025,55.0,24.250252,588.0747,36.126938,disease,weather_lag3,3
48.269512,60.0,11.730488,137.60434,21.66905,disease,weather_lag3,3
51.6021,73.0,21.3979,457.87012,34.34597,disease,weather_lag3,3
60.89048,98.0,37.10952,1377.1165,46.71082,disease,weather_lag3,3
62.353634,81.0,18.646366,347.68698,26.014502,disease,weather_lag3,3
66.49479,87.0,20.50521,420.46368,26.717796,disease,weather_lag3,3
75.97124,88.0,12.028763,144.69113,14.671797,disease,weather_lag3,3
80.596664,103.0,22.403336,501.90945,24.40495,disease,weather_lag3,3
71.87788,109.0,37.122124,1378.0521,41.046616,disease,weather_lag3,3
79.272446,112.0,32.727554,1071.0928,34.22088,disease,weather_lag3,3
87.19004,73.0,14.190041,201.35725,17.716509,disease,weather_lag3,3
94.59291,57.0,37.59291,1413.2269,49.597187,disease,weather_lag3,3
105.13627,48.0,57.13627,3264.5532,74.621475,disease,weather_lag3,3
83.516914,59.0,24.516914,601.0791,34.40562,disease,weather_lag3,3
66.51881,44.0,22.518806,507.09665,40.751083,disease,weather_lag3,3
47.737823,78.0,30.262177,915.7993,48.135357,disease,weather_lag3,3
54.504093,65.0,10.495907,110.16406,17.565771,disease,weather_lag3,3
47.67071,59.0,11.3292885,128.35278,21.24161,disease,weather_lag3,3
59.771557,61.0,1.2284431,1.5090725,2.0343251,disease,weather_lag3,3
61.13496,68.0,6.86504,47.128773,10.632349,disease,weather_lag3,3
48.129395,84.0,35.870605,1286.7003,54.296177,disease,weather_lag3,3
55.294434,46.0,9.294434,86.3865,18.35132,disease,weather_lag3,3
69.33826,67.0,2.3382568,5.467445,3.4300818,disease,weather_lag3,3
79.39101,41.0,38.391006,1473.8694,63.777203,disease,weather_lag3,3
60.84944,46.0,14.849442,220.50592,27.795076,disease,weather_lag3,3
58.26738,70.0,11.73262,137.65437,18.294004,disease,weather_lag3,3
56.31809,74.0,17.681911,312.65,27.136543,disease,weather_lag3,3
63.476612,90.0,26.523388,703.4901,34.563427,disease,weather_lag3,3
69.382126,100.0,30.617874,937.4542,36.152424,disease,weather_lag3,3
77.974686,114.0,36.025314,1297.8232,37.531315,disease,weather_lag3,3
77.91328,142.0,64.08672,4107.108,58.283634,disease,weather_lag3,3
80.3113,108.0,27.688698,766.664,29.407368,disease,weather_lag3,3
88.260704,126.0,37.739296,1424.2545,35.227455,disease,weather_lag3,3
82.836105,103.0,20.163895,406.58264,21.70073,disease,weather_lag3,3
95.4898,105.0,9.5102005,90.44392,9.486966,disease,weather_lag3,3
236.49063,198.0,38.49063,1481.5287,17.717588,pest,weather,1
165.16174,232.0,66.83826,4467.3525,33.65795,pest,weather,1
189.40208,210.0,20.597916,424.27414,10.314375,pest,weather,1
200.95982,131.0,69.95982,4894.377,42.14957,pest,weather,1
119.853,103.0,16.852997,284.0235,15.124765,pest,weather,1
179.33531,157.0,22.335312,498.86615,13.281573,pest,weather,1
213.96579,165.0,48.96579,2397.6487,25.841799,pest,weather,1
186.29494,202.0,15.705063,246.649,8.089245,pest,weather,1
187.92758,218.0,30.072418,904.35034,14.816642,pest,weather,1
188.47377,218.0,29.52623,871.7983,14.527988,pest,weather,1
146.79602,142.0,4.7960205,23.001812,3.3213894,pest,weather,1
113.69194,161.0,47.30806,2238.0525,34.444447,pest,weather,1
179.8213,170.0,9.821304,96.458015,5.6150413,pest,weather,1
213.07582,172.0,41.07582,1687.223,21.333889,pest,weather,1
196.48856,222.0,25.511444,650.8338,12.192183,pest,weather,1
210.73741,186.0,24.737411,611.9395,12.47042,pest,weather,1
206.58394,223.0,16.416061,269.48706,7.6427727,pest,weather,1
163.63187,163.0,0.63186646,0.39925522,0.38689822,pest,weather,1
143.46208,109.0,34.462082,1187.6351,27.300798,pest,weather,1
129.55193,199.0,69.448074,4823.035,42.275246,pest,weather,1
182.20473,116.0,66.20473,4383.066,44.4022,pest,weather,1
174.93831,101.0,73.93831,5466.8735,53.590466,pest,weather,1
139.53055,119.0,20.530548,421.50342,15.882494,pest,weather,1
150.28581,55.0,95.28581,9079.386,92.83234,pest,weather,1
64.13195,52.0,12.13195,147.18422,20.893389,pest,weather,1
52.144432,61.0,8.855568,78.42108,15.653564,pest,weather,1
75.93347,93.0,17.066528,291.2664,20.205029,pest,weather,1
71.0045,98.0,26.995499,728.75696,31.946486,pest,weather,1
72.816376,98.0,25.183624,634.2149,29.486195,pest,weather,1
66.231926,108.0,41.768074,1744.572,47.94537,pest,weather,1
50.840256,46.999992,3.8402634,14.7476225,7.850069,pest,weather,1
29.965546,32.000008,2.034462,4.1390357,6.566429,pest,weather,1
30.10447,48.0,17.89553,320.25003,45.824604,pest,weather,1
47.78676,114.0,66.21324,4384.1934,81.852486,pest,weather,1
97.09428,85.0,12.094276,146.27151,13.283533,pest,weather,1
61.01191,105.0,43.98809,1934.9521,52.9939,pest,weather,1
88.83166,97.0,8.168343,66.72182,8.791121,pest,weather,1
55.766174,118.0,62.233826,3873.049,71.629395,pest,weather,1
66.35238,67.0,0.64762115,0.41941315,0.9712929,pest,weather,1
47.341835,46.999992,0.34184265,0.116856396,0.7246895,pest,weather,1
46.51114,90.0,43.48886,1891.281,63.714745,pest,weather,1
90.15137,129.0,38.848633,1509.2163,35.453697,pest,weather,1
101.05835,90.0,11.05835,122.287094,11.575888,pest,weather,1
76.349304,24.0,52.349304,2740.4497,104.33417,pest,weather,1
28.713524,43.000008,14.286484,204.10362,39.8432,pest,weather,1
44.076683,59.0,14.923317,222.70538,28.955757,pest,weather,1
25.966484,54.0,28.033516,785.878,70.11317,pest,weather,1
40.81198,42.0,1.1880188,1.4113886,2.8691955,pest,weather,1
19.44719,110.0,90.55281,8199.812,139.90695,pest,weather,1
88.55864,102.0,13.44136,180.67017,14.107323,pest,weather,1
45.02617,31.0,14.026169,196.73341,36.898266,pest,weather,1
16.277306,87.0,70.722694,5001.6997,136.9569,pest,weather,1
67.36083,20.0,47.360832,2243.0483,108.42578,pest,weather,1
13.380806,24.0,10.619194,112.76728,56.81629,pest,weather,1
27.947067,74.0,46.052933,2120.8726,90.346756,pest,weather,1
50.499817,88.99999,38.500175,1482.2635,55.19746,pest,weather,1
70.18254,126.0,55.81746,3115.5886,56.903595,pest,weather,1
78.67312,84.0,5.3268814,28.375666,6.549184,pest,weather,1
51.023376,152.0,100.97662,10196.278,99.4729,pest,weather,1
102.76992,78.0,24.76992,613.54895,27.404913,pest,weather,1
44.185486,52.0,7.814514,61.06663,16.248842,pest,weather,1
49.829376,83.0,33.170624,1100.2903,49.94471,pest,weather,1
74.419525,103.0,28.580475,816.84357,32.21796,pest,weather,1
93.8392,99.0,5.160797,26.633827,5.3524356,pest,weather,1
80.93729,128.0,47.062714,2214.899,45.049606,pest,weather,1
107.46818,118.0,10.531822,110.91928,9.342181,pest,weather,1
78.038216,52.0,26.038216,677.98865,40.047024,pest,weather,1
19.636452,40.0,20.363548,414.6741,68.29228,pest,weather,1
51.750153,88.99999,37.24984,1387.5505,52.930443,pest,weather,1
75.00043,81.0,5.9995728,35.994873,7.6917386,pest,weather,1
77.484116,75.0,2.4841156,6.1708302,3.2581959,pest,weather,1
63.277,100.0,36.723,1348.5787,44.982452,pest,weather,1
90.77685,64.0,26.776848,716.9996,34.600582,pest,weather,1
30.625198,63.0,32.3748,1048.1278,69.15831,pest,weather,1
34.10727,57.0,22.89273,524.07715,50.25445,pest,weather,1
41.496216,69.0,27.503784,756.4581,49.78231,pest,weather,1
56.51287,82.0,25.48713,649.59375,36.801098,pest,weather,1
65.25899,34.000008,31.25898,977.12384,62.98468,pest,weather,1
32.693535,34.000008,1.3064728,1.7068712,3.917839,pest,weather,1
37.014793,51.0,13.985207,195.586,31.779217,pest,weather,1
35.235474,8.000008,27.235466,741.7706,125.98665,pest,weather,1
6.215042,6.0,0.21504211,0.046243113,3.5209396,pest,weather,1
5.7371216,10.000008,4.262886,18.172197,54.17616,pest,weather,1
13.045662,8.000008,5.0456543,25.458628,47.949574,pest,weather,1
2.6962583,6.0,3.3037417,10.914709,75.98076,pest,weather,1
0.43832377,136.0,135.56168,18376.969,198.71495,pest,weather,1
100.86339,136.0,35.136612,1234.5815,29.668251,pest,weather,1
79.45622,169.0,89.54378,8018.088,72.080124,pest,weather,1
121.66422,71.0,50.664223,2566.8635,52.593292,pest,weather,1
40.418198,132.0,91.5818,8387.227,106.23218,pest,weather,1
103.07853,116.0,12.921471,166.9644,11.7962,pest,weather,1
75.01401,2.9999998,72.01401,5186.017,184.61815,pest,weather,1
24.888947,16.0,8.888947,79.01337,43.47848,pest,weather,1
43.995262,106.0,62.004738,3844.5874,82.67559,pest,weather,1
101.893364,124.0,22.106636,488.70337,19.57263,pest,weather,1
71.27242,127.0,55.727577,3105.5627,56.213142,pest,weather,1
73.06742,225.0,151.93259,23083.512,101.945114,pest,weather,1
182.4298,197.0,14.570206,212.2909,7.680053,pest,weather,1
111.17936,191.0,79.82064,6371.3345,52.829975,pest,weather,1
147.22379,168.0,20.776215,431.6511,13.181883,pest,weather,1
163.74162,214.0,50.258377,2525.9045,26.60992,pest,weather,1
206.98546,152.0,54.98546,3023.4006,30.633808,pest,weather,1
164.2249,136.0,28.2249,796.64496,18.802504,pest,weather,1
165.42284,225.99998,60.57715,3669.5908,30.952284,pest,weather,1
231.31699,241.0,9.683014,93.76076,4.1002183,pest,weather,1
193.08122,162.0,31.081223,966.0424,17.506542,pest,weather,1
131.12024,216.0,84.87976,7204.5737,48.905106,pest,weather,1
189.09323,190.0,0.9067688,0.8222297,0.47838828,pest,weather,1
164.4339,158.0,6.433899,41.395054,3.9908328,pest,weather,1
129.78262,165.0,35.217377,1240.2637,23.893795,pest,weather,1
213.54967,195.0,18.549667,344.09015,9.08074,pest,weather,1
207.84995,232.0,24.150055,583.22516,10.981043,pest,weather,1
181.05667,201.0,19.943329,397.73636,10.439984,pest,weather,1
192.29515,285.0,92.70485,8594.189,38.84592,pest,weather,1
209.60483,237.0,27.395172,750.4955,12.268194,pest,weather,1
211.1227,190.0,21.122696,446.16827,10.531788,pest,weather,1
178.218,183.0,4.7819977,22.867502,2.6477072,pest,weather,1
232.41548,233.0,0.58451843,0.3416618,0.25118136,pest,weather,1
232.66713,186.0,46.66713,2177.821,22.29319,pest,weather,1
187.88693,205.0,17.113068,292.8571,8.711447,pest,weather,1
206.05998,209.0,2.9400177,8.643704,1.4166712,pest,weather,1
198.7243,282.0,83.275696,6934.8413,34.645927,pest,weather,1
208.49464,189.0,19.494644,380.04114,9.808759,pest,weather,1
180.86469,185.0,4.135315,17.10083,2.2605708,pest,weather,1
176.87758,299.0,122.12242,14913.886,51.32514,pest,weather,1
221.91466,304.0,82.08534,6738.0034,31.216223,pest,weather,1
220.74228,288.0,67.25772,4523.601,26.440784,pest,weather,1
260.51022,266.0,5.4897766,30.137648,2.0853448,pest,weather,1
231.44019,222.0,9.440186,89.1171,4.163806,pest,weather,1
179.75935,134.0,45.759354,2093.9185,29.168442,pest,weather,1
167.7189,201.0,33.281097,1107.6315,18.052288,pest,weather,1
192.77228,232.0,39.227722,1538.8142,18.470001,pest,weather,1
224.91812,298.0,73.08188,5340.961,27.95156,pest,weather,1
208.38065,248.0,39.619354,1569.6932,17.362415,pest,weather,1
277.1763,59.0,218.1763,47600.9,129.79874,pest,weather,1
70.46589,35.0,35.46589,1257.8292,67.25566,pest,weather,1
46.56801,32.000008,14.568001,212.22665,37.083797,pest,weather,1
84.50166,25.0,59.501663,3540.448,108.677185,pest,weather,1
103.44667,29.0,74.44667,5542.3066,112.41758,pest,weather,1
41.476646,75.0,33.523354,1123.8152,57.562363,pest,weather,1
90.98171,49.0,41.981712,1762.4641,59.981705,pest,weather,1
28.21978,92.0,63.78022,4067.9165,106.10603,pest,weather,1
41.6575,139.0,97.3425,9475.5625,107.76469,pest,weather,1
82.12053,119.0,36.87947,1360.0953,36.674,pest,weather,1
91.032074,82.0,9.032074,81.57836,10.439769,pest,weather,1
50.085037,217.0,166.91496,27860.605,124.99013,pest,weather,1
179.27856,205.0,25.721436,661.5922,13.386869,pest,weather,1
170.04852,155.0,15.048523,226.45804,9.259247,pest,weather,1
123.02034,244.0,120.97966,14636.078,65.925316,pest,weather,1
213.23338,140.0,73.23338,5363.1284,41.464584,pest,weather,1
117.79948,211.0,93.20052,8686.338,56.691406,pest,weather,1
162.46562,117.0,45.465622,2067.1228,32.53754,pest,weather,1
141.89767,270.0,128.10233,16410.205,62.201042,pest,weather,1
255.9279,282.0,26.072098,679.7543,9.693529,pest,weather,1
219.1432,251.99998,32.85678,1079.5681,13.947683,pest,weather,1
209.25017,166.0,43.250168,1870.577,23.051376,pest,weather,1
167.31834,150.0,17.318344,299.92505,10.915438,pest,weather,1
169.95702,152.0,17.957016,322.45444,11.154915,pest,weather,1
133.20007,160.0,26.799927,718.2361,18.280983,pest,weather,1
173.56636,168.0,5.5663605,30.98437,3.2593143,pest,weather,1
174.53722,139.0,35.537216,1262.8937,22.668577,pest,weather,1
159.84834,165.0,5.151657,26.539572,3.1717308,pest,weather,1
160.94366,87.0,73.943665,5467.6655,59.64554,pest,weather,1
87.26356,123.0,35.736443,1277.0934,33.992046,pest,weather,1
109.90174,46.0,63.90174,4083.4326,81.97695,pest,weather,1
97.859146,42.0,55.859146,3120.2441,79.87915,pest,weather,1
84.60993,58.0,26.609932,708.0885,37.318485,pest,weather,1
74.54044,46.999992,27.540451,758.47644,45.318993,pest,weather,1
62.36773,143.0,80.63227,6501.563,78.524765,pest,weather,1
97.03792,159.0,61.962082,3839.2996,48.400707,pest,weather,1
97.785126,133.0,35.214874,1240.0874,30.517456,pest,weather,1
74.353386,167.0,92.646614,8583.3955,76.77258,pest,weather,1
111.09375,128.0,16.90625,285.8213,14.141943,pest,weather,1
106.28917,256.0,149.71083,22413.332,82.64715,pest,weather,1
212.78307,200.0,12.783066,163.40677,6.1935997,pest,weather,1
187.52026,288.0,100.47974,10096.178,42.260967,pest,weather,1
247.5429,211.0,36.542892,1335.3829,15.938701,pest,weather,1
190.85037,190.0,0.8503723,0.7231331,0.44656503,pest,weather,1
166.13367,101.0,65.13367,4242.3945,48.76485,pest,weather,1
142.8944,128.0,14.894394,221.84297,10.996457,pest,weather,1
194.93166,206.0,11.068344,122.50824,5.521312,pest,weather,1
196.7277,198.0,1.2722931,1.6187297,0.64464337,pest,weather,1
205.31865,203.0,2.3186493,5.3761344,1.1357058,pest,weather,1
184.84991,154.0,30.849915,951.7172,18.208601,pest,weather,1
141.33984,215.0,73.66016,5425.819,41.342644,pest,weather,1
124.309494,143.0,18.690506,349.33502,13.984169,pest,weather,1
128.43036,101.0,27.430359,752.42456,23.911709,pest,weather,1
182.88579,148.0,34.885788,1217.0182,21.086302,pest,weather,1
175.82967,240.0,64.170334,4117.8315,30.863762,pest,weather,1
191.93593,242.0,50.06407,2506.4114,23.074408,pest,weather,1
216.70592,214.0,2.7059174,7.3219886,1.2565035,pest,weather,1
206.73372,130.0,76.73372,5888.0635,45.575314,pest,weather,1
105.32074,122.0,16.67926,278.19772,14.674648,pest,weather,1
85.65329,163.0,77.34671,5982.5137,62.212498,pest,weather,1
196.74225,106.0,90.74225,8234.155,59.94687,pest,weather,1
162.23322,144.0,18.233215,332.45013,11.908059,pest,weather,1
168.32957,106.0,62.329575,3884.9758,45.44138,pest,weather,1
137.62169,96.0,41.62169,1732.365,35.6317,pest,weather,1
97.16955,51.0,46.169548,2131.6272,62.319885,pest,weather,1
50.828064,121.0,70.171936,4924.1006,81.67692,pest,weather,1
102.36838,127.0,24.631622,606.7168,21.477785,pest,weather,1
103.78404,141.0,37.215958,1385.0275,30.407175,pest,weather,1
107.97407,117.0,9.025932,81.46745,8.023975,pest,weather,1
95.969345,120.0,24.030655,577.47235,22.253765,pest,weather,1
85.016685,108.0,22.983315,528.2327,23.814846,pest,weather,1
82.556854,76.0,6.5568542,42.992336,8.270667,pest,weather,1
79.700035,98.0,18.299965,334.8887,20.596466,pest,weather,1
116.571266,75.0,41.571266,1728.1702,43.40032,pest,weather,1
91.0881,44.0,47.088097,2217.2888,69.714645,pest,weather,1
74.39549,135.0,60.604507,3672.9062,57.885204,pest,weather,1
109.57119,123.0,13.42881,180.33295,11.548128,pest,weather,1
83.77856,186.0,102.22144,10449.224,75.78174,pest,weather,1
124.39247,213.0,88.60753,7851.294,52.524902,pest,weather,1
175.80464,144.0,31.804642,1011.5352,19.890045,pest,weather,1
101.37663,149.0,47.623367,2267.985,38.04138,pest,weather,1
130.14038,108.0,22.14038,490.19647,18.594395,pest,weather,1
137.60081,146.0,8.399185,70.54631,5.9232445,pest,weather,1
164.90982,125.0,39.90982,1592.7938,27.532574,pest,weather,1
145.12569,159.0,13.874313,192.49657,9.124066,pest,weather,1
166.78262,166.0,0.7826233,0.61249924,0.47035104,pest,weather,1
146.189,191.0,44.811005,2008.0261,26.579163,pest,weather,1
149.30977,134.0,15.309769,234.38902,10.807796,pest,weather,1
97.15536,190.0,92.84464,8620.128,64.66509,pest,weather,1
163.49274,127.0,36.492737,1331.7198,25.124718,pest,weather,1
136.1877,168.0,31.812302,1012.0225,20.916233,pest,weather,1
176.51152,124.0,52.51152,2757.4597,34.94809,pest,weather,1
169.32826,185.0,15.671738,245.60336,8.845886,pest,weather,1
192.27519,95.0,97.27519,9462.463,67.72265,pest,weather,1
125.48056,178.0,52.51944,2758.2915,34.611404,pest,weather,1
159.4146,143.0,16.414597,269.439,10.85569,pest,weather,1
135.72215,142.0,6.2778473,39.411366,4.520955,pest,weather,1
124.06173,116.0,8.061729,64.99148,6.71638,pest,weather,1
129.70755,173.0,43.29245,1874.2362,28.603481,pest,weather,1
157.30804,147.0,10.308044,106.25578,6.7747436,pest,weather,1
136.47061,106.0,30.470612,928.4582,25.133446,pest,weather,1
121.46004,130.0,8.539963,72.93096,6.7923026,pest,weather,1
152.41635,154.0,1.5836487,2.5079432,1.033658,pest,weather,1
128.57991,84.0,44.57991,1987.3684,41.94179,pest,weather,1
165.21278,210.0,44.787216,2005.8948,23.87297,pest,weather,3
137.44794,131.0,6.447937,41.575893,4.803864,pest,weather,3
152.94218,103.0,49.942184,2494.2217,39.026146,pest,weather,3
181.1822,157.0,24.182205,584.77905,14.301289,pest,weather,3
224.73952,165.0,59.739517,3568.8098,30.656126,pest,weather,3
223.39163,202.0,21.391632,457.60193,10.057383,pest,weather,3
206.99893,218.0,11.001068,121.0235,5.176986,pest,weather,3
191.69229,218.0,26.307709,692.0955,12.842667,pest,weather,3
126.78311,142.0,15.216888,231.5537,11.322801,pest,weather,3
88.90239,161.0,72.09761,5198.0654,57.700615,pest,weather,3
122.42151,170.0,47.57849,2263.713,32.541035,pest,weather,3
189.67654,172.0,17.676544,312.4602,9.77478,pest,weather,3
200.57635,222.0,21.423645,458.97256,10.139539,pest,weather,3
203.98633,186.0,17.986328,323.508,9.224081,pest,weather,3
204.16162,223.0,18.838379,354.88452,8.820258,pest,weather,3
156.35185,163.0,6.6481476,44.197865,4.163525,pest,weather,3
157.51782,109.0,48.517822,2353.979,36.40869,pest,weather,3
162.68057,199.0,36.319427,1319.1008,20.083704,pest,weather,3
162.5474,116.0,46.547394,2166.66,33.421524,pest,weather,3
177.20602,101.0,76.206024,5807.358,54.783882,pest,weather,3
166.70444,119.0,47.704437,2275.7134,33.394257,pest,weather,3
197.13097,55.0,142.13097,20201.21,112.74376,pest,weather,3
150.56943,52.0,98.56943,9715.932,97.31915,pest,weather,3
147.74203,61.0,86.742035,7524.1807,83.109314,pest,weather,3
86.38067,93.0,6.6193314,43.815548,7.380205,pest,weather,3
69.31558,98.0,28.684418,822.79584,34.2878,pest,weather,3
78.58457,98.0,19.415428,376.95886,21.989948,pest,weather,3
72.26889,108.0,35.73111,1276.7122,39.642014,pest,weather,3
72.01821,46.999992,25.018219,625.91125,42.040997,pest,weather,3
81.10545,32.000008,49.105446,2411.3447,86.83125,pest,weather,3
76.045074,48.0,28.045074,786.5262,45.217556,pest,weather,3
89.78285,114.0,24.217148,586.4703,23.767601,pest,weather,3
101.62183,85.0,16.621834,276.28537,17.813387,pest,weather,3
104.37759,105.0,0.62241364,0.38739872,0.594537,pest,weather,3
113.86804,97.0,16.868042,284.53085,15.998671,pest,weather,3
89.047035,118.0,28.952965,838.2742,27.967525,pest,weather,3
74.589905,67.0,7.589905,57.606655,10.720969,pest,weather,3
82.66456,46.999992,35.664566,1271.9613,55.01051,pest,weather,3
99.22445,90.0,9.224449,85.09046,9.749743,pest,weather,3
115.95912,129.0,13.040878,170.06451,10.647391,pest,weather,3
108.85832,90.0,18.858322,355.63632,18.96659,pest,weather,3
113.51845,24.0,89.51845,8013.5527,130.19118,pest,weather,3
109.03119,43.000008,66.03118,4360.1167,86.86531,pest,weather,3
98.32202,59.0,39.32202,1546.2213,49.989216,pest,weather,3
73.03805,54.0,19.038048,362.44727,29.972198,pest,weather,3
85.68932,42.0,43.689323,1908.757,68.430664,pest,weather,3
88.95302,110.0,21.046982,442.97543,21.15774,pest,weather,3
96.3212,102.0,5.6788025,32.2488,5.726874,pest,weather,3
66.624306,31.0,35.624306,1269.0912,72.98245,pest,weather,3
72.67099,87.0,14.32901,205.32053,17.94817,pest,weather,3
72.652565,20.0,52.652565,2772.2925,113.65592,pest,weather,3
64.95631,24.0,40.956306,1677.4191,92.08185,pest,weather,3
72.39393,74.0,1.6060715,2.5794656,2.1941776,pest,weather,3
92.73286,88.99999,3.7328644,13.934277,4.108079,pest,weather,3
91.74636,126.0,34.25364,1173.3118,31.46196,pest,weather,3
72.39897,84.0,11.601028,134.58386,14.835173,pest,weather,3
75.274445,152.0,76.725555,5886.811,67.517975,pest,weather,3
88.27929,78.0,10.279289,105.66379,12.363883,pest,weather,3
74.474045,52.0,22.474045,505.0827,35.53938,pest,weather,3
108.13332,83.0,25.133324,631.68396,26.29926,pest,weather,3
118.9488,103.0,15.948799,254.3642,14.371602,pest,weather,3
136.07356,99.0,37.073563,1374.4491,31.542095,pest,weather,3
105.08115,128.0,22.918854,525.27386,19.665987,pest,weather,3
113.27988,118.0,4.7201233,22.279564,4.0817413,pest,weather,3
89.59046,52.0,37.59046,1413.0428,53.09745,pest,weather,3
82.515945,40.0,42.515945,1807.6056,69.404755,pest,weather,3
103.01585,88.99999,14.015854,196.44415,14.598644,pest,weather,3
101.7062,81.0,20.7062,428.7467,22.666115,pest,weather,3
112.18194,75.0,37.18194,1382.4966,39.728123,pest,weather,3
109.98183,100.0,9.981827,99.63686,9.507324,pest,weather,3
124.76156,64.0,60.76156,3691.967,64.37916,pest,weather,3
87.48015,63.0,24.480148,599.27765,32.53605,pest,weather,3
76.361305,57.0,19.361305,374.86014,29.03587,pest,weather,3
74.81244,69.0,5.812439,33.784447,8.083361,pest,weather,3
77.89815,82.0,4.1018524,16.825193,5.1305814,pest,weather,3
85.666885,34.000008,51.666878,2669.4663,86.351166,pest,weather,3
93.41647,34.000008,59.416466,3530.3164,93.2634,pest,weather,3
97.69443,51.0,46.694427,2180.3696,62.805885,pest,weather,3
75.73263,8.000008,67.73262,4587.708,161.78308,pest,weather,3
66.73299,6.0,60.732986,3688.4956,167.0026,pest,weather,3
66.70976,10.000008,56.709755,3215.9963,147.85536,pest,weather,3
65.68938,8.000008,57.68937,3328.0632,156.57443,pest,weather,3
55.275887,6.0,49.275887,2428.113,160.83289,pest,weather,3
50.33194,136.0,85.66806,7339.0166,91.952095,pest,weather,3
43.707947,136.0,92.29205,8517.823,102.71338,pest,weather,3
38.649857,169.0,130.35014,16991.16,125.54802,pest,weather,3
102.78297,71.0,31.782967,1010.157,36.57777,pest,weather,3
102.356224,132.0,29.643776,878.7535,25.298046,pest,weather,3
123.51774,116.0,7.5177383,56.516388,6.2773957,pest,weather,3
106.073265,2.9999998,103.073265,10624.098,188.99823,pest,weather,3
138.03178,16.0,122.031784,14891.756,158.45013,pest,weather,3
150.0159,106.0,44.0159,1937.3994,34.385284,pest,weather,3
91.25569,124.0,32.74431,1072.1897,30.423641,pest,weather,3
61.67301,127.0,65.32699,4267.615,69.24889,pest,weather,3
35.869453,225.0,189.13055,35770.367,145.00015,pest,weather,3
61.670387,197.0,135.32962,18314.105,104.634796,pest,weather,3
46.59693,191.0,144.40308,20852.248,121.55298,pest,weather,3
121.75164,168.0,46.24836,2138.911,31.922758,pest,weather,3
159.18939,214.0,54.810608,3004.2026,29.374153,pest,weather,3
173.57463,152.0,21.57463,465.4647,13.2532625,pest,weather,3
195.44319,136.0,59.44319,3533.493,35.869312,pest,weather,3
175.9727,225.99998,50.027283,2502.729,24.890886,pest,weather,3
181.01094,241.0,59.98906,3598.6873,28.430098,pest,weather,3
181.71315,162.0,19.71315,388.60828,11.470699,pest,weather,3
166.59601,216.0,49.40399,2440.7544,25.82567,pest,weather,3
172.52763,190.0,17.472366,305.2836,9.639191,pest,weather,3
175.83559,158.0,17.835587,318.10815,10.685252,pest,weather,3
120.012764,165.0,44.987236,2023.8514,31.568579,pest,weather,3
204.54654,195.0,9.546539,91.13641,4.778687,pest,weather,3
191.30345,232.0,40.69655,1656.2091,19.228073,pest,weather,3
177.12169,201.0,23.878311,570.17377,12.62996,pest,weather,3
177.5378,285.0,107.462204,11548.125,46.466347,pest,weather,3
126.21712,237.0,110.78288,12272.847,61.00092,pest,weather,3
132.5356,190.0,57.4644,3302.1575,35.632904,pest,weather,3
131.39359,183.0,51.606415,2663.2222,32.829178,pest,weather,3
187.214,233.0,45.785995,2096.3574,21.791752,pest,weather,3
226.30655,186.0,40.30655,1624.6179,19.551739,pest,weather,3
205.23364,205.0,0.23364258,0.054588854,0.113907084,pest,weather,3
200.79012,209.0,8.209885,67.40221,4.006873,pest,weather,3
208.56813,282.0,73.43187,5392.2393,29.93748,pest,weather,3
179.3298,189.0,9.670197,93.5127,5.250836,pest,weather,3
163.24408,185.0,21.75592,473.32007,12.494639,pest,weather,3
215.1581,299.0,83.8419,7029.465,32.613277,pest,weather,3
190.33244,304.0,113.66756,12920.313,45.988304,pest,weather,3
139.04616,288.0,148.95384,22187.248,69.76006,pest,weather,3
154.35504,266.0,111.64496,12464.597,53.11936,pest,weather,3
188.00064,222.0,33.99936,1155.9564,16.585026,pest,weather,3
172.77171,134.0,38.771713,1503.2457,25.277239,pest,weather,3
193.02065,201.0,7.979355,63.670105,4.050222,pest,weather,3
208.34845,232.0,23.65155,559.3958,10.742198,pest,weather,3
161.97894,298.0,136.02106,18501.729,59.142296,pest,weather,3
159.2779,248.0,88.72211,7871.6123,43.56834,pest,weather,3
170.45227,59.0,111.45227,12421.608,97.14637,pest,weather,3
143.52257,35.0,108.52257,11777.147,121.57854,pest,weather,3
113.015976,32.000008,81.01597,6563.587,111.73384,pest,weather,3
134.45363,25.0,109.45363,11980.097,137.28584,pest,weather,3
179.10837,29.0,150.10837,22532.521,144.25981,pest,weather,3
118.43282,75.0,43.432823,1886.4102,44.907394,pest,weather,3
130.07349,49.0,81.07349,6572.91,90.54773,pest,weather,3
121.62443,92.0,29.624428,877.60675,27.735058,pest,weather,3
83.425896,139.0,55.574104,3088.481,49.970894,pest,weather,3
79.448906,119.0,39.551094,1564.2891,39.86023,pest,weather,3
63.779358,82.0,18.220642,331.9918,24.99756,pest,weather,3
94.80698,217.0,122.19302,14931.135,78.37735,pest,weather,3
105.87726,205.0,99.12274,9825.318,63.7697,pest,weather,3
119.42722,155.0,35.572777,1265.4225,25.925108,pest,weather,3
152.73007,244.0,91.26993,8330.2,46.011097,pest,weather,3
169.72667,140.0,29.72667,883.67487,19.19542,pest,weather,3
120.87616,211.0,90.12384,8122.3066,54.31173,pest,weather,3
115.818474,117.0,1.1815262,1.3960041,1.0149763,pest,weather,3
175.75693,270.0,94.24307,8881.757,42.28451,pest,weather,3
198.81737,282.0,83.18263,6919.35,34.60051,pest,weather,3
218.26205,251.99998,33.73793,1138.2479,14.348566,pest,weather,3
160.94832,166.0,5.0516815,25.519485,3.090202,pest,weather,3
208.03815,150.0,58.038147,3368.4265,32.42009,pest,weather,3
182.37569,152.0,30.375687,922.6823,18.168598,pest,weather,3
179.84149,160.0,19.841492,393.68478,11.676909,pest,weather,3
174.89178,168.0,6.8917847,47.496696,4.0198016,pest,weather,3
185.21881,139.0,46.21881,2136.1785,28.510874,pest,weather,3
202.8455,165.0,37.845505,1432.2822,20.576847,pest,weather,3
160.25465,87.0,73.254654,5366.244,59.25442,pest,weather,3
163.63809,123.0,40.638092,1651.4545,28.354984,pest,weather,3
140.204,46.0,94.203995,8874.393,101.18364,pest,weather,3
144.78497,42.0,102.78497,10564.751,110.05701,pest,weather,3
119.1789,58.0,61.1789,3742.858,69.05891,pest,weather,3
143.55302,46.999992,96.55303,9322.488,101.33981,pest,weather,3
132.45807,143.0,10.541931,111.13231,7.6541095,pest,weather,3
92.804665,159.0,66.195335,4381.8223,52.57674,pest,weather,3
74.05169,133.0,58.94831,3474.9033,56.94067,pest,weather,3
88.09833,167.0,78.90167,6225.474,61.85981,pest,weather,3
71.4145,128.0,56.585503,3201.9192,56.751644,pest,weather,3
97.70963,256.0,158.29037,25055.842,89.503006,pest,weather,3
106.886314,200.0,93.113686,8670.158,60.68285,pest,weather,3
173.73354,288.0,114.266464,13056.825,49.49455,pest,weather,3
193.81355,211.0,17.186447,295.37396,8.491044,pest,weather,3
213.72482,190.0,23.724823,562.86725,11.752968,pest,weather,3
122.75677,101.0,21.756767,473.35693,19.4468,pest,weather,3
129.26729,128.0,1.2672882,1.6060194,0.98519194,pest,weather,3
199.25572,206.0,6.744278,45.485287,3.328406,pest,weather,3
235.62819,198.0,37.62819,1415.8806,17.35505,pest,weather,3
244.81819,203.0,41.81819,1748.7611,18.676414,pest,weather,3
220.5549,154.0,66.5549,4429.5547,35.538128,pest,weather,3
193.68068,215.0,21.31932,454.51343,10.433242,pest,weather,3
94.119514,143.0,48.880486,2389.3018,41.228565,pest,weather,3
118.559555,101.0,17.559555,308.33798,15.995255,pest,weather,3
195.00453,148.0,47.00453,2209.426,27.40753,pest,weather,3
195.73204,240.0,44.26796,1959.6522,20.318892,pest,weather,3
187.63504,242.0,54.36496,2955.5488,25.307507,pest,weather,3
189.46428,214.0,24.53572,602.0016,12.162523,pest,weather,3
185.15749,130.0,55.157486,3042.3481,35.003128,pest,weather,3
125.417625,122.0,3.4176254,11.680163,2.762637,pest,weather,3
108.18776,163.0,54.81224,3004.3818,40.423836,pest,weather,3
195.9405,106.0,89.940506,8089.2944,59.574986,pest,weather,3
175.05098,144.0,31.05098,964.1633,19.46459,pest,weather,3
186.02608,106.0,80.02608,6404.173,54.80749,pest,weather,3
203.99529,96.0,107.995285,11662.981,71.997986,pest,weather,3
180.77678,51.0,129.77678,16842.012,111.984276,pest,weather,3
132.95227,121.0,11.9522705,142.85677,9.413006,pest,weather,3
120.0376,127.0,6.9624023,48.475048,5.636715,pest,weather,3
74.95641,141.0,66.04359,4361.7554,61.163807,pest,weather,3
80.75326,117.0,36.246742,1313.8263,36.658554,pest,weather,3
130.16304,120.0,10.16304,103.287384,8.1251335,pest,weather,3
110.89101,108.0,2.8910065,8.357919,2.641503,pest,weather,3
100.884094,76.0,24.884094,619.21814,28.136045,pest,weather,3
107.76285,98.0,9.762848,95.3132,9.489418,pest,weather,3
145.2631,75.0,70.26311,4936.9043,63.79925,pest,weather,3
149.3237,44.0,105.3237,11093.082,108.96098,pest,weather,3
145.73997,135.0,10.739975,115.34706,7.65119,pest,weather,3
127.20543,123.0,4.205429,17.685635,3.3615808,pest,weather,3
96.55465,186.0,89.44535,8000.4707,63.311893,pest,weather,3
85.28548,213.0,127.71452,16310.999,85.632416,pest,weather,3
106.35329,144.0,37.646713,1417.275,30.074871,pest,weather,3
117.18003,149.0,31.81997,1012.51044,23.908607,pest,weather,3
134.94136,108.0,26.94136,725.8369,22.179312,pest,weather,3
181.07253,146.0,35.072525,1230.082,21.44633,pest,weather,3
205.77777,125.0,80.77777,6525.0483,48.841114,pest,weather,3
224.74536,159.0,65.74536,4322.4526,34.2651,pest,weather,3
185.71681,166.0,19.716812,388.7527,11.211755,pest,weather,3
182.92601,191.0,8.07399,65.189316,4.3184958,pest,weather,3
156.03555,134.0,22.035553,485.56558,15.19507,pest,weather,3
134.8971,190.0,55.102905,3036.33,33.92022,pest,weather,3
136.52899,127.0,9.528992,90.80168,7.2318354,pest,weather,3
148.97978,168.0,19.020218,361.76868,12.000902,pest,weather,3
142.41333,124.0,18.41333,339.05072,13.82313,pest,weather,3
199.73796,185.0,14.737961,217.20749,7.661298,pest,weather,3
183.77545,95.0,88.77545,7881.081,63.68958,pest,weather,3
201.81041,178.0,23.81041,566.9356,12.53805,pest,weather,3
153.45323,143.0,10.453232,109.27006,7.052196,pest,weather,3
179.86758,142.0,37.867584,1433.954,23.529915,pest,weather,3
128.48503,116.0,12.485031,155.876,10.213329,pest,weather,3
178.40503,173.0,5.4050293,29.214342,3.0762389,pest,weather,3
130.32297,147.0,16.677032,278.1234,12.027156,pest,weather,3
151.22298,106.0,45.222977,2045.1177,35.16247,pest,weather,3
145.74059,130.0,15.740585,247.76602,11.416951,pest,weather,3
170.6316,154.0,16.631607,276.61035,10.24645,pest,weather,3
153.63457,84.0,69.63457,4848.973,58.606426,pest,weather,3
234.02202,198.0,36.02202,1297.5858,16.67601,pest,weather_lag3,1
175.36455,232.0,56.635452,3207.5745,27.805782,pest,weather_lag3,1
170.38306,210.0,39.616943,1569.5022,20.830025,pest,weather_lag3,1
185.57814,131.0,54.57814,2978.7734,34.480045,pest,weather_lag3,1
152.15942,103.0,49.159424,2416.649,38.53232,pest,weather_lag3,1
174.5225,157.0,17.522507,307.03824,10.57093,pest,weather_lag3,1
210.59161,165.0,45.591614,2078.5952,24.277227,pest,weather_lag3,1
186.64572,202.0,15.354279,235.75388,7.9014273,pest,weather_lag3,1
169.02283,218.0,48.977173,2398.7634,25.30971,pest,weather_lag3,1
209.56096,218.0,8.439041,71.217415,3.9475262,pest,weather_lag3,1
164.04692,142.0,22.04692,486.0667,14.407542,pest,weather_lag3,1
130.98628,161.0,30.013718,900.82324,20.558308,pest,weather_lag3,1
192.96616,170.0,22.966156,527.44434,12.65471,pest,weather_lag3,1
215.52104,172.0,43.52104,1894.081,22.461252,pest,weather_lag3,1
205.04918,222.0,16.95082,287.33032,7.93858,pest,weather_lag3,1
208.75963,186.0,22.759628,518.0007,11.530879,pest,weather_lag3,1
200.21307,223.0,22.786926,519.244,10.768536,pest,weather_lag3,1
174.52719,163.0,11.527191,132.87613,6.830378,pest,weather_lag3,1
164.0048,109.0,55.004807,3025.5288,40.295853,pest,weather_lag3,1
157.51222,199.0,41.487778,1721.2357,23.274254,pest,weather_lag3,1
185.03423,116.0,69.034225,4765.724,45.8647,pest,weather_lag3,1
186.15988,101.0,85.15988,7252.2056,59.311825,pest,weather_lag3,1
138.74228,119.0,19.74228,389.75757,15.319395,pest,weather_lag3,1
164.00035,55.0,109.00035,11881.076,99.54354,pest,weather_lag3,1
71.42021,52.0,19.420212,377.14462,31.470066,pest,weather_lag3,1
66.764595,61.0,5.764595,33.230556,9.023775,pest,weather_lag3,1
67.57326,93.0,25.426743,646.5192,31.66996,pest,weather_lag3,1
74.44389,98.0,23.556107,554.89014,27.320312,pest,weather_lag3,1
86.34097,98.0,11.659027,135.9329,12.649415,pest,weather_lag3,1
89.94508,108.0,18.054916,325.98,18.24235,pest,weather_lag3,1
90.06909,46.999992,43.0691,1854.9473,62.842907,pest,weather_lag3,1
55.826767,32.000008,23.82676,567.7145,54.25853,pest,weather_lag3,1
52.64528,48.0,4.645279,21.578617,9.230992,pest,weather_lag3,1
67.252846,114.0,46.747154,2185.2964,51.58226,pest,weather_lag3,1
101.08551,85.0,16.08551,258.74365,17.2883,pest,weather_lag3,1
87.5958,105.0,17.404198,302.9061,18.07329,pest,weather_lag3,1
95.44107,97.0,1.5589294,2.430261,1.6201628,pest,weather_lag3,1
84.57493,118.0,33.42507,1117.2355,33.000206,pest,weather_lag3,1
83.737526,67.0,16.737526,280.14478,22.207512,pest,weather_lag3,1
75.97959,46.999992,28.979599,839.81714,47.12912,pest,weather_lag3,1
71.922066,90.0,18.077934,326.8117,22.32918,pest,weather_lag3,1
96.87079,129.0,32.12921,1032.2863,28.449196,pest,weather_lag3,1
112.19128,90.0,22.191277,492.45276,21.950773,pest,weather_lag3,1
94.356865,24.0,70.356865,4950.0884,118.889366,pest,weather_lag3,1
53.23324,43.000008,10.233231,104.71901,21.267557,pest,weather_lag3,1
56.483894,59.0,2.5161057,6.3307877,4.3575006,pest,weather_lag3,1
42.505295,54.0,11.494705,132.12825,23.821917,pest,weather_lag3,1
60.713806,42.0,18.713806,350.20654,36.438736,pest,weather_lag3,1
58.132324,110.0,51.867676,2690.2559,61.69864,pest,weather_lag3,1
98.24978,102.0,3.7502213,14.064159,3.7455432,pest,weather_lag3,1
79.124405,31.0,48.124405,2315.9583,87.40007,pest,weather_lag3,1
34.812103,87.0,52.187897,2723.5767,85.6859,pest,weather_lag3,1
85.4482,20.0,65.4482,4283.4663,124.13336,pest,weather_lag3,1
30.858475,24.0,6.8584747,47.038677,25.00425,pest,weather_lag3,1
36.997795,74.0,37.002205,1369.1632,66.67196,pest,weather_lag3,1
76.756874,88.99999,12.243118,149.89395,14.772381,pest,weather_lag3,1
84.065056,126.0,41.934944,1758.5396,39.92567,pest,weather_lag3,1
97.70593,84.0,13.705933,187.85258,15.085838,pest,weather_lag3,1
75.512375,152.0,76.487625,5850.357,67.23821,pest,weather_lag3,1
110.63053,78.0,32.63053,1064.7516,34.597298,pest,weather_lag3,1
77.59891,52.0,25.598907,655.3041,39.50482,pest,weather_lag3,1
64.42007,83.0,18.579933,345.21393,25.206789,pest,weather_lag3,1
100.94565,103.0,2.0543518,4.220361,2.0146072,pest,weather_lag3,1
106.56144,99.0,7.5614395,57.17537,7.356866,pest,weather_lag3,1
95.56347,128.0,32.43653,1052.1285,29.017738,pest,weather_lag3,1
116.813156,118.0,1.1868439,1.4085984,1.0108836,pest,weather_lag3,1
102.133865,52.0,50.133865,2513.4045,65.05237,pest,weather_lag3,1
54.7016,40.0,14.701599,216.13702,31.04826,pest,weather_lag3,1
68.63993,88.99999,20.360062,414.5321,25.831097,pest,weather_lag3,1
82.89582,81.0,1.8958206,3.5941358,2.313446,pest,weather_lag3,1
88.41534,75.0,13.415337,179.97125,16.4187,pest,weather_lag3,1
81.93333,100.0,18.066673,326.4047,19.860764,pest,weather_lag3,1
102.8816,64.0,38.8816,1511.7788,46.597828,pest,weather_lag3,1
59.100502,63.0,3.899498,15.206084,6.387358,pest,weather_lag3,1
59.697456,57.0,2.6974564,7.276271,4.622991,pest,weather_lag3,1
66.737144,69.0,2.2628555,5.1205153,3.3341727,pest,weather_lag3,1
70.70754,82.0,11.292458,127.5196,14.789651,pest,weather_lag3,1
80.24083,34.000008,46.24082,2138.2136,80.95323,pest,weather_lag3,1
49.85991,34.000008,15.859901,251.53647,37.82475,pest,weather_lag3,1
51.954613,51.0,0.95461273,0.91128546,1.854434,pest,weather_lag3,1
50.12121,8.000008,42.1212,1774.1956,144.94261,pest,weather_lag3,1
23.848663,6.0,17.848663,318.57477,119.5944,pest,weather_lag3,1
33.754517,10.000008,23.754509,564.2767,108.58082,pest,weather_lag3,1
33.121803,8.000008,25.121796,631.1046,122.18234,pest,weather_lag3,1
18.48072,6.0,12.4807205,155.76839,101.96368,pest,weather_lag3,1
20.810913,136.0,115.18909,13268.525,146.91463,pest,weather_lag3,1
104.60536,136.0,31.394638,985.6233,26.096375,pest,weather_lag3,1
109.96713,169.0,59.032867,3484.8794,42.322453,pest,weather_lag3,1
133.27939,71.0,62.27939,3878.7222,60.974716,pest,weather_lag3,1
65.448326,132.0,66.551674,4429.1255,67.411736,pest,weather_lag3,1
89.23628,116.0,26.763718,716.2966,26.080883,pest,weather_lag3,1
97.963005,2.9999998,94.963005,9017.973,188.11447,pest,weather_lag3,1
21.181633,16.0,5.181633,26.849321,27.872002,pest,weather_lag3,1
87.53097,106.0,18.469032,341.10516,19.086384,pest,weather_lag3,1
98.55014,124.0,25.44986,647.6954,22.871124,pest,weather_lag3,1
98.68424,127.0,28.315758,801.78217,25.093252,pest,weather_lag3,1
92.65487,225.0,132.34512,17515.232,83.326355,pest,weather_lag3,1
177.05513,197.0,19.94487,397.79785,10.664134,pest,weather_lag3,1
121.093735,191.0,69.906265,4886.8857,44.798244,pest,weather_lag3,1
152.24835,168.0,15.751648,248.11441,9.837146,pest,weather_lag3,1
188.2945,214.0,25.705505,660.773,12.779448,pest,weather_lag3,1
198.77478,152.0,46.77478,2187.8801,26.66941,pest,weather_lag3,1
161.88478,136.0,25.88478,670.0219,17.379055,pest,weather_lag3,1
160.8201,225.99998,65.179886,4248.4175,33.700363,pest,weather_lag3,1
223.55185,241.0,17.44815,304.43796,7.511821,pest,weather_lag3,1
196.08406,162.0,34.08406,1161.7231,19.036905,pest,weather_lag3,1
146.35237,216.0,69.64763,4850.792,38.441936,pest,weather_lag3,1
191.20769,190.0,1.2076874,1.4585088,0.6336112,pest,weather_lag3,1
164.08351,158.0,6.0835114,37.00911,3.7775989,pest,weather_lag3,1
144.19739,165.0,20.802612,432.7487,13.455878,pest,weather_lag3,1
220.03952,195.0,25.03952,626.9776,12.06609,pest,weather_lag3,1
217.9801,232.0,14.019897,196.55753,6.2313414,pest,weather_lag3,1
186.24193,201.0,14.758072,217.80069,7.622145,pest,weather_lag3,1
190.78593,285.0,94.214066,8876.29,39.603554,pest,weather_lag3,1
220.05229,237.0,16.947708,287.22482,7.416091,pest,weather_lag3,1
184.62512,190.0,5.374878,28.889313,2.8694701,pest,weather_lag3,1
202.74808,183.0,19.748077,389.98657,10.238847,pest,weather_lag3,1
224.24294,233.0,8.757065,76.68619,3.8303773,pest,weather_lag3,1
239.19579,186.0,53.195786,2829.7915,25.021782,pest,weather_lag3,1
189.30983,205.0,15.69017,246.18144,7.958296,pest,weather_lag3,1
197.42908,209.0,11.570923,133.88626,5.6939445,pest,weather_lag3,1
225.55275,282.0,56.44725,3186.292,22.24291,pest,weather_lag3,1
189.83179,189.0,0.8317871,0.6918698,0.4391327,pest,weather_lag3,1
206.15161,185.0,21.151611,447.39066,10.815045,pest,weather_lag3,1
213.10095,299.0,85.89905,7378.6465,33.5477,pest,weather_lag3,1
227.02577,304.0,76.97423,5925.0317,28.990768,pest,weather_lag3,1
261.49326,288.0,26.506744,702.6075,9.647705,pest,weather_lag3,1
246.15262,266.0,19.847382,393.91855,7.7505736,pest,weather_lag3,1
230.41331,222.0,8.413315,70.78387,3.7193046,pest,weather_lag3,1
198.44551,134.0,64.44551,4153.2236,38.770573,pest,weather_lag3,1
194.9799,201.0,6.020096,36.241554,3.0406065,pest,weather_lag3,1
189.8853,232.0,42.1147,1773.648,19.964998,pest,weather_lag3,1
214.61693,298.0,83.38307,6952.737,32.532314,pest,weather_lag3,1
243.38647,248.0,4.6135254,21.284616,1.8777585,pest,weather_lag3,1
245.18207,59.0,186.18207,34663.76,122.41489,pest,weather_lag3,1
73.228966,35.0,38.228966,1461.4539,70.64461,pest,weather_lag3,1
68.986885,32.000008,36.986877,1368.029,73.25085,pest,weather_lag3,1
151.9937,25.0,126.9937,16127.399,143.50082,pest,weather_lag3,1
119.87088,29.0,90.87088,8257.517,122.080124,pest,weather_lag3,1
66.528854,75.0,8.471146,71.76031,11.97091,pest,weather_lag3,1
108.52296,49.0,59.522957,3542.9824,75.57369,pest,weather_lag3,1
72.5446,92.0,19.455399,378.51254,23.647568,pest,weather_lag3,1
66.59859,139.0,72.40141,5241.9644,70.42987,pest,weather_lag3,1
99.38402,119.0,19.615982,384.78674,17.964668,pest,weather_lag3,1
106.378685,82.0,24.378685,594.3203,25.882635,pest,weather_lag3,1
66.17436,217.0,150.82564,22748.373,106.52492,pest,weather_lag3,1
159.2391,205.0,45.760895,2094.0596,25.126844,pest,weather_lag3,1
193.24664,155.0,38.246643,1462.8057,21.965261,pest,weather_lag3,1
123.559586,244.0,120.440414,14505.894,65.53518,pest,weather_lag3,1
204.68336,140.0,64.683365,4183.9375,37.53205,pest,weather_lag3,1
108.5135,211.0,102.4865,10503.483,64.151596,pest,weather_lag3,1
154.91838,117.0,37.91838,1437.8036,27.889528,pest,weather_lag3,1
166.84895,270.0,103.15105,10640.139,47.225044,pest,weather_lag3,1
196.52776,282.0,85.472244,7305.5044,35.723003,pest,weather_lag3,1
206.19255,251.99998,45.807434,2098.321,19.99484,pest,weather_lag3,1
189.55333,166.0,23.55333,554.75934,13.24883,pest,weather_lag3,1
180.17523,150.0,30.175232,910.5446,18.278315,pest,weather_lag3,1
165.7086,152.0,13.708603,187.9258,8.62967,pest,weather_lag3,1
133.02603,160.0,26.973969,727.595,18.41063,pest,weather_lag3,1
161.09111,168.0,6.90889,47.732758,4.19877,pest,weather_lag3,1
186.92436,139.0,47.924362,2296.7444,29.40827,pest,weather_lag3,1
164.57541,165.0,0.42459106,0.18027757,0.25765944,pest,weather_lag3,1
149.46286,87.0,62.46286,3901.609,52.831013,pest,weather_lag3,1
95.70513,123.0,27.294868,745.0098,24.960426,pest,weather_lag3,1
135.44011,46.0,89.44011,7999.533,98.58913,pest,weather_lag3,1
113.87862,42.0,71.87862,5166.5356,92.22383,pest,weather_lag3,1
90.10335,58.0,32.103348,1030.6249,43.35263,pest,weather_lag3,1
86.947205,46.999992,39.947212,1595.7798,59.646206,pest,weather_lag3,1
67.57717,143.0,75.42283,5688.603,71.634384,pest,weather_lag3,1
115.46399,159.0,43.53601,1895.3843,31.724388,pest,weather_lag3,1
128.01268,133.0,4.98732,24.87336,3.8215153,pest,weather_lag3,1
106.800934,167.0,60.199066,3623.9275,43.97287,pest,weather_lag3,1
136.23822,128.0,8.23822,67.86827,6.2354493,pest,weather_lag3,1
112.25193,256.0,143.74808,20663.51,78.07051,pest,weather_lag3,1
182.18394,200.0,17.816055,317.41183,9.323288,pest,weather_lag3,1
211.25127,288.0,76.74873,5890.368,30.745533,pest,weather_lag3,1
202.03067,211.0,8.96933,80.448875,4.3431783,pest,weather_lag3,1
196.30399,190.0,6.3039856,39.740234,3.2637436,pest,weather_lag3,1
150.6214,101.0,49.6214,2462.2832,39.44132,pest,weather_lag3,1
155.43182,128.0,27.431824,752.50494,19.35691,pest,weather_lag3,1
191.3294,206.0,14.670593,215.2263,7.3845997,pest,weather_lag3,1
166.55978,198.0,31.440216,988.4872,17.24832,pest,weather_lag3,1
181.45325,203.0,21.546753,464.26257,11.209037,pest,weather_lag3,1
205.32002,154.0,51.320023,2633.7446,28.565079,pest,weather_lag3,1
151.35954,215.0,63.640457,4050.1077,34.742077,pest,weather_lag3,1
143.50883,143.0,0.50883484,0.2589129,0.3551966,pest,weather_lag3,1
139.54005,101.0,38.540054,1485.3358,32.044605,pest,weather_lag3,1
192.1374,148.0,44.137405,1948.1106,25.952694,pest,weather_lag3,1
169.54976,240.0,70.45024,4963.2363,34.403755,pest,weather_lag3,1
206.19234,242.0,35.807663,1282.1887,15.978704,pest,weather_lag3,1
232.67923,214.0,18.67923,348.91364,8.3636,pest,weather_lag3,1
193.13318,130.0,63.13318,3985.7983,39.07564,pest,weather_lag3,1
132.16556,122.0,10.165558,103.33857,7.999162,pest,weather_lag3,1
105.306694,163.0,57.693306,3328.5176,43.00549,pest,weather_lag3,1
201.92883,106.0,95.92883,9202.341,62.305843,pest,weather_lag3,1
170.65207,144.0,26.65207,710.33276,16.94066,pest,weather_lag3,1
158.84062,106.0,52.840622,2792.1313,39.903713,pest,weather_lag3,1
149.25212,96.0,53.25212,2835.7883,43.42643,pest,weather_lag3,1
123.56255,51.0,72.56255,5265.324,83.136444,pest,weather_lag3,1
75.49132,121.0,45.508682,2071.04,46.321316,pest,weather_lag3,1
110.840256,127.0,16.159744,261.13733,13.588738,pest,weather_lag3,1
125.993385,141.0,15.006615,225.19849,11.241189,pest,weather_lag3,1
132.6769,117.0,15.676895,245.76505,12.557747,pest,weather_lag3,1
122.52914,120.0,2.5291367,6.396532,2.0856352,pest,weather_lag3,1
109.26709,108.0,1.2670898,1.6055167,1.1663891,pest,weather_lag3,1
106.04546,76.0,30.045464,902.72986,33.008747,pest,weather_lag3,1
99.75205,98.0,1.7520523,3.0696874,1.7719688,pest,weather_lag3,1
123.154594,75.0,48.154594,2318.865,48.603054,pest,weather_lag3,1
96.14388,44.0,52.143883,2718.9846,74.41478,pest,weather_lag3,1
71.94245,135.0,63.05755,3976.2544,60.942112,pest,weather_lag3,1
123.23929,123.0,0.23928833,0.057258904,0.19435431,pest,weather_lag3,1
109.978905,186.0,76.021095,5779.207,51.369263,pest,weather_lag3,1
146.51247,213.0,66.48753,4420.5923,36.98761,pest,weather_lag3,1
177.44333,144.0,33.44333,1118.4563,20.808228,pest,weather_lag3,1
113.00721,149.0,35.99279,1295.481,27.474657,pest,weather_lag3,1
141.90219,108.0,33.90219,1149.3585,27.132368,pest,weather_lag3,1
145.36194,146.0,0.6380615,0.4071225,0.4379855,pest,weather_lag3,1
165.4842,125.0,40.484207,1638.9711,27.873606,pest,weather_lag3,1
161.67851,159.0,2.6785126,7.1744294,1.6705282,pest,weather_lag3,1
171.11575,166.0,5.115753,26.17093,3.0350127,pest,weather_lag3,1
165.0415,191.0,25.958496,673.8435,14.581725,pest,weather_lag3,1
153.42052,134.0,19.420517,377.1565,13.51366,pest,weather_lag3,1
122.37892,190.0,67.62108,4572.6104,43.294266,pest,weather_lag3,1
170.65025,127.0,43.650253,1905.3446,29.329893,pest,weather_lag3,1
151.31723,168.0,16.68277,278.31482,10.449026,pest,weather_lag3,1
179.32375,124.0,55.323746,3060.7168,36.478348,pest,weather_lag3,1
178.5074,185.0,6.4925995,42.153847,3.572197,pest,weather_lag3,1
172.96182,95.0,77.96182,6078.046,58.188755,pest,weather_lag3,1
127.82743,178.0,50.17257,2517.2866,32.811035,pest,weather_lag3,1
149.24928,143.0,6.249283,39.053535,4.27668,pest,weather_lag3,1
157.63062,142.0,15.630615,244.31613,10.433256,pest,weather_lag3,1
138.18042,116.0,22.18042,491.97104,17.452501,pest,weather_lag3,1
144.46663,173.0,28.533371,814.15326,17.975668,pest,weather_lag3,1
155.46703,147.0,8.467026,71.69053,5.5986433,pest,weather_lag3,1
154.01263,106.0,48.012634,2305.2131,36.931004,pest,weather_lag3,1
125.77135,130.0,4.228653,17.881506,3.3065886,pest,weather_lag3,1
160.57219,154.0,6.5721893,43.193672,4.1784935,pest,weather_lag3,1
136.46448,84.0,52.464478,2752.5215,47.594498,pest,weather_lag3,1
198.9137,210.0,11.086304,122.90613,5.4223194,pest,weather_lag3,3
165.93364,131.0,34.93364,1220.3591,23.529593,pest,weather_lag3,3
176.42133,103.0,73.421326,5390.691,52.552414,pest,weather_lag3,3
200.74306,157.0,43.743057,1913.4551,24.455015,pest,weather_lag3,3
188.18436,165.0,23.184357,537.5144,13.128756,pest,weather_lag3,3
183.53902,202.0,18.460983,340.8079,9.576714,pest,weather_lag3,3
206.55803,218.0,11.441971,130.9187,5.390062,pest,weather_lag3,3
165.42615,218.0,52.573853,2764.01,27.423197,pest,weather_lag3,3
146.35666,142.0,4.356659,18.980476,3.0217156,pest,weather_lag3,3
133.18655,161.0,27.813446,773.58777,18.908714,pest,weather_lag3,3
154.12558,170.0,15.87442,251.99722,9.795228,pest,weather_lag3,3
182.17024,172.0,10.170242,103.43383,5.743138,pest,weather_lag3,3
214.54617,222.0,7.453827,55.559536,3.414909,pest,weather_lag3,3
197.83049,186.0,11.83049,139.9605,6.1644344,pest,weather_lag3,3
203.47957,223.0,19.520432,381.04724,9.154217,pest,weather_lag3,3
167.29485,163.0,4.2948456,18.445698,2.600613,pest,weather_lag3,3
150.10709,109.0,41.107086,1689.7925,31.729805,pest,weather_lag3,3
193.13957,199.0,5.860428,34.344616,2.9889498,pest,weather_lag3,3
221.72581,116.0,105.725815,11177.948,62.610443,pest,weather_lag3,3
163.8999,101.0,62.899902,3956.3977,47.489563,pest,weather_lag3,3
166.66928,119.0,47.66928,2272.3604,33.373753,pest,weather_lag3,3
173.32831,55.0,118.32831,14001.589,103.64752,pest,weather_lag3,3
109.215675,52.0,57.215675,3273.6335,70.98029,pest,weather_lag3,3
131.8003,61.0,70.80029,5012.6816,73.444176,pest,weather_lag3,3
83.76787,93.0,9.232132,85.23226,10.445487,pest,weather_lag3,3
73.63017,98.0,24.369827,593.8885,28.39807,pest,weather_lag3,3
76.671906,98.0,21.328094,454.8876,24.42075,pest,weather_lag3,3
87.370476,108.0,20.629524,425.57727,21.118364,pest,weather_lag3,3
66.0083,46.999992,19.008308,361.3158,33.640556,pest,weather_lag3,3
71.20484,32.000008,39.204834,1537.019,75.97479,pest,weather_lag3,3
76.554,48.0,28.554,815.331,45.849995,pest,weather_lag3,3
85.22235,114.0,28.777649,828.1531,28.88998,pest,weather_lag3,3
83.597374,85.0,1.402626,1.9673598,1.6638765,pest,weather_lag3,3
79.5197,105.0,25.4803,649.2457,27.617973,pest,weather_lag3,3
112.94247,97.0,15.942467,254.16225,15.187462,pest,weather_lag3,3
85.54991,118.0,32.45009,1053.0083,31.884157,pest,weather_lag3,3
73.107506,67.0,6.107506,37.30163,8.718313,pest,weather_lag3,3
78.547646,46.999992,31.547653,995.2544,50.25607,pest,weather_lag3,3
101.65654,90.0,11.65654,135.87492,12.163988,pest,weather_lag3,3
108.80996,129.0,20.19004,407.63773,16.979979,pest,weather_lag3,3
90.53698,90.0,0.5369797,0.28834718,0.59486943,pest,weather_lag3,3
112.58664,24.0,88.58664,7847.593,129.71494,pest,weather_lag3,3
110.25525,43.000008,67.25524,4523.2676,87.76892,pest,weather_lag3,3
80.859535,59.0,21.859535,477.8393,31.259272,pest,weather_lag3,3
48.745644,54.0,5.2543564,27.608261,10.227891,pest,weather_lag3,3
63.962387,42.0,21.962387,482.34644,41.45318,pest,weather_lag3,3
64.66034,110.0,45.33966,2055.6848,51.917522,pest,weather_lag3,3
75.348625,102.0,26.651375,710.2958,30.055347,pest,weather_lag3,3
50.211693,31.0,19.211693,369.08914,47.312626,pest,weather_lag3,3
85.50861,87.0,1.4913864,2.2242334,1.7290573,pest,weather_lag3,3
69.5039,20.0,49.5039,2450.636,110.61842,pest,weather_lag3,3
61.971794,24.0,37.971794,1441.8572,88.33547,pest,weather_lag3,3
80.49866,74.0,6.498657,42.232544,8.412574,pest,weather_lag3,3
59.52645,88.99999,29.473541,868.68964,39.68794,pest,weather_lag3,3
73.79168,126.0,52.20832,2725.7087,52.262753,pest,weather_lag3,3
73.80673,84.0,10.193268,103.90271,12.9186735,pest,weather_lag3,3
70.81152,152.0,81.18848,6591.569,72.87637,pest,weather_lag3,3
77.093346,78.0,0.90665436,0.82202214,1.1691724,pest,weather_lag3,3
71.26893,52.0,19.268929,371.2916,31.263239,pest,weather_lag3,3
97.87229,83.0,14.872292,221.18506,16.445074,pest,weather_lag3,3
109.259476,103.0,6.2594757,39.181038,5.897947,pest,weather_lag3,3
116.865105,99.0,17.865105,319.16196,16.5521,pest,weather_lag3,3
107.54211,128.0,20.457893,418.5254,17.370901,pest,weather_lag3,3
111.84144,118.0,6.1585617,37.927883,5.358966,pest,weather_lag3,3
84.46294,52.0,32.462936,1053.8423,47.57766,pest,weather_lag3,3
62.46454,40.0,22.464539,504.6555,43.848415,pest,weather_lag3,3
87.18688,88.99999,1.8131104,3.2873693,2.0581675,pest,weather_lag3,3
84.54911,81.0,3.5491104,12.596185,4.287683,pest,weather_lag3,3
93.81394,75.0,18.813942,353.96442,22.28956,pest,weather_lag3,3
95.721504,100.0,4.278496,18.305527,4.3720245,pest,weather_lag3,3
102.56578,64.0,38.56578,1487.3195,46.30697,pest,weather_lag3,3
78.521385,63.0,15.521385,240.91339,21.935038,pest,weather_lag3,3
68.84779,57.0,11.847794,140.37021,18.828766,pest,weather_lag3,3
63.32618,69.0,5.6738205,32.192238,8.575508,pest,weather_lag3,3
70.89391,82.0,11.106087,123.34516,14.527834,pest,weather_lag3,3
71.42565,34.000008,37.425644,1400.6788,70.999115,pest,weather_lag3,3
78.3426,34.000008,44.34259,1966.2653,78.94171,pest,weather_lag3,3
91.07813,51.0,40.078133,1606.2567,56.417038,pest,weather_lag3,3
60.450607,8.000008,52.4506,2751.0654,153.25092,pest,weather_lag3,3
48.38636,6.0,42.38636,1796.6035,155.87128,pest,weather_lag3,3
53.87774,10.000008,43.87773,1925.2552,137.38034,pest,weather_lag3,3
43.440613,8.000008,35.440605,1256.0365,137.79228,pest,weather_lag3,3
36.67521,6.0,30.675209,940.96844,143.76126,pest,weather_lag3,3
31.61293,136.0,104.38707,10896.66,124.557304,pest,weather_lag3,3
29.150894,136.0,106.849106,11416.731,129.39574,pest,weather_lag3,3
25.442284,169.0,143.55771,20608.816,147.661,pest,weather_lag3,3
74.469635,71.0,3.469635,12.038367,4.770253,pest,weather_lag3,3
92.44148,132.0,39.558517,1564.8763,35.25063,pest,weather_lag3,3
100.63767,116.0,15.362328,236.00111,14.182508,pest,weather_lag3,3
84.05197,2.9999998,81.05197,6569.422,186.21513,pest,weather_lag3,3
92.08376,16.0,76.08376,5788.739,140.78667,pest,weather_lag3,3
125.97343,106.0,19.973427,398.93777,17.220446,pest,weather_lag3,3
98.73924,124.0,25.260757,638.1059,22.68191,pest,weather_lag3,3
59.720993,127.0,67.27901,4526.465,72.063675,pest,weather_lag3,3
44.912476,225.0,180.08752,32431.516,133.44142,pest,weather_lag3,3
51.23015,197.0,145.76985,21248.85,117.44734,pest,weather_lag3,3
34.72249,191.0,156.27751,24422.66,138.4687,pest,weather_lag3,3
123.5728,168.0,44.4272,1973.7761,30.47417,pest,weather_lag3,3
148.48563,214.0,65.51437,4292.1333,36.147293,pest,weather_lag3,3
187.21642,152.0,35.216415,1240.1959,20.76339,pest,weather_lag3,3
188.54425,136.0,52.54425,2760.8982,32.38033,pest,weather_lag3,3
194.02477,225.99998,31.97522,1022.4147,15.225399,pest,weather_lag3,3
209.41245,241.0,31.587555,997.7736,14.026058,pest,weather_lag3,3
150.41539,162.0,11.58461,134.20319,7.416158,pest,weather_lag3,3
114.086494,216.0,101.913506,10386.362,61.749577,pest,weather_lag3,3
140.03864,190.0,49.961365,2496.138,30.27607,pest,weather_lag3,3
157.74565,158.0,0.25434875,0.06469329,0.1611099,pest,weather_lag3,3
171.8126,165.0,6.812607,46.411613,4.045339,pest,weather_lag3,3
196.69627,195.0,1.6962738,2.8773448,0.8661169,pest,weather_lag3,3
168.91234,232.0,63.08766,3980.053,31.472048,pest,weather_lag3,3
186.67822,201.0,14.321777,205.11331,7.388487,pest,weather_lag3,3
187.94992,285.0,97.05008,9418.718,41.040318,pest,weather_lag3,3
150.41951,237.0,86.58049,7496.181,44.69599,pest,weather_lag3,3
146.80338,190.0,43.196625,1865.9484,25.650946,pest,weather_lag3,3
136.74431,183.0,46.25569,2139.589,28.932922,pest,weather_lag3,3
199.28027,233.0,33.719727,1137.02,15.600863,pest,weather_lag3,3
157.09392,186.0,28.906082,835.5616,16.850243,pest,weather_lag3,3
200.8542,205.0,4.1457977,17.18764,2.0429986,pest,weather_lag3,3
210.10558,209.0,1.1055756,1.2222973,0.52758807,pest,weather_lag3,3
171.2648,282.0,110.7352,12262.284,48.861153,pest,weather_lag3,3
160.70576,189.0,28.294235,800.5637,16.181738,pest,weather_lag3,3
180.25893,185.0,4.7410736,22.47778,2.596007,pest,weather_lag3,3
185.63435,299.0,113.36565,12851.77,46.783993,pest,weather_lag3,3
157.64943,304.0,146.35057,21418.49,63.40334,pest,weather_lag3,3
170.04144,288.0,117.95856,13914.222,51.505627,pest,weather_lag3,3
162.94019,266.0,103.059814,10621.325,48.053234,pest,weather_lag3,3
169.04451,222.0,52.95549,2804.284,27.084124,pest,weather_lag3,3
120.67079,134.0,13.329208,177.6678,10.467795,pest,weather_lag3,3
177.05473,201.0,23.945267,573.3758,12.667619,pest,weather_lag3,3
178.9137,232.0,53.086304,2818.1558,25.838175,pest,weather_lag3,3
157.04333,298.0,140.95667,19868.781,61.953075,pest,weather_lag3,3
171.39627,248.0,76.60373,5868.1313,36.530476,pest,weather_lag3,3
180.26173,59.0,121.261734,14704.408,101.36325,pest,weather_lag3,3
120.74243,35.0,85.74243,7351.7646,110.107994,pest,weather_lag3,3
167.97992,32.000008,135.97992,18490.54,135.99358,pest,weather_lag3,3
115.25278,25.0,90.25278,8145.564,128.70016,pest,weather_lag3,3
177.50813,29.0,148.50813,22054.666,143.82788,pest,weather_lag3,3
209.44962,75.0,134.44962,18076.7,94.53317,pest,weather_lag3,3
154.99185,49.0,105.99185,11234.272,103.91773,pest,weather_lag3,3
126.43993,92.0,34.439934,1186.109,31.532633,pest,weather_lag3,3
134.10365,139.0,4.896347,23.974215,3.5857062,pest,weather_lag3,3
76.399536,119.0,42.600464,1814.7996,43.603443,pest,weather_lag3,3
84.09104,82.0,2.0910416,4.3724546,2.5179465,pest,weather_lag3,3
112.60267,217.0,104.39733,10898.803,63.34738,pest,weather_lag3,3
120.247986,205.0,84.752014,7182.904,52.115322,pest,weather_lag3,3
116.65116,155.0,38.34884,1470.6334,28.233887,pest,weather_lag3,3
164.57277,244.0,79.42723,6308.685,38.880337,pest,weather_lag3,3
164.00421,140.0,24.004211,576.20215,15.792026,pest,weather_lag3,3
141.951,211.0,69.048996,4767.7637,39.126675,pest,weather_lag3,3
109.39767,117.0,7.602333,57.795467,6.715911,pest,weather_lag3,3
116.75895,270.0,153.24106,23482.822,79.243706,pest,weather_lag3,3
181.95323,282.0,100.04677,10009.355,43.127953,pest,weather_lag3,3
127.87848,251.99998,124.121506,15406.148,65.34801,pest,weather_lag3,3
157.06941,166.0,8.930588,79.7554,5.528588,pest,weather_lag3,3
171.92368,150.0,21.923676,480.64755,13.620419,pest,weather_lag3,3
172.95242,152.0,20.952423,439.00403,12.895687,pest,weather_lag3,3
169.91595,160.0,9.915955,98.32616,6.0112004,pest,weather_lag3,3
207.89499,168.0,39.89499,1591.6101,21.226667,pest,weather_lag3,3
144.96786,139.0,5.967865,35.615414,4.2031975,pest,weather_lag3,3
213.47859,165.0,48.478592,2350.1738,25.617615,pest,weather_lag3,3
159.00864,87.0,72.00864,5185.2437,58.541553,pest,weather_lag3,3
158.09315,123.0,35.093155,1231.5295,24.969057,pest,weather_lag3,3
145.91187,46.0,99.911865,9982.381,104.12265,pest,weather_lag3,3
138.69943,42.0,96.69943,9350.78,107.02794,pest,weather_lag3,3
122.97849,58.0,64.97849,4222.2046,71.807976,pest,weather_lag3,3
132.31,46.999992,85.310005,7277.797,95.153656,pest,weather_lag3,3
104.869026,143.0,38.130974,1453.9712,30.767036,pest,weather_lag3,3
89.1601,159.0,69.8399,4877.6113,56.286163,pest,weather_lag3,3
58.417793,133.0,74.58221,5562.5054,77.9261,pest,weather_lag3,3
91.30559,167.0,75.69441,5729.644,58.608418,pest,weather_lag3,3
81.56253,128.0,46.43747,2156.4385,44.318485,pest,weather_lag3,3
100.92589,256.0,155.07411,24047.98,86.89429,pest,weather_lag3,3
122.9284,200.0,77.0716,5940.0317,47.732933,pest,weather_lag3,3
173.5764,288.0,114.4236,13092.76,49.579483,pest,weather_lag3,3
184.65964,211.0,26.340363,693.8147,13.314657,pest,weather_lag3,3
204.8843,190.0,14.884293,221.54216,7.5385594,pest,weather_lag3,3
155.65997,101.0,54.659973,2987.7126,42.593296,pest,weather_lag3,3
157.54868,128.0,29.548676,873.1242,20.69607,pest,weather_lag3,3
158.11574,206.0,47.884262,2292.9026,26.301674,pest,weather_lag3,3
154.35759,198.0,43.64241,1904.66,24.771658,pest,weather_lag3,3
179.68423,203.0,23.315765,543.62494,12.185381,pest,weather_lag3,3
190.5096,154.0,36.509598,1332.9507,21.195114,pest,weather_lag3,3
195.67603,215.0,19.323975,373.416,9.410812,pest,weather_lag3,3
139.44185,143.0,3.5581512,12.66044,2.519564,pest,weather_lag3,3
129.55064,101.0,28.550644,815.1393,24.767351,pest,weather_lag3,3
193.18102,148.0,45.181015,2041.3241,26.485067,pest,weather_lag3,3
226.79843,240.0,13.201569,174.28142,5.656218,pest,weather_lag3,3
176.88197,242.0,65.11803,4240.3574,31.09135,pest,weather_lag3,3
190.53667,214.0,23.463333,550.528,11.600101,pest,weather_lag3,3
173.97356,130.0,43.973557,1933.6737,28.932487,pest,weather_lag3,3
154.89171,122.0,32.89171,1081.8645,23.757812,pest,weather_lag3,3
105.65598,163.0,57.344017,3288.3362,42.689552,pest,weather_lag3,3
188.34404,106.0,82.34404,6780.541,55.950874,pest,weather_lag3,3
177.06331,144.0,33.06331,1093.1824,20.596132,pest,weather_lag3,3
218.30708,106.0,112.30708,12612.881,69.25972,pest,weather_lag3,3
168.53899,96.0,72.53899,5261.9043,54.841812,pest,weather_lag3,3
163.76083,51.0,112.76083,12715.006,105.01062,pest,weather_lag3,3
138.6826,121.0,17.682602,312.6744,13.618626,pest,weather_lag3,3
122.937706,127.0,4.062294,16.502234,3.2506452,pest,weather_lag3,3
101.77897,141.0,39.22103,1538.2893,32.310074,pest,weather_lag3,3
104.12461,117.0,12.875389,165.77565,11.64537,pest,weather_lag3,3
127.78549,120.0,7.785492,60.613884,6.284058,pest,weather_lag3,3
107.49142,108.0,0.50858307,0.25865674,0.4720216,pest,weather_lag3,3
97.99685,76.0,21.99685,483.86136,25.284191,pest,weather_lag3,3
118.565346,98.0,20.565346,422.93344,18.992277,pest,weather_lag3,3
146.94833,75.0,71.94833,5176.5625,64.83341,pest,weather_lag3,3
131.60376,44.0,87.60376,7674.419,99.77435,pest,weather_lag3,3
133.72733,135.0,1.2726746,1.6197006,0.9471865,pest,weather_lag3,3
108.419334,123.0,14.580666,212.59581,12.601078,pest,weather_lag3,3
69.99011,186.0,116.00989,13458.294,90.63622,pest,weather_lag3,3
85.85253,213.0,127.14747,16166.479,85.09044,pest,weather_lag3,3
86.413666,144.0,57.586334,3316.1858,49.985172,pest,weather_lag3,3
117.77145,149.0,31.228554,975.2226,23.412216,pest,weather_lag3,3
137.114,108.0,29.113998,847.6249,23.755476,pest,weather_lag3,3
175.59752,146.0,29.597519,876.0131,18.406559,pest,weather_lag3,3
200.70894,125.0,75.70894,5731.8433,46.488712,pest,weather_lag3,3
200.54141,159.0,41.541412,1725.689,23.107998,pest,weather_lag3,3
189.0655,166.0,23.065506,532.0176,12.992254,pest,weather_lag3,3
150.20511,191.0,40.79489,1664.2231,23.91224,pest,weather_lag3,3
142.43997,134.0,8.439972,71.23312,6.106188,pest,weather_lag3,3
99.68836,190.0,90.31164,8156.192,62.35089,pest,weather_lag3,3
138.35742,127.0,11.357422,128.99103,8.560094,pest,weather_lag3,3
166.8051,168.0,1.1949005,1.4277872,0.7137887,pest,weather_lag3,3
172.79408,124.0,48.794083,2380.8625,32.880768,pest,weather_lag3,3
191.96649,185.0,6.9664917,48.532005,3.69608,pest,weather_lag3,3
208.02156,95.0,113.02156,12773.873,74.59639,pest,weather_lag3,3
181.7903,178.0,3.7902985,14.366363,2.1069489,pest,weather_lag3,3
180.90761,143.0,37.907608,1436.9867,23.406433,pest,weather_lag3,3
152.35817,142.0,10.35817,107.29168,7.037801,pest,weather_lag3,3
154.06285,116.0,38.06285,1448.7806,28.188143,pest,weather_lag3,3
153.8029,173.0,19.197098,368.52856,11.748425,pest,weather_lag3,3
138.47957,147.0,8.5204315,72.597755,5.9692063,pest,weather_lag3,3
137.42218,106.0,31.42218,987.3534,25.817022,pest,weather_lag3,3
163.51364,130.0,33.51364,1123.1642,22.836172,pest,weather_lag3,3
159.49078,154.0,5.4907837,30.148706,3.5029953,pest,weather_lag3,3
125.197075,84.0,41.197075,1697.199,39.3859,pest,weather_lag3,3
